TCGA_ACC	TCGA-OR-A5JV
B cells naive|CIBERSORT.x	0.00842628041641988
T cells CD8|CIBERSORT.x	0.0859035011916009
T cells CD4 memory resting|CIBERSORT.x	0.19635820825664
NK cells activated|CIBERSORT.x	0.0900457510801961
Monocytes|CIBERSORT.x	0.204426405946228
Macrophages M1|CIBERSORT.x	0.0519898658196223
Macrophages M2|CIBERSORT.x	0.271072422945335
Mast cells activated|CIBERSORT.x	0.0840898342794218
Neutrophils|CIBERSORT.x	0.00768773006453524
B cells naive|CIBERSORT.y	0.00842628041641988
T cells CD8|CIBERSORT.y	0.0859035011916009
T cells CD4 memory resting|CIBERSORT.y	0.19635820825664
NK cells activated|CIBERSORT.y	0.0900457510801961
Monocytes|CIBERSORT.y	0.204426405946228
Macrophages M1|CIBERSORT.y	0.0519898658196223
Macrophages M2|CIBERSORT.y	0.271072422945335
Mast cells activated|CIBERSORT.y	0.0840898342794218
Neutrophils|CIBERSORT.y	0.00768773006453524
aDC|xCell	0.0662347837626385
Adipocytes|xCell	2.56671101253253e-19
Astrocytes|xCell	1.22542150436846e-18
B-cells|xCell	0.0299656942723595
Basophils|xCell	0.0138847844422806
CD4+ memory T-cells|xCell	0.0218635499951412
CD4+ naive T-cells|xCell	0.0263757741772999
CD4+ T-cells|xCell	0.00671538659712403
CD4+ Tcm|xCell	0.0193046312293781
CD4+ Tem|xCell	0.0205703957192331
CD8+ naive T-cells|xCell	7.12715404794755e-20
CD8+ T-cells|xCell	0.0196901505427136
CD8+ Tcm|xCell	0.0497124383582022
CD8+ Tem|xCell	1.75538497140192e-21
cDC|xCell	0.0293152411380486
Class-switched memory B-cells|xCell	0.0437292979279842
CLP|xCell	0.00839455923605999
CMP|xCell	0.000649394163245571
DC|xCell	0.00513815758778323
Endothelial cells|xCell	0.0371720870273611
Epithelial cells|xCell	0.0140206015128171
Erythrocytes|xCell	1.84299989654237e-20
GMP|xCell	0.0117319533500399
HSC|xCell	0.0283525460269978
iDC|xCell	0.00787493412865975
ly Endothelial cells|xCell	0.00934142263009311
Macrophages|xCell	0.0699439547748731
Macrophages M1|xCell	0.0486516230178454
Macrophages M2|xCell	0.0145899867899747
Mast cells|xCell	0.0160967402766457
Megakaryocytes|xCell	2.94334275635892e-05
Memory B-cells|xCell	2.05449485156719e-18
Mesangial cells|xCell	0.0251282744058483
Monocytes|xCell	0.0850530759221964
MSC|xCell	7.33299322367292e-18
mv Endothelial cells|xCell	0.0117435357759351
Neurons|xCell	0.0203416222169471
NK cells|xCell	1.1317606860944e-18
NKT|xCell	0.0196210540872914
Osteoblast|xCell	0.0176243479214775
pDC|xCell	0.00761830294182108
Pericytes|xCell	1.89430574575074e-18
Plasma cells|xCell	3.23323554787309e-19
Preadipocytes|xCell	1.13070654960357e-18
Sebocytes|xCell	0.000317321339787816
Skeletal muscle|xCell	9.0143984589642e-19
Smooth muscle|xCell	0.13812656826116
Th2 cells|xCell	0.0285957913787918
Tregs|xCell	0.0264805836363804
T cells|MCPcounter	0.0779435967935997
CD8 T cells|MCPcounter	0.00858047996795881
Cytotoxic lymphocytes|MCPcounter	0.0476139887988706
B lineage|MCPcounter	0.0731296254015497
NK cells|MCPcounter	0.0139040666362006
Monocytic lineage|MCPcounter	0.195566856963279
Myeloid dendritic cells|MCPcounter	0.0485064876024482
Neutrophils|MCPcounter	0.0873657495646634
Endothelial cells|MCPcounter	0.172391950660523
Fibroblasts|MCPcounter	0.274997197610907
B cells|quanTIseq	0.0228985446026511
Macrophages M1|quanTIseq	0.0466741748688988
Macrophages M2|quanTIseq	0.0860753946258563
Monocytes|quanTIseq	0.0688663114078639
Neutrophils|quanTIseq	0.00812892560471506
NK cells|quanTIseq	0.0212445432694462
T cells CD4|quanTIseq	0.0682642456499739
Tregs|quanTIseq	0.00422497414685416
Dendritic cells|quanTIseq	0.00425720174749344
other|quanTIseq	0.669365684076247
Bcells|EPIC	0.00244620100712571
CAFs|EPIC	0.00813165918482323
CD4_Tcells|EPIC	0.235414658471751
CD8_Tcells|EPIC	1.8902922606526e-08
Endothelial|EPIC	0.0433785486148253
Macrophages|EPIC	0.161053635204086
NKcells|EPIC	2.15095802265387e-09
otherCells|EPIC	0.549575276463508
B_cell|TIMER	0.0927803877754858
T_cell.CD4|TIMER	0.115157522451554
T_cell.CD8|TIMER	0.145018764039141
Neutrophil|TIMER	0.104088736573675
Macrophage|TIMER	0.18913294351824
DC|TIMER	0.353821645641905
B_cells|ConsensusTME	0.0340226790995676
Cytotoxic_cells|ConsensusTME	0.0375098337220284
Dendritic_cells|ConsensusTME	0.0613505829208216
Eosinophils|ConsensusTME	0.066784335522265
Macrophages|ConsensusTME	0.0759607920327786
Mast_cells|ConsensusTME	0.0515404769322793
NK_cells|ConsensusTME	0.0371816882471646
Neutrophils|ConsensusTME	0.0655817566736027
T_cells_CD4|ConsensusTME	0.0501341976647424
T_cells_CD8|ConsensusTME	0.0470842506813476
T_cells_gamma_delta|ConsensusTME	0.0438645605499502
T_regulatory_cells|ConsensusTME	0.0533439830026459
Macrophages_M1|ConsensusTME	0.0706671757517494
Macrophages_M2|ConsensusTME	0.0838805986797187
Endothelial|ConsensusTME	0.067511501859317
Fibroblasts|ConsensusTME	0.0495126013911432
Monocytes|ConsensusTME	0.0795766550103361
Plasma_cells|ConsensusTME	0.0244923302585418
DC|ImmuCellAI	0.0862230552952202
Monocyte|ImmuCellAI	0.119025304592315
Macrophage|ImmuCellAI	0.111527647610122
NK|ImmuCellAI	0.18369259606373
Neutrophil|ImmuCellAI	0.109653233364574
CD4_T|ImmuCellAI	0.0852858481724461
CD8_T|ImmuCellAI	0.0805998125585754
NKT|ImmuCellAI	0.143392689784442
Gamma_delta|ImmuCellAI	0.0178069353327085
CD4_naive|ImmuCellAI	0.00374882849109653
Tr1|ImmuCellAI	0.0131208997188379
nTreg|ImmuCellAI	0.00937207122774133
iTreg|ImmuCellAI	0.00656044985941893
Th1|ImmuCellAI	0.0028116213683224
Th2|ImmuCellAI	0.00374882849109653
Th17|ImmuCellAI	0.000937207122774133
Tfh|ImmuCellAI	0.00749765698219306
CD8_naive|ImmuCellAI	0.00187441424554827
Cytotoxic|ImmuCellAI	0.0056232427366448
Exhausted|ImmuCellAI	0.0028116213683224
MAIT|ImmuCellAI	0.00468603561387067
Monocytes C|ABIS	0.0355932070069456
T CD8 Memory|ABIS	0.0607640937300894
T CD4 Naive|ABIS	0.166953772093353
MAIT|ABIS	0.00727595944340877
T gd Vd2|ABIS	0.000361831496645193
Neutrophils LD|ABIS	0.096357300737035
Basophils LD|ABIS	0.00261541244857667
Monocytes NC+I|ABIS	0.57814380442221
B Memory|ABIS	0.0210412881201281
mDCs|ABIS	0.0267440671433403
pDCs|ABIS	0.00414926335826824