TCGA_ACC	TCGA-OR-A5J5
B cells naive|CIBERSORT.x	0.119658934250304
T cells CD8|CIBERSORT.x	0.0891394540887627
T cells CD4 naive|CIBERSORT.x	0.0288995126461735
T cells CD4 memory resting|CIBERSORT.x	0.331944997429676
NK cells resting|CIBERSORT.x	0.0991502365986022
NK cells activated|CIBERSORT.x	0.0233500826869794
Monocytes|CIBERSORT.x	0.0789605050738927
Macrophages M0|CIBERSORT.x	0.0855923484884973
Macrophages M1|CIBERSORT.x	0.0064255076657441
Macrophages M2|CIBERSORT.x	0.127326994755965
Dendritic cells resting|CIBERSORT.x	0.00428381204077298
Mast cells activated|CIBERSORT.x	0.00526761427463044
B cells naive|CIBERSORT.y	0.119658934250304
T cells CD8|CIBERSORT.y	0.0891394540887627
T cells CD4 naive|CIBERSORT.y	0.0288995126461735
T cells CD4 memory resting|CIBERSORT.y	0.331944997429676
NK cells resting|CIBERSORT.y	0.0991502365986022
NK cells activated|CIBERSORT.y	0.0233500826869794
Monocytes|CIBERSORT.y	0.0789605050738927
Macrophages M0|CIBERSORT.y	0.0855923484884973
Macrophages M1|CIBERSORT.y	0.0064255076657441
Macrophages M2|CIBERSORT.y	0.127326994755965
Dendritic cells resting|CIBERSORT.y	0.00428381204077298
Mast cells activated|CIBERSORT.y	0.00526761427463044
aDC|xCell	0.0325714059272217
Astrocytes|xCell	9.14533275831032e-18
B-cells|xCell	0.0152163564026344
Basophils|xCell	0.13691741856785
CD4+ naive T-cells|xCell	6.44120479020644e-18
CD4+ T-cells|xCell	5.85095993764393e-18
CD4+ Tcm|xCell	0.0492934486821578
CD8+ naive T-cells|xCell	1.80990860699098e-18
CD8+ Tcm|xCell	1.88775815251622e-18
CD8+ Tem|xCell	9.53807219959259e-18
cDC|xCell	0.0219921291011397
Class-switched memory B-cells|xCell	0.0292137564186151
CLP|xCell	1.84156178187846e-19
CMP|xCell	0.0159673810834761
Eosinophils|xCell	9.21085217877346e-20
Epithelial cells|xCell	0.00944854784836
Erythrocytes|xCell	4.45772715195656e-19
Keratinocytes|xCell	6.07310796422912e-20
ly Endothelial cells|xCell	0.00517711354112861
Macrophages|xCell	0.000276097724080974
Macrophages M1|xCell	0.00251636498917092
Macrophages M2|xCell	0.0105377903363133
Mast cells|xCell	0.00354767824097366
Melanocytes|xCell	0.00238900192673816
MEP|xCell	9.24093421062666e-19
Mesangial cells|xCell	0.0396364662581233
Monocytes|xCell	0.00728996335275221
MPP|xCell	7.07775735952505e-19
MSC|xCell	0.351766088188724
mv Endothelial cells|xCell	0.0115643073592218
Myocytes|xCell	7.62313523312659e-22
naive B-cells|xCell	0.00924872349381599
Neurons|xCell	0.0441203954712227
NKT|xCell	0.0485196443318597
pDC|xCell	2.67396464502054e-19
Pericytes|xCell	6.92462019793508e-18
Plasma cells|xCell	0.0167637834605328
pro B-cells|xCell	0.0358254228345851
Sebocytes|xCell	2.76883025981472e-20
Tgd cells|xCell	1.83676387030632e-17
Th1 cells|xCell	0.0417510818234798
Th2 cells|xCell	0.0584496326358224
Tregs|xCell	8.65496372437642e-18
T cells|MCPcounter	0.0964360711658284
CD8 T cells|MCPcounter	0.000614560412308041
Cytotoxic lymphocytes|MCPcounter	0.0363550041271582
B lineage|MCPcounter	0.0987541673754763
NK cells|MCPcounter	0.00860821533055474
Monocytic lineage|MCPcounter	0.103324730439587
Myeloid dendritic cells|MCPcounter	0.0264210716005839
Neutrophils|MCPcounter	0.11249980029407
Endothelial cells|MCPcounter	0.185917949082895
Fibroblasts|MCPcounter	0.331068430171538
B cells|quanTIseq	0.00103280180347645
Macrophages M2|quanTIseq	0.00600332561886751
Monocytes|quanTIseq	0.178022113872042
NK cells|quanTIseq	0.041848598092073
T cells CD4|quanTIseq	0.0731187005924487
T cells CD8|quanTIseq	0.00169246589060078
Tregs|quanTIseq	0.00521100947483484
other|quanTIseq	0.693070984655657
Bcells|EPIC	0.000540538394219357
CAFs|EPIC	0.0030662900240364
CD4_Tcells|EPIC	0.0376952880943497
CD8_Tcells|EPIC	1.04813169966674e-05
Endothelial|EPIC	0.026958273760929
Macrophages|EPIC	0.0145675149165185
NKcells|EPIC	3.93065739944749e-09
otherCells|EPIC	0.917161609562293
B_cell|TIMER	0.0996392635337618
T_cell.CD4|TIMER	0.0954328569281053
T_cell.CD8|TIMER	0.199227461025462
Neutrophil|TIMER	0.103411765580038
Macrophage|TIMER	0.0395933601579944
DC|TIMER	0.462695292774638
B_cells|ConsensusTME	0.0181889867717881
Cytotoxic_cells|ConsensusTME	0.0695707384497089
Dendritic_cells|ConsensusTME	0.0590653681628388
Eosinophils|ConsensusTME	0.0549259603557397
Macrophages|ConsensusTME	0.100712657726798
Mast_cells|ConsensusTME	0.0229871413475759
NK_cells|ConsensusTME	0.0273945675756662
Neutrophils|ConsensusTME	0.03837748156418
T_cells_CD4|ConsensusTME	0.0289713210506685
T_cells_CD8|ConsensusTME	0.0343079528715041
T_cells_gamma_delta|ConsensusTME	0.0311404551718384
T_regulatory_cells|ConsensusTME	0.0333726576441417
Macrophages_M1|ConsensusTME	0.077791335934103
Macrophages_M2|ConsensusTME	0.129131509581564
Endothelial|ConsensusTME	0.117420410872345
Fibroblasts|ConsensusTME	0.0281085840664877
Monocytes|ConsensusTME	0.0918148554312915
Plasma_cells|ConsensusTME	0.0367180154217608
DC|ImmuCellAI	0.137463697967086
Bcell|ImmuCellAI	0.126815101645692
Monocyte|ImmuCellAI	0.0900290416263311
Macrophage|ImmuCellAI	0.0648596321393998
NK|ImmuCellAI	0.153920619554695
Neutrophil|ImmuCellAI	0.125847047434656
CD4_T|ImmuCellAI	0.0600193610842207
CD8_T|ImmuCellAI	0.00968054211035818
NKT|ImmuCellAI	0.108422071636012
Gamma_delta|ImmuCellAI	0.0909970958373669
CD4_naive|ImmuCellAI	0.00290416263310745
Tr1|ImmuCellAI	0.00387221684414327
nTreg|ImmuCellAI	0.00290416263310745
Th1|ImmuCellAI	0.00484027105517909
Th2|ImmuCellAI	0.00290416263310745
Th17|ImmuCellAI	0.00484027105517909
Tfh|ImmuCellAI	0.00677637947725073
CD8_naive|ImmuCellAI	0.000968054211035818
Cytotoxic|ImmuCellAI	0.000968054211035818
MAIT|ImmuCellAI	0.000968054211035818
Monocytes C|ABIS	0.217199686101823
NK|ABIS	0.00218687355184713
T CD8 Memory|ABIS	0.0717056497952595
T CD4 Naive|ABIS	0.232076376930716
B Naive|ABIS	0.0600274474945793
MAIT|ABIS	0.00959546558463535
Neutrophils LD|ABIS	0.134634052001473
T gd non-Vd2|ABIS	0.00191165477151262
Basophils LD|ABIS	0.0071780033249404
Monocytes NC+I|ABIS	0.122732699338359
mDCs|ABIS	0.0145791570123142
pDCs|ABIS	0.125708037504138
Plasmablasts|ABIS	0.000464896588402876