TCGA_ACC	TCGA-OR-A5LK
B cells naive|CIBERSORT.x	0.00969920172886943
Plasma cells|CIBERSORT.x	0.0125326381167425
T cells CD8|CIBERSORT.x	0.261347310852427
T cells CD4 memory resting|CIBERSORT.x	0.0620612106108871
T cells regulatory (Tregs)|CIBERSORT.x	0.00320259575046093
NK cells activated|CIBERSORT.x	0.103053003132968
Monocytes|CIBERSORT.x	0.0528193418766491
Macrophages M1|CIBERSORT.x	0.0321376871698976
Macrophages M2|CIBERSORT.x	0.327023719141012
Dendritic cells resting|CIBERSORT.x	0.103631020694241
Mast cells resting|CIBERSORT.x	0.00733578731996712
Mast cells activated|CIBERSORT.x	0.0251564836058779
B cells naive|CIBERSORT.y	0.00969920172886943
Plasma cells|CIBERSORT.y	0.0125326381167425
T cells CD8|CIBERSORT.y	0.261347310852427
T cells CD4 memory resting|CIBERSORT.y	0.0620612106108871
T cells regulatory (Tregs)|CIBERSORT.y	0.00320259575046093
NK cells activated|CIBERSORT.y	0.103053003132968
Monocytes|CIBERSORT.y	0.0528193418766491
Macrophages M1|CIBERSORT.y	0.0321376871698976
Macrophages M2|CIBERSORT.y	0.327023719141012
Dendritic cells resting|CIBERSORT.y	0.103631020694241
Mast cells resting|CIBERSORT.y	0.00733578731996712
Mast cells activated|CIBERSORT.y	0.0251564836058779
aDC|xCell	0.032243851833766
Adipocytes|xCell	4.28238664957628e-20
B-cells|xCell	0.008298335587641
Basophils|xCell	0.00655308246912208
CD4+ memory T-cells|xCell	0.00777309443000702
CD4+ naive T-cells|xCell	0.00800850713899387
CD4+ Tcm|xCell	3.15163605834364e-19
CD4+ Tem|xCell	0.0126236002476449
CD8+ T-cells|xCell	0.0179574461749742
CD8+ Tcm|xCell	0.0212006709168741
CD8+ Tem|xCell	0.0146417257655465
cDC|xCell	0.174492308548084
Class-switched memory B-cells|xCell	0.00963855892123213
CLP|xCell	3.89474120650474e-21
CMP|xCell	0.0196584161105656
DC|xCell	0.0454625189489183
Endothelial cells|xCell	0.0320040880110608
Epithelial cells|xCell	0.0139903218291578
GMP|xCell	0.0067689009272414
HSC|xCell	0.0260645600217519
iDC|xCell	0.231694234933165
ly Endothelial cells|xCell	0.0111636740798562
Macrophages|xCell	0.00970959692025955
Macrophages M1|xCell	0.00575801312255057
Macrophages M2|xCell	0.00282604662422688
Mast cells|xCell	0.0142501904847792
Memory B-cells|xCell	0.00286691239088411
MEP|xCell	0.00470841271398371
Mesangial cells|xCell	0.00135743565990774
Monocytes|xCell	0.0324670018287672
MPP|xCell	6.51559903340857e-19
MSC|xCell	0.0179341593055814
mv Endothelial cells|xCell	0.00984751910837125
Neurons|xCell	0.00270394049089352
NK cells|xCell	4.20924314579833e-19
NKT|xCell	0.078817702827252
pDC|xCell	0.0208065739463282
Pericytes|xCell	0.023484249877484
Plasma cells|xCell	0.00876839865205859
pro B-cells|xCell	5.0723571427197e-19
Sebocytes|xCell	0.00189382584680855
Smooth muscle|xCell	0.0242152343716796
Th2 cells|xCell	0.0231653001480484
Tregs|xCell	0.0141815887845332
T cells|MCPcounter	0.093101780919664
CD8 T cells|MCPcounter	0.030390265268854
Cytotoxic lymphocytes|MCPcounter	0.0840704510201617
B lineage|MCPcounter	0.136306444323336
NK cells|MCPcounter	0.0165055639217886
Monocytic lineage|MCPcounter	0.134960569903566
Myeloid dendritic cells|MCPcounter	0.138809807444235
Neutrophils|MCPcounter	0.0532393160274531
Endothelial cells|MCPcounter	0.134993022334294
Fibroblasts|MCPcounter	0.177622778836647
B cells|quanTIseq	0.0156503449200994
Macrophages M2|quanTIseq	0.102688981875632
Monocytes|quanTIseq	0.0672714872315002
Neutrophils|quanTIseq	0.012614268276335
NK cells|quanTIseq	0.0154366658862232
T cells CD4|quanTIseq	0.0907699002780777
T cells CD8|quanTIseq	0.0192940248460008
Tregs|quanTIseq	0.00979576310525322
other|quanTIseq	0.666478563580879
Bcells|EPIC	0.00547303483138776
CAFs|EPIC	0.00256937758139623
CD4_Tcells|EPIC	0.053878305382291
CD8_Tcells|EPIC	1.94653427584137e-07
Endothelial|EPIC	0.0552321389302473
Macrophages|EPIC	0.16038443032268
NKcells|EPIC	4.82341807777401e-09
otherCells|EPIC	0.722462513475152
B_cell|TIMER	0.0985841460488433
T_cell.CD4|TIMER	0.107817955671933
T_cell.CD8|TIMER	0.169906425894832
Neutrophil|TIMER	0.0883535387635118
Macrophage|TIMER	0.121666165626014
DC|TIMER	0.413671767994866
B_cells|ConsensusTME	0.040322608196497
Cytotoxic_cells|ConsensusTME	0.0571432209335225
Dendritic_cells|ConsensusTME	0.0615145920984195
Eosinophils|ConsensusTME	0.0575609323854066
Macrophages|ConsensusTME	0.0635730067451911
Mast_cells|ConsensusTME	0.0466802663982553
NK_cells|ConsensusTME	0.0488757255978016
Neutrophils|ConsensusTME	0.0469636972361962
T_cells_CD4|ConsensusTME	0.0534664000932369
T_cells_CD8|ConsensusTME	0.0537985400352283
T_cells_gamma_delta|ConsensusTME	0.0520907481477293
T_regulatory_cells|ConsensusTME	0.0571735787864797
Macrophages_M1|ConsensusTME	0.0597187101775791
Macrophages_M2|ConsensusTME	0.0755314785469902
Endothelial|ConsensusTME	0.0658313165413563
Fibroblasts|ConsensusTME	0.0451724199144615
Monocytes|ConsensusTME	0.0656032954178121
Plasma_cells|ConsensusTME	0.0489794627478366
DC|ImmuCellAI	0.0874418604651163
Bcell|ImmuCellAI	0.0232558139534884
Monocyte|ImmuCellAI	0.115348837209302
Macrophage|ImmuCellAI	0.0855813953488372
NK|ImmuCellAI	0.214883720930233
Neutrophil|ImmuCellAI	0.0316279069767442
CD4_T|ImmuCellAI	0.0772093023255814
CD8_T|ImmuCellAI	0.12
NKT|ImmuCellAI	0.0641860465116279
Gamma_delta|ImmuCellAI	0.109767441860465
CD4_naive|ImmuCellAI	0.00186046511627907
Tr1|ImmuCellAI	0.00837209302325581
nTreg|ImmuCellAI	0.00837209302325581
iTreg|ImmuCellAI	0.00372093023255814
Th1|ImmuCellAI	0.000930232558139535
Th2|ImmuCellAI	0.00372093023255814
Th17|ImmuCellAI	0.00186046511627907
Tfh|ImmuCellAI	0.00837209302325581
CD8_naive|ImmuCellAI	0.00372093023255814
Cytotoxic|ImmuCellAI	0.0111627906976744
Exhausted|ImmuCellAI	0.00837209302325581
MAIT|ImmuCellAI	0.0102325581395349
T CD8 Memory|ABIS	0.153173813335641
T CD4 Naive|ABIS	0.305049543507421
B Naive|ABIS	0.0255289688892735
MAIT|ABIS	0.0227164553675739
Neutrophils LD|ABIS	0.083726364069058
T gd non-Vd2|ABIS	0.00296395655748345
Basophils LD|ABIS	0.00620916446713686
Monocytes NC+I|ABIS	0.159880576348925
mDCs|ABIS	0.136947773787374
pDCs|ABIS	0.00233654969495046
Plasmablasts|ABIS	0.101466833975163