TCGA_ACC	TCGA-OR-A5JM
B cells naive|CIBERSORT.x	0.0341569825740015
Plasma cells|CIBERSORT.x	0.114972588138883
T cells CD8|CIBERSORT.x	0.0767099132337363
T cells CD4 memory resting|CIBERSORT.x	0.0482404639707629
NK cells activated|CIBERSORT.x	0.0561575703160815
Monocytes|CIBERSORT.x	0.0596419457231902
Macrophages M0|CIBERSORT.x	0.106345673105766
Macrophages M2|CIBERSORT.x	0.10606933806507
Dendritic cells activated|CIBERSORT.x	0.255133795690598
Mast cells activated|CIBERSORT.x	0.142571729181911
B cells naive|CIBERSORT.y	0.0341569825740015
Plasma cells|CIBERSORT.y	0.114972588138883
T cells CD8|CIBERSORT.y	0.0767099132337363
T cells CD4 memory resting|CIBERSORT.y	0.0482404639707629
NK cells activated|CIBERSORT.y	0.0561575703160815
Monocytes|CIBERSORT.y	0.0596419457231902
Macrophages M0|CIBERSORT.y	0.106345673105766
Macrophages M2|CIBERSORT.y	0.10606933806507
Dendritic cells activated|CIBERSORT.y	0.255133795690598
Mast cells activated|CIBERSORT.y	0.142571729181911
B-cells|xCell	0.00586259812421611
Basophils|xCell	0.0186182531090879
CD4+ memory T-cells|xCell	0.00256439040060403
CD4+ Tcm|xCell	0.00164609539989464
CD8+ naive T-cells|xCell	1.19315599755565e-19
CD8+ T-cells|xCell	1.5167369545218e-18
Class-switched memory B-cells|xCell	0.00120863241311974
CLP|xCell	0.0108630756699654
CMP|xCell	0.00261361998776576
Endothelial cells|xCell	0.00784869482911059
Epithelial cells|xCell	0.00707237927521266
Erythrocytes|xCell	0.000708005164498289
Fibroblasts|xCell	4.16393851961025e-18
Hepatocytes|xCell	4.17245416993641e-19
HSC|xCell	0.0511250820536083
iDC|xCell	2.11029583105449e-18
Keratinocytes|xCell	0.000168664042996704
ly Endothelial cells|xCell	2.07835291966559e-19
Macrophages|xCell	0.000215959270175172
Macrophages M1|xCell	0.0122853750597115
Macrophages M2|xCell	1.41838468676351e-18
Mast cells|xCell	0.0113174509966782
Melanocytes|xCell	0.00108970999736172
MEP|xCell	0.0146184428176811
Mesangial cells|xCell	0.0887354443577944
Monocytes|xCell	1.3374112606218e-18
MSC|xCell	0.315803462623883
mv Endothelial cells|xCell	0.00078189258516714
Myocytes|xCell	0.005373702244721
naive B-cells|xCell	0.00066439212212826
Neurons|xCell	0.0180249103424543
NKT|xCell	0.00414575871177246
Osteoblast|xCell	0.0371181880268589
pDC|xCell	3.10254934378593e-19
Plasma cells|xCell	0.0117702117842394
pro B-cells|xCell	0.0434070323376918
Sebocytes|xCell	0.000259024572371233
Smooth muscle|xCell	0.100753942169698
Tgd cells|xCell	2.57743022326313e-17
Th1 cells|xCell	0.0113603558288366
Th2 cells|xCell	0.211975253680696
T cells|MCPcounter	0.0995512083113903
Cytotoxic lymphocytes|MCPcounter	0.0177081756355306
B lineage|MCPcounter	0.11932084481752
NK cells|MCPcounter	0.00581195603715426
Monocytic lineage|MCPcounter	0.0342108035877823
Myeloid dendritic cells|MCPcounter	0.0635111173075523
Neutrophils|MCPcounter	0.108250163859795
Endothelial cells|MCPcounter	0.188254185173596
Fibroblasts|MCPcounter	0.363381545269679
B cells|quanTIseq	0.0035430763504985
Macrophages M2|quanTIseq	0.0279634747700462
NK cells|quanTIseq	0.0077079155938592
T cells CD4|quanTIseq	0.112238143847346
Tregs|quanTIseq	0.0533239327218984
Dendritic cells|quanTIseq	0.0400947775627217
other|quanTIseq	0.75512867915363
Bcells|EPIC	0.00216085194057352
CAFs|EPIC	0.00872819912475196
CD4_Tcells|EPIC	0.0819643150404001
CD8_Tcells|EPIC	0.00836383928293569
Endothelial|EPIC	0.00971494639010018
Macrophages|EPIC	0.0155707331028109
NKcells|EPIC	7.19490615633564e-11
otherCells|EPIC	0.873497115046479
B_cell|TIMER	0.106710128305944
T_cell.CD4|TIMER	0.0856046562839672
T_cell.CD8|TIMER	0.20789254775375
Neutrophil|TIMER	0.10645168375881
Macrophage|TIMER	0.0365534639028154
DC|TIMER	0.456787519994713
DC|ImmuCellAI	0.0588235294117647
Bcell|ImmuCellAI	0.125361620057859
Monocyte|ImmuCellAI	0.0491803278688525
Macrophage|ImmuCellAI	0.0405014464802314
NK|ImmuCellAI	0.13404050144648
Neutrophil|ImmuCellAI	0.205400192864031
CD4_T|ImmuCellAI	0.0511089681774349
CD8_T|ImmuCellAI	0.0405014464802314
NKT|ImmuCellAI	0.217936354869817
Gamma_delta|ImmuCellAI	0.0433944069431051
CD4_naive|ImmuCellAI	0.00192864030858245
Tr1|ImmuCellAI	0.00289296046287367
nTreg|ImmuCellAI	0.00578592092574735
iTreg|ImmuCellAI	0.00192864030858245
Th1|ImmuCellAI	0.00289296046287367
Th2|ImmuCellAI	0.00867888138862102
Th17|ImmuCellAI	0.0038572806171649
CD8_naive|ImmuCellAI	0.00289296046287367
MAIT|ImmuCellAI	0.00289296046287367
Monocytes C|ABIS	0.322970123385854
NK|ABIS	0.00430000920089305
T CD8 Memory|ABIS	0.0193406527376412
T CD4 Naive|ABIS	0.217817059957901
T CD8 Naive|ABIS	0.00106467476720802
MAIT|ABIS	0.0244105325814889
Neutrophils LD|ABIS	0.145336555523634
T gd non-Vd2|ABIS	0.013275574257779
Basophils LD|ABIS	0.0159982875072527
Monocytes NC+I|ABIS	0.0424367720262808
B Memory|ABIS	0.0908822905341588
mDCs|ABIS	0.0445022786293298
pDCs|ABIS	0.0574586382302739
Plasmablasts|ABIS	0.000206550660304906