TCGA_ACC	TCGA-OR-A5LT
Plasma cells|CIBERSORT.x	0.00143458538098099
T cells CD8|CIBERSORT.x	0.11198434554602
T cells CD4 naive|CIBERSORT.x	0.0653719221538435
T cells CD4 memory resting|CIBERSORT.x	0.325829933720527
NK cells activated|CIBERSORT.x	0.149072910010279
Monocytes|CIBERSORT.x	0.0652452179120563
Macrophages M0|CIBERSORT.x	0.0573594648391727
Macrophages M1|CIBERSORT.x	0.0141346883080739
Macrophages M2|CIBERSORT.x	0.14826224145065
Dendritic cells resting|CIBERSORT.x	0.00854870496129449
Mast cells resting|CIBERSORT.x	0.0487534084151336
Eosinophils|CIBERSORT.x	0.00400257730196831
Plasma cells|CIBERSORT.y	0.00143458538098099
T cells CD8|CIBERSORT.y	0.11198434554602
T cells CD4 naive|CIBERSORT.y	0.0653719221538435
T cells CD4 memory resting|CIBERSORT.y	0.325829933720527
NK cells activated|CIBERSORT.y	0.149072910010279
Monocytes|CIBERSORT.y	0.0652452179120563
Macrophages M0|CIBERSORT.y	0.0573594648391727
Macrophages M1|CIBERSORT.y	0.0141346883080739
Macrophages M2|CIBERSORT.y	0.14826224145065
Dendritic cells resting|CIBERSORT.y	0.00854870496129449
Mast cells resting|CIBERSORT.y	0.0487534084151336
Eosinophils|CIBERSORT.y	0.00400257730196831
aDC|xCell	0.0509459980266175
Adipocytes|xCell	1.97925306873315e-20
B-cells|xCell	7.72964261780334e-19
Basophils|xCell	0.0883390635054319
CD4+ Tcm|xCell	0.00616000087753327
CD4+ Tem|xCell	2.13256068806357e-18
CD8+ Tcm|xCell	3.47736933488001e-18
CD8+ Tem|xCell	6.73499579344667e-18
cDC|xCell	0.0070405328719438
Chondrocytes|xCell	0.010958905992383
CLP|xCell	0.00418720937158663
CMP|xCell	0.0395760191346228
DC|xCell	1.79360479026336e-20
Endothelial cells|xCell	0.00510832768337844
Eosinophils|xCell	1.33554424737906e-18
Epithelial cells|xCell	0.0117531294798791
Erythrocytes|xCell	2.21688724100051e-18
Fibroblasts|xCell	0.0631961267558793
Hepatocytes|xCell	0.000162150760353132
HSC|xCell	0.00724770754885248
iDC|xCell	0.0142930513134176
Keratinocytes|xCell	2.78293218903169e-19
ly Endothelial cells|xCell	1.05761676640445e-18
Macrophages|xCell	0.00404346834202904
Macrophages M1|xCell	0.00871932741915246
Macrophages M2|xCell	0.00346427026029261
Mast cells|xCell	0.0211774913441608
Megakaryocytes|xCell	0.00246928497214863
Melanocytes|xCell	0.00220653261900812
Memory B-cells|xCell	4.13008629051799e-18
MEP|xCell	0.00628611216594721
Monocytes|xCell	1.63507037465826e-20
naive B-cells|xCell	2.54877010015882e-19
Neurons|xCell	0.0265860858221195
NKT|xCell	0.0657542257903548
Osteoblast|xCell	0.00549395868879484
pDC|xCell	0.000429735717687361
Pericytes|xCell	0.0860583839520462
Plasma cells|xCell	0.0202538991624046
Sebocytes|xCell	8.8196063552429e-22
Smooth muscle|xCell	0.350322387405714
Th1 cells|xCell	0.0194738616992203
Th2 cells|xCell	0.04089985377403
Tregs|xCell	0.0273928975430107
T cells|MCPcounter	0.0618822874182957
CD8 T cells|MCPcounter	0.00265971354276307
Cytotoxic lymphocytes|MCPcounter	0.0712649668936343
B lineage|MCPcounter	0.0460608096180596
NK cells|MCPcounter	0.00557206684635661
Monocytic lineage|MCPcounter	0.163168026740278
Myeloid dendritic cells|MCPcounter	0.0100847679718158
Neutrophils|MCPcounter	0.0776286107642346
Endothelial cells|MCPcounter	0.171178219060525
Fibroblasts|MCPcounter	0.390500531144037
B cells|quanTIseq	0.00347268655566088
Macrophages M2|quanTIseq	0.0724377907963075
Neutrophils|quanTIseq	0.0341679129357059
NK cells|quanTIseq	0.0227976385615684
T cells CD4|quanTIseq	0.10611001598887
Tregs|quanTIseq	0.00566550565074055
other|quanTIseq	0.755348449511147
Bcells|EPIC	0.000768113471299958
CAFs|EPIC	0.00154001509970685
CD4_Tcells|EPIC	0.0870408716683422
CD8_Tcells|EPIC	2.49969156494475e-09
Endothelial|EPIC	0.00953639688278518
Macrophages|EPIC	0.0231583275458387
NKcells|EPIC	3.68959249376496e-11
otherCells|EPIC	0.87795627279544
B_cell|TIMER	0.0945788379038875
T_cell.CD4|TIMER	0.0933564968691106
T_cell.CD8|TIMER	0.19911597348165
Neutrophil|TIMER	0.10478213935016
Macrophage|TIMER	0.0492618876813487
DC|TIMER	0.458904664713843
B_cells|ConsensusTME	0.00124993901968862
Cytotoxic_cells|ConsensusTME	0.060053624930409
Dendritic_cells|ConsensusTME	0.0599920398332351
Eosinophils|ConsensusTME	0.0482780725304559
Macrophages|ConsensusTME	0.082662707902361
Mast_cells|ConsensusTME	0.0482377862767241
NK_cells|ConsensusTME	0.0367002142274252
Neutrophils|ConsensusTME	0.0407261774203515
T_cells_CD4|ConsensusTME	0.0363740619137256
T_cells_CD8|ConsensusTME	0.0389341778765703
T_cells_gamma_delta|ConsensusTME	0.0374811298937825
T_regulatory_cells|ConsensusTME	0.0450875323004405
Macrophages_M1|ConsensusTME	0.0743698496701871
Macrophages_M2|ConsensusTME	0.0983193814404699
Endothelial|ConsensusTME	0.108724858885474
Fibroblasts|ConsensusTME	0.0942446344435244
Monocytes|ConsensusTME	0.0713571634215855
Plasma_cells|ConsensusTME	0.0172066480135899
DC|ImmuCellAI	0.111216730038023
Bcell|ImmuCellAI	0.0456273764258555
Monocyte|ImmuCellAI	0.094106463878327
Macrophage|ImmuCellAI	0.096958174904943
NK|ImmuCellAI	0.153992395437262
Neutrophil|ImmuCellAI	0.0750950570342205
CD4_T|ImmuCellAI	0.0560836501901141
CD8_T|ImmuCellAI	0.0798479087452472
NKT|ImmuCellAI	0.144486692015209
Gamma_delta|ImmuCellAI	0.094106463878327
CD4_naive|ImmuCellAI	0.00190114068441065
Tr1|ImmuCellAI	0.00570342205323194
nTreg|ImmuCellAI	0.00475285171102662
iTreg|ImmuCellAI	0.00285171102661597
Th1|ImmuCellAI	0.00380228136882129
Th2|ImmuCellAI	0.00380228136882129
Th17|ImmuCellAI	0.00475285171102662
Tfh|ImmuCellAI	0.000950570342205323
CD8_naive|ImmuCellAI	0.00950570342205323
Cytotoxic|ImmuCellAI	0.00570342205323194
Exhausted|ImmuCellAI	0.00380228136882129
MAIT|ImmuCellAI	0.000950570342205323
Monocytes C|ABIS	0.68887223348911
NK|ABIS	0.00306410369455956
T CD8 Memory|ABIS	0.0316881227404991
T CD4 Naive|ABIS	0.12399700202804
MAIT|ABIS	0.0122894806454457
Neutrophils LD|ABIS	0.0617229521206243
Basophils LD|ABIS	0.00617229521206243
B Memory|ABIS	0.0395688210916145
pDCs|ABIS	0.0326249889780443