TCGA_ACC	TCGA-OR-A5JL
B cells naive|CIBERSORT.x	0.067302778252702
Plasma cells|CIBERSORT.x	0.0200756469709795
T cells CD8|CIBERSORT.x	0.0674838567756232
T cells CD4 memory resting|CIBERSORT.x	0.136312155449762
NK cells activated|CIBERSORT.x	0.166674769210208
Monocytes|CIBERSORT.x	0.165781249327148
Macrophages M0|CIBERSORT.x	0.00695158077763189
Macrophages M1|CIBERSORT.x	0.0284206214833668
Macrophages M2|CIBERSORT.x	0.329372356672159
Mast cells activated|CIBERSORT.x	0.0108285752744294
Eosinophils|CIBERSORT.x	0.000796409805989697
B cells naive|CIBERSORT.y	0.067302778252702
Plasma cells|CIBERSORT.y	0.0200756469709795
T cells CD8|CIBERSORT.y	0.0674838567756232
T cells CD4 memory resting|CIBERSORT.y	0.136312155449762
NK cells activated|CIBERSORT.y	0.166674769210208
Monocytes|CIBERSORT.y	0.165781249327148
Macrophages M0|CIBERSORT.y	0.00695158077763189
Macrophages M1|CIBERSORT.y	0.0284206214833668
Macrophages M2|CIBERSORT.y	0.329372356672159
Mast cells activated|CIBERSORT.y	0.0108285752744294
Eosinophils|CIBERSORT.y	0.000796409805989697
aDC|xCell	6.92493881635161e-20
Adipocytes|xCell	0.00142326638212432
Astrocytes|xCell	9.19913008251564e-19
B-cells|xCell	2.31788306786959e-19
Basophils|xCell	0.0293308864989374
CD4+ T-cells|xCell	6.6936959030139e-19
CD4+ Tcm|xCell	4.04986099173372e-18
CD8+ naive T-cells|xCell	1.37359814056145e-19
CD8+ T-cells|xCell	1.5428867435528e-18
CD8+ Tcm|xCell	9.09549060353512e-21
CD8+ Tem|xCell	2.87174557526409e-18
cDC|xCell	0.103675797670317
Chondrocytes|xCell	4.31946253638078e-18
Class-switched memory B-cells|xCell	0.015735282816039
CLP|xCell	0.0145497488196058
CMP|xCell	0.00302965743267034
DC|xCell	0.00876929819993885
Endothelial cells|xCell	0.062634358702624
Epithelial cells|xCell	0.0100794781190335
Fibroblasts|xCell	8.71802712389562e-18
GMP|xCell	0.000658083993342621
Hepatocytes|xCell	0.00290501243630049
HSC|xCell	0.0855886098664774
iDC|xCell	0.207213211756352
Keratinocytes|xCell	5.02814027745831e-20
ly Endothelial cells|xCell	0.0148384125218144
Macrophages|xCell	0.0283928154680077
Macrophages M1|xCell	0.0192074753451429
Macrophages M2|xCell	0.02658038027934
Mast cells|xCell	0.000501046259718728
Megakaryocytes|xCell	1.38299510770552e-21
Melanocytes|xCell	0.00366442992599971
MEP|xCell	0.00881236885307083
Mesangial cells|xCell	0.00621654846749783
Monocytes|xCell	0.014332558892846
MSC|xCell	0.0636479286249293
mv Endothelial cells|xCell	0.0293363592188009
Myocytes|xCell	0.00519363302662305
naive B-cells|xCell	3.36342664302074e-18
Neurons|xCell	0.0137106944147656
Neutrophils|xCell	0.00198911995123567
NK cells|xCell	5.0686874674225e-18
NKT|xCell	0.0278081830698833
Osteoblast|xCell	0.0191280904448885
pDC|xCell	0.0153197206569353
Pericytes|xCell	0.000704645308883784
Plasma cells|xCell	0.00552154801002316
Preadipocytes|xCell	0.00255444050900336
pro B-cells|xCell	5.91978272081515e-18
Sebocytes|xCell	0.000427576152008349
Smooth muscle|xCell	0.101388567194251
Tgd cells|xCell	1.1954535891356e-17
Th1 cells|xCell	8.88024147038519e-18
Th2 cells|xCell	0.0451307647105674
T cells|MCPcounter	0.0405755942987877
CD8 T cells|MCPcounter	0.00401950846237418
Cytotoxic lymphocytes|MCPcounter	0.0502764923178553
B lineage|MCPcounter	0.173418304215121
NK cells|MCPcounter	0.0151670494590335
Monocytic lineage|MCPcounter	0.100126633208106
Myeloid dendritic cells|MCPcounter	0.0817018896352716
Neutrophils|MCPcounter	0.098507904999363
Endothelial cells|MCPcounter	0.215870987344321
Fibroblasts|MCPcounter	0.220335636059766
B cells|quanTIseq	0.00611136936703012
Macrophages M2|quanTIseq	0.0391502000297066
Monocytes|quanTIseq	0.112716777015914
NK cells|quanTIseq	0.00491430382238298
T cells CD4|quanTIseq	0.142272719736661
Tregs|quanTIseq	0.00736644148017592
other|quanTIseq	0.687468188548129
Bcells|EPIC	0.00776476869892305
CAFs|EPIC	0.00242596355442453
CD4_Tcells|EPIC	0.138155807775729
CD8_Tcells|EPIC	0.0180274161146808
Endothelial|EPIC	0.0434350780283583
Macrophages|EPIC	0.0540015057117884
NKcells|EPIC	1.20730425298262e-09
otherCells|EPIC	0.736189458908792
B_cell|TIMER	0.0947237485736835
T_cell.CD4|TIMER	0.0924761445949002
T_cell.CD8|TIMER	0.206527009222535
Neutrophil|TIMER	0.107063542065778
Macrophage|TIMER	0.0498687102831826
DC|TIMER	0.449340845259921
B_cells|ConsensusTME	0.0250196341608131
Cytotoxic_cells|ConsensusTME	0.0563942880388625
Dendritic_cells|ConsensusTME	0.0606754685707242
Eosinophils|ConsensusTME	0.0585277820040704
Macrophages|ConsensusTME	0.0802870608353912
Mast_cells|ConsensusTME	0.0393641043309903
NK_cells|ConsensusTME	0.0345145942793929
Neutrophils|ConsensusTME	0.0484697259933889
T_cells_CD4|ConsensusTME	0.0420098563949526
T_cells_CD8|ConsensusTME	0.0394334675592071
T_cells_gamma_delta|ConsensusTME	0.0387988482166947
T_regulatory_cells|ConsensusTME	0.0483299888850347
Macrophages_M1|ConsensusTME	0.0677728515262787
Macrophages_M2|ConsensusTME	0.0914710244058951
Endothelial|ConsensusTME	0.109737055985804
Fibroblasts|ConsensusTME	0.0488404139791925
Monocytes|ConsensusTME	0.0665601911530847
Plasma_cells|ConsensusTME	0.0437936436802225
DC|ImmuCellAI	0.114931237721022
Bcell|ImmuCellAI	0.0736738703339882
Monocyte|ImmuCellAI	0.133595284872299
Macrophage|ImmuCellAI	0.111984282907662
NK|ImmuCellAI	0.193516699410609
Neutrophil|ImmuCellAI	0.105108055009823
CD4_T|ImmuCellAI	0.0225933202357564
CD8_T|ImmuCellAI	0.0304518664047151
NKT|ImmuCellAI	0.113948919449902
Gamma_delta|ImmuCellAI	0.0825147347740668
Tr1|ImmuCellAI	0.00294695481335953
nTreg|ImmuCellAI	0.00196463654223969
iTreg|ImmuCellAI	0.000982318271119843
Th2|ImmuCellAI	0.00196463654223969
Th17|ImmuCellAI	0.00294695481335953
Tfh|ImmuCellAI	0.00196463654223969
CD8_naive|ImmuCellAI	0.000982318271119843
Cytotoxic|ImmuCellAI	0.00196463654223969
MAIT|ImmuCellAI	0.00196463654223969
Monocytes C|ABIS	0.333616497464114
NK|ABIS	0.00249677731275226
T CD8 Memory|ABIS	0.041808990547586
T CD4 Naive|ABIS	0.242727387578057
B Naive|ABIS	0.0159857905034888
MAIT|ABIS	0.0124036902903324
Neutrophils LD|ABIS	0.162531114149184
T gd non-Vd2|ABIS	0.00609491678059438
Basophils LD|ABIS	0.0315438675486902
Monocytes NC+I|ABIS	0.0484920133333255
B Memory|ABIS	2.19737789195113e-05
mDCs|ABIS	0.0455514833076001
pDCs|ABIS	0.0136868306651944
Plasmablasts|ABIS	0.0430386667401621