TCGA_ACC	TCGA-OR-A5LO
B cells memory|CIBERSORT.x	0.0227116532733545
Plasma cells|CIBERSORT.x	0.0141705977625746
T cells CD8|CIBERSORT.x	0.125288929493595
T cells CD4 naive|CIBERSORT.x	0.14721472857816
T cells CD4 memory resting|CIBERSORT.x	0.103238306440743
NK cells resting|CIBERSORT.x	0.0103005012878927
NK cells activated|CIBERSORT.x	0.0891400094654108
Monocytes|CIBERSORT.x	0.0625034161273439
Macrophages M0|CIBERSORT.x	0.13596640314232
Macrophages M1|CIBERSORT.x	0.00876887175153454
Macrophages M2|CIBERSORT.x	0.277069874283665
Mast cells resting|CIBERSORT.x	0.0036267083934066
B cells memory|CIBERSORT.y	0.0227116532733545
Plasma cells|CIBERSORT.y	0.0141705977625746
T cells CD8|CIBERSORT.y	0.125288929493595
T cells CD4 naive|CIBERSORT.y	0.14721472857816
T cells CD4 memory resting|CIBERSORT.y	0.103238306440743
NK cells resting|CIBERSORT.y	0.0103005012878927
NK cells activated|CIBERSORT.y	0.0891400094654108
Monocytes|CIBERSORT.y	0.0625034161273439
Macrophages M0|CIBERSORT.y	0.13596640314232
Macrophages M1|CIBERSORT.y	0.00876887175153454
Macrophages M2|CIBERSORT.y	0.277069874283665
Mast cells resting|CIBERSORT.y	0.0036267083934066
Adipocytes|xCell	6.86108353632267e-19
Basophils|xCell	0.0676475810218567
CD4+ memory T-cells|xCell	2.07254220627449e-18
CD4+ naive T-cells|xCell	9.2585873433884e-18
CD4+ Tcm|xCell	0.0283085224347996
CD8+ naive T-cells|xCell	4.22405471601178e-19
CD8+ T-cells|xCell	1.50986784353944e-17
CD8+ Tcm|xCell	1.85084483844522e-18
cDC|xCell	5.36686277682879e-19
Chondrocytes|xCell	0.0296797782824613
Class-switched memory B-cells|xCell	0.00565613224712713
CLP|xCell	0.0039064154130043
CMP|xCell	0.00314816157162274
Endothelial cells|xCell	0.0296276843924984
Eosinophils|xCell	3.95216580621046e-18
Epithelial cells|xCell	0.00350397895836041
Erythrocytes|xCell	1.68601859543837e-18
Fibroblasts|xCell	0.0546856329069155
HSC|xCell	0.0998210248600072
iDC|xCell	2.64693665975776e-18
Keratinocytes|xCell	1.99123728024646e-19
ly Endothelial cells|xCell	0.00216505282966585
Macrophages M1|xCell	1.01091991726115e-19
Macrophages M2|xCell	1.63047712321512e-18
Melanocytes|xCell	0.0105747846273026
Mesangial cells|xCell	0.0931480143132112
Monocytes|xCell	1.5372976299345e-17
MPP|xCell	5.85222544305762e-19
MSC|xCell	0.261447655121381
mv Endothelial cells|xCell	0.00825831374189803
naive B-cells|xCell	7.19215793733389e-18
Neurons|xCell	0.0986428150828922
Neutrophils|xCell	1.57902389658481e-18
NK cells|xCell	4.08586841454728e-18
NKT|xCell	0.032954570848549
Pericytes|xCell	2.6741372507268e-18
Plasma cells|xCell	0.0249111619347635
Platelets|xCell	3.54805256460263e-18
Preadipocytes|xCell	3.1313873434154e-17
Smooth muscle|xCell	0.114025934991984
Tgd cells|xCell	9.6824270975605e-18
Th1 cells|xCell	1.05484955825966e-18
Th2 cells|xCell	0.0278867844196991
T cells|MCPcounter	0.0402378308468511
CD8 T cells|MCPcounter	0.00195936221001881
Cytotoxic lymphocytes|MCPcounter	0.0624262470951773
B lineage|MCPcounter	0.0802476639664836
NK cells|MCPcounter	0.00676661047162686
Monocytic lineage|MCPcounter	0.0412377282764753
Myeloid dendritic cells|MCPcounter	0.0141734595221826
Neutrophils|MCPcounter	0.1042582884207
Endothelial cells|MCPcounter	0.220067397305156
Fibroblasts|MCPcounter	0.428625411885329
B cells|quanTIseq	0.0195134133685994
Macrophages M2|quanTIseq	0.0320010009256242
Monocytes|quanTIseq	0.051105371843324
NK cells|quanTIseq	0.0218146393438516
T cells CD4|quanTIseq	0.0563521804449399
Tregs|quanTIseq	0.00154978509507847
other|quanTIseq	0.817663608978582
Bcells|EPIC	0.00301039208102208
CAFs|EPIC	0.0171272400027393
CD4_Tcells|EPIC	0.0746267532542312
CD8_Tcells|EPIC	0.00749619182460158
Endothelial|EPIC	0.0387144132547673
Macrophages|EPIC	0.00437092052084001
NKcells|EPIC	1.88803737764356e-09
otherCells|EPIC	0.854654087173761
B_cell|TIMER	0.0961811061618064
T_cell.CD4|TIMER	0.0923452907418886
T_cell.CD8|TIMER	0.203583597043288
Neutrophil|TIMER	0.106115983145455
Macrophage|TIMER	0.0347368019646809
DC|TIMER	0.467037220942881
DC|ImmuCellAI	0.0867888138862102
Bcell|ImmuCellAI	0.128254580520733
Monocyte|ImmuCellAI	0.0973963355834137
NK|ImmuCellAI	0.174541947926712
Neutrophil|ImmuCellAI	0.1099324975892
CD4_T|ImmuCellAI	0.0597878495660559
CD8_T|ImmuCellAI	0.0318225650916104
NKT|ImmuCellAI	0.194792671166827
Gamma_delta|ImmuCellAI	0.0800385728061717
CD4_naive|ImmuCellAI	0.0038572806171649
nTreg|ImmuCellAI	0.00289296046287367
iTreg|ImmuCellAI	0.00192864030858245
Th1|ImmuCellAI	0.000964320154291225
Th2|ImmuCellAI	0.0038572806171649
Th17|ImmuCellAI	0.0135004821600771
Tfh|ImmuCellAI	0.000964320154291225
CD8_naive|ImmuCellAI	0.00289296046287367
Cytotoxic|ImmuCellAI	0.0038572806171649
Exhausted|ImmuCellAI	0.000964320154291225
MAIT|ImmuCellAI	0.000964320154291225
Monocytes C|ABIS	0.590688778449461
NK|ABIS	0.0053307933971902
T CD8 Memory|ABIS	0.0406338574512048
T CD4 Naive|ABIS	0.182813952237935
MAIT|ABIS	0.010830574481323
Neutrophils LD|ABIS	0.0383294799019871
T gd non-Vd2|ABIS	0.00132885772004885
Basophils LD|ABIS	0.0102928863865056
B Memory|ABIS	0.0642153210381989
mDCs|ABIS	0.0235814635869941
pDCs|ABIS	0.0319540353491516