TCGA_ACC	TCGA-OR-A5K8
B cells memory|CIBERSORT.x	0.0162011634059081
Plasma cells|CIBERSORT.x	0.0317509824174786
T cells CD8|CIBERSORT.x	0.26377754709845
T cells CD4 memory resting|CIBERSORT.x	0.317158034379743
NK cells activated|CIBERSORT.x	0.126002891267391
Monocytes|CIBERSORT.x	0.0580604991220358
Macrophages M0|CIBERSORT.x	0.0399534749385666
Macrophages M2|CIBERSORT.x	0.0723985336587223
Dendritic cells resting|CIBERSORT.x	0.00465448380026869
Dendritic cells activated|CIBERSORT.x	0.00835321754108145
Mast cells resting|CIBERSORT.x	0.0616891723703541
B cells memory|CIBERSORT.y	0.0162011634059081
Plasma cells|CIBERSORT.y	0.0317509824174786
T cells CD8|CIBERSORT.y	0.26377754709845
T cells CD4 memory resting|CIBERSORT.y	0.317158034379743
NK cells activated|CIBERSORT.y	0.126002891267391
Monocytes|CIBERSORT.y	0.0580604991220358
Macrophages M0|CIBERSORT.y	0.0399534749385666
Macrophages M2|CIBERSORT.y	0.0723985336587223
Dendritic cells resting|CIBERSORT.y	0.00465448380026869
Dendritic cells activated|CIBERSORT.y	0.00835321754108145
Mast cells resting|CIBERSORT.y	0.0616891723703541
aDC|xCell	0.0356441979416245
Adipocytes|xCell	1.49697063069977e-20
B-cells|xCell	5.72311462972169e-20
Basophils|xCell	0.116777745300967
CD4+ memory T-cells|xCell	2.36647733510471e-19
CD4+ T-cells|xCell	3.92578343677458e-18
CD4+ Tcm|xCell	0.0154918046631592
CD4+ Tem|xCell	1.47926869236951e-18
CD8+ naive T-cells|xCell	1.76320705068843e-19
CD8+ Tcm|xCell	5.10702090313466e-19
CD8+ Tem|xCell	1.83342667851846e-17
cDC|xCell	0.0325076385711131
Chondrocytes|xCell	1.69813963573534e-17
Class-switched memory B-cells|xCell	3.42154070215896e-20
CLP|xCell	0.00511287020635584
CMP|xCell	0.00506537346826326
DC|xCell	0.00335753626073345
Endothelial cells|xCell	0.0476580734470224
Epithelial cells|xCell	0.0129247438553651
Erythrocytes|xCell	2.02152812494273e-19
Fibroblasts|xCell	0.0659739198924905
Hepatocytes|xCell	1.50306893804624e-19
HSC|xCell	0.0196167875675639
iDC|xCell	0.059469224796841
Keratinocytes|xCell	6.20697306594317e-19
ly Endothelial cells|xCell	0.00978849877290605
Macrophages|xCell	0.00934866478559796
Macrophages M1|xCell	0.00512048147477206
Macrophages M2|xCell	0.0122186865763223
Mast cells|xCell	0.00450252805224052
Melanocytes|xCell	0.00348993759375983
MEP|xCell	0.00747245335947804
Mesangial cells|xCell	0.0095575596502548
Monocytes|xCell	1.92676181140857e-18
MSC|xCell	0.293188577399069
mv Endothelial cells|xCell	0.02670329153032
naive B-cells|xCell	7.52715762322385e-20
Neurons|xCell	0.0193954863722743
NK cells|xCell	9.61237885730209e-18
NKT|xCell	0.0709755062822053
pDC|xCell	1.61713991599283e-18
Pericytes|xCell	0.00313223230815145
Plasma cells|xCell	0.00124164078300804
Preadipocytes|xCell	6.90712651650095e-18
Skeletal muscle|xCell	1.90890854457339e-18
Smooth muscle|xCell	0.0760828813131329
Tgd cells|xCell	3.24683561709594e-18
Th1 cells|xCell	0.0172703510677235
Th2 cells|xCell	0.0109113067072848
T cells|MCPcounter	0.055436460444116
CD8 T cells|MCPcounter	0.0111110520882901
Cytotoxic lymphocytes|MCPcounter	0.0419944753155195
B lineage|MCPcounter	0.0895055253006645
NK cells|MCPcounter	0.00578580433903835
Monocytic lineage|MCPcounter	0.0619676603537859
Myeloid dendritic cells|MCPcounter	0.0514989052742266
Neutrophils|MCPcounter	0.104071157776053
Endothelial cells|MCPcounter	0.196708869102665
Fibroblasts|MCPcounter	0.381920090005641
B cells|quanTIseq	0.00355380688052229
Macrophages M2|quanTIseq	0.0833106463514998
Monocytes|quanTIseq	0.0160959821686309
Neutrophils|quanTIseq	0.0164731662405404
NK cells|quanTIseq	0.0130515743882734
T cells CD4|quanTIseq	0.0992595398929009
Tregs|quanTIseq	0.00436200457129483
Dendritic cells|quanTIseq	0.000151835742374159
other|quanTIseq	0.763741443763963
Bcells|EPIC	0.000104110141082766
CAFs|EPIC	0.00659323844945084
CD4_Tcells|EPIC	0.0943382644802354
CD8_Tcells|EPIC	4.5761417114344e-08
Endothelial|EPIC	0.0243427790031792
Macrophages|EPIC	0.016194051722199
NKcells|EPIC	9.38433892557631e-11
otherCells|EPIC	0.858427510348592
B_cell|TIMER	0.0974580589569069
T_cell.CD4|TIMER	0.0913899500059488
T_cell.CD8|TIMER	0.204459320874941
Neutrophil|TIMER	0.103358572132038
Macrophage|TIMER	0.0569480564712875
DC|TIMER	0.446386041558877
B_cells|ConsensusTME	0.0181021790606674
Cytotoxic_cells|ConsensusTME	0.0756402127929132
Dendritic_cells|ConsensusTME	0.0556317451350808
Eosinophils|ConsensusTME	0.0542395548685362
Macrophages|ConsensusTME	0.0749207856152773
Mast_cells|ConsensusTME	0.0315644784748677
NK_cells|ConsensusTME	0.0443906861431015
Neutrophils|ConsensusTME	0.0465535929010741
T_cells_CD4|ConsensusTME	0.0449170863518879
T_cells_CD8|ConsensusTME	0.0456450273546755
T_cells_gamma_delta|ConsensusTME	0.0458484668068398
T_regulatory_cells|ConsensusTME	0.0477441989617287
Macrophages_M1|ConsensusTME	0.0623933991873057
Macrophages_M2|ConsensusTME	0.0943256370971643
Endothelial|ConsensusTME	0.106085437601305
Fibroblasts|ConsensusTME	0.0599040513775312
Monocytes|ConsensusTME	0.0674244624430753
Plasma_cells|ConsensusTME	0.0246689978269685
DC|ImmuCellAI	0.108986615678776
Bcell|ImmuCellAI	0.0583173996175908
Monocyte|ImmuCellAI	0.111854684512428
Macrophage|ImmuCellAI	0.0889101338432122
NK|ImmuCellAI	0.173996175908222
Neutrophil|ImmuCellAI	0.0478011472275335
CD4_T|ImmuCellAI	0.0468451242829828
CD8_T|ImmuCellAI	0.0736137667304015
NKT|ImmuCellAI	0.0860420650095602
Gamma_delta|ImmuCellAI	0.159655831739962
CD4_naive|ImmuCellAI	0.00286806883365201
Tr1|ImmuCellAI	0.000956022944550669
nTreg|ImmuCellAI	0.00191204588910134
Th1|ImmuCellAI	0.000956022944550669
Th2|ImmuCellAI	0.00382409177820268
Th17|ImmuCellAI	0.00382409177820268
Tfh|ImmuCellAI	0.00286806883365201
CD8_naive|ImmuCellAI	0.00478011472275335
Cytotoxic|ImmuCellAI	0.00956022944550669
Exhausted|ImmuCellAI	0.00382409177820268
MAIT|ImmuCellAI	0.00860420650095602
Monocytes C|ABIS	0.350467297415574
NK|ABIS	0.00201584573325499
T CD8 Memory|ABIS	0.123190572587805
T CD4 Naive|ABIS	0.230570590404983
MAIT|ABIS	6.1463531670814e-05
T gd Vd2|ABIS	0.00113308975856163
Neutrophils LD|ABIS	0.22530040548144
T gd non-Vd2|ABIS	0.00457847315232751
Basophils LD|ABIS	0.00601459854399284
B Memory|ABIS	0.0285907532102179
mDCs|ABIS	0.0104744925355406
pDCs|ABIS	0.0164034505745259
Plasmablasts|ABIS	0.00119896707010591