TCGA_ACC	TCGA-OR-A5JG
B cells memory|CIBERSORT.x	0.0393475730452574
Plasma cells|CIBERSORT.x	0.0117126311338395
T cells CD8|CIBERSORT.x	0.0907076513094887
T cells CD4 naive|CIBERSORT.x	0.0197571635803802
T cells CD4 memory resting|CIBERSORT.x	0.404763967187637
NK cells activated|CIBERSORT.x	0.151176840071684
Monocytes|CIBERSORT.x	0.0706814483102606
Macrophages M1|CIBERSORT.x	0.0324782970850963
Macrophages M2|CIBERSORT.x	0.100171356478856
Dendritic cells resting|CIBERSORT.x	0.00230452996095909
Dendritic cells activated|CIBERSORT.x	0.00598637428988817
Mast cells activated|CIBERSORT.x	0.0499150777430101
Eosinophils|CIBERSORT.x	0.0209970898036436
B cells memory|CIBERSORT.y	0.0393475730452574
Plasma cells|CIBERSORT.y	0.0117126311338395
T cells CD8|CIBERSORT.y	0.0907076513094887
T cells CD4 naive|CIBERSORT.y	0.0197571635803802
T cells CD4 memory resting|CIBERSORT.y	0.404763967187637
NK cells activated|CIBERSORT.y	0.151176840071684
Monocytes|CIBERSORT.y	0.0706814483102606
Macrophages M1|CIBERSORT.y	0.0324782970850963
Macrophages M2|CIBERSORT.y	0.100171356478856
Dendritic cells resting|CIBERSORT.y	0.00230452996095909
Dendritic cells activated|CIBERSORT.y	0.00598637428988817
Mast cells activated|CIBERSORT.y	0.0499150777430101
Eosinophils|CIBERSORT.y	0.0209970898036436
aDC|xCell	0.0609645254006073
B-cells|xCell	0.0255091162045176
Basophils|xCell	0.0728890847164997
CD4+ Tem|xCell	1.34636518372683e-17
CD8+ T-cells|xCell	3.83747513320819e-18
CD8+ Tcm|xCell	1.05251416547182e-17
CD8+ Tem|xCell	6.11478600574449e-18
Chondrocytes|xCell	1.7600985828434e-17
Class-switched memory B-cells|xCell	0.0249222142202725
CLP|xCell	0.0100347725033255
CMP|xCell	0.00729930505602944
DC|xCell	0.00392303981263292
Endothelial cells|xCell	0.0423998632683894
Eosinophils|xCell	1.78865675340412e-19
Epithelial cells|xCell	0.00553363074229204
Erythrocytes|xCell	3.13462019731259e-05
Fibroblasts|xCell	5.13440882419542e-18
GMP|xCell	0.0416484695749154
Hepatocytes|xCell	7.25052599665233e-20
HSC|xCell	0.0383999225141765
iDC|xCell	0.053244505421381
Keratinocytes|xCell	3.08102859895564e-19
ly Endothelial cells|xCell	0.00335361468748187
Macrophages|xCell	0.0177069472409786
Macrophages M1|xCell	0.0082299225055934
Macrophages M2|xCell	0.0135719824325515
Mast cells|xCell	0.010148488851979
Megakaryocytes|xCell	1.56550348150761e-20
Melanocytes|xCell	0.00162956978104516
MEP|xCell	0.0273963212136985
Mesangial cells|xCell	3.11879373037039e-19
Monocytes|xCell	0.000538527900474036
MSC|xCell	0.296104447397831
mv Endothelial cells|xCell	0.0212516955509429
Myocytes|xCell	1.59076690795549e-18
naive B-cells|xCell	1.56893407263694e-19
Neurons|xCell	0.0226378918700779
Neutrophils|xCell	0.00103918828666547
NK cells|xCell	3.00307524903115e-17
NKT|xCell	0.0347250705569819
Osteoblast|xCell	3.73587429807121e-18
pDC|xCell	0.00110550435090137
Pericytes|xCell	2.36035356120276e-17
Plasma cells|xCell	0.00560938550735288
Platelets|xCell	1.74873572141754e-18
Preadipocytes|xCell	2.65092023137052e-18
pro B-cells|xCell	0.00945189045914747
Skeletal muscle|xCell	7.59644110893928e-19
Smooth muscle|xCell	0.0917925151205908
Tgd cells|xCell	3.64842909540309e-18
Th1 cells|xCell	0.0316489466140588
Th2 cells|xCell	0.0152582940346348
Tregs|xCell	3.58698248031333e-18
T cells|MCPcounter	0.0321412643403274
CD8 T cells|MCPcounter	0.00130181340418251
Cytotoxic lymphocytes|MCPcounter	0.0375420443280734
B lineage|MCPcounter	0.123358599845174
NK cells|MCPcounter	0.00315357495639024
Monocytic lineage|MCPcounter	0.0881227171787436
Myeloid dendritic cells|MCPcounter	0.0182539142656103
Neutrophils|MCPcounter	0.0826295668614928
Endothelial cells|MCPcounter	0.221667374190329
Fibroblasts|MCPcounter	0.391829130629677
B cells|quanTIseq	0.011407906920272
Macrophages M2|quanTIseq	0.0586158013828873
Monocytes|quanTIseq	0.0195615877458178
Neutrophils|quanTIseq	0.03095730293879
NK cells|quanTIseq	0.00594423154830971
T cells CD4|quanTIseq	0.0751411584136363
Tregs|quanTIseq	0.00222088813581132
other|quanTIseq	0.796151122914476
Bcells|EPIC	8.6433564413499e-06
CAFs|EPIC	0.00703025375980608
CD4_Tcells|EPIC	0.107837821937388
CD8_Tcells|EPIC	1.93931388820319e-09
Endothelial|EPIC	0.0196510210987303
Macrophages|EPIC	0.014631709190004
NKcells|EPIC	1.21164562873386e-09
otherCells|EPIC	0.850840547506671
B_cell|TIMER	0.096466915915327
T_cell.CD4|TIMER	0.0877584758649223
T_cell.CD8|TIMER	0.200323309812676
Neutrophil|TIMER	0.103877157061222
Macrophage|TIMER	0.0539695977434779
DC|TIMER	0.457604543602375
B_cells|ConsensusTME	0.0108510449293583
Cytotoxic_cells|ConsensusTME	0.0472533456289794
Dendritic_cells|ConsensusTME	0.0677299170264451
Eosinophils|ConsensusTME	0.0690040251054695
Macrophages|ConsensusTME	0.0953264638152207
Mast_cells|ConsensusTME	0.0502334786618315
NK_cells|ConsensusTME	0.0181375927720159
Neutrophils|ConsensusTME	0.0470211570738177
T_cells_CD4|ConsensusTME	0.0287707788285288
T_cells_CD8|ConsensusTME	0.0320253559523471
T_cells_gamma_delta|ConsensusTME	0.0302419251862141
T_regulatory_cells|ConsensusTME	0.020267612555241
Macrophages_M1|ConsensusTME	0.080039669838767
Macrophages_M2|ConsensusTME	0.117719069589166
Endothelial|ConsensusTME	0.123328941335044
Fibroblasts|ConsensusTME	0.079086705137608
Monocytes|ConsensusTME	0.077226705814654
Plasma_cells|ConsensusTME	0.00573621074929151
DC|ImmuCellAI	0.111753371868979
Bcell|ImmuCellAI	0.0973025048169557
Monocyte|ImmuCellAI	0.0973025048169557
Macrophage|ImmuCellAI	0.121387283236994
NK|ImmuCellAI	0.121387283236994
Neutrophil|ImmuCellAI	0.13776493256262
CD4_T|ImmuCellAI	0.0539499036608863
CD8_T|ImmuCellAI	0.0366088631984586
NKT|ImmuCellAI	0.0616570327552987
Gamma_delta|ImmuCellAI	0.124277456647399
CD4_naive|ImmuCellAI	0.00192678227360308
Tr1|ImmuCellAI	0.00289017341040462
nTreg|ImmuCellAI	0.00481695568400771
iTreg|ImmuCellAI	0.00192678227360308
Th1|ImmuCellAI	0.00385356454720617
Th2|ImmuCellAI	0.00674373795761079
Th17|ImmuCellAI	0.00481695568400771
Tfh|ImmuCellAI	0.00385356454720617
CD8_naive|ImmuCellAI	0.000963391136801541
Cytotoxic|ImmuCellAI	0.00192678227360308
Exhausted|ImmuCellAI	0.000963391136801541
MAIT|ImmuCellAI	0.00192678227360308
Monocytes C|ABIS	0.54442249303148
NK|ABIS	0.00371477908535256
T CD8 Memory|ABIS	0.0585011528168349
T CD4 Naive|ABIS	0.161473770218413
MAIT|ABIS	0.00944136252096732
Neutrophils LD|ABIS	0.087619373675893
Basophils LD|ABIS	0.0747367668715825
B Memory|ABIS	0.0263828728389648
mDCs|ABIS	0.01641208812056
pDCs|ABIS	0.0172062214167162
Plasmablasts|ABIS	8.9119403235299e-05