TCGA_ACC	TCGA-OR-A5K4
B cells memory|CIBERSORT.x	0.01845489905353
Plasma cells|CIBERSORT.x	0.00385036201736609
T cells CD8|CIBERSORT.x	0.216704508808342
T cells CD4 naive|CIBERSORT.x	0.122433585156226
T cells CD4 memory resting|CIBERSORT.x	0.00245904291080199
NK cells resting|CIBERSORT.x	0.0225051083538302
NK cells activated|CIBERSORT.x	0.0858313428705414
Monocytes|CIBERSORT.x	0.0715668597530611
Macrophages M1|CIBERSORT.x	0.106081579955502
Macrophages M2|CIBERSORT.x	0.336604779854836
Mast cells resting|CIBERSORT.x	0.0135079312659634
B cells memory|CIBERSORT.y	0.01845489905353
Plasma cells|CIBERSORT.y	0.00385036201736609
T cells CD8|CIBERSORT.y	0.216704508808342
T cells CD4 naive|CIBERSORT.y	0.122433585156226
T cells CD4 memory resting|CIBERSORT.y	0.00245904291080199
NK cells resting|CIBERSORT.y	0.0225051083538302
NK cells activated|CIBERSORT.y	0.0858313428705414
Monocytes|CIBERSORT.y	0.0715668597530611
Macrophages M1|CIBERSORT.y	0.106081579955502
Macrophages M2|CIBERSORT.y	0.336604779854836
Mast cells resting|CIBERSORT.y	0.0135079312659634
aDC|xCell	2.63660706999338e-18
Adipocytes|xCell	9.15155029796577e-20
B-cells|xCell	7.84287728414131e-19
Basophils|xCell	0.0411771368462919
CD4+ memory T-cells|xCell	4.77492849583733e-19
CD4+ T-cells|xCell	1.50833143485448e-18
CD4+ Tcm|xCell	1.53448558690849e-18
CD4+ Tem|xCell	5.57524822035304e-18
CD8+ T-cells|xCell	0.00576038810899371
CD8+ Tcm|xCell	2.43119194071948e-19
CD8+ Tem|xCell	6.19693276748672e-18
cDC|xCell	1.81484936716688e-19
Class-switched memory B-cells|xCell	0.035196179577227
CLP|xCell	0.0159402087195226
DC|xCell	4.41431395940074e-19
Endothelial cells|xCell	0.02025358683942
Epithelial cells|xCell	0.0534609903256196
Fibroblasts|xCell	5.07450787833892e-19
Hepatocytes|xCell	4.6272590228556e-20
HSC|xCell	0.0815973335739321
iDC|xCell	0.00411441992240428
ly Endothelial cells|xCell	0.00520372674112276
Macrophages M1|xCell	0.00260629097273742
Macrophages M2|xCell	0.00435573641078114
Mast cells|xCell	0.0123487784728532
Megakaryocytes|xCell	1.50533622444263e-19
Melanocytes|xCell	2.20234779199035e-19
MEP|xCell	0.0328768265274652
Mesangial cells|xCell	0.0278495082115514
MPP|xCell	8.09921362035759e-18
MSC|xCell	1.54592258347443e-17
mv Endothelial cells|xCell	0.00111324520042821
Myocytes|xCell	0.00704195742159665
Neurons|xCell	0.021777230037914
NKT|xCell	0.10828598098493
Osteoblast|xCell	0.0488036205040205
pDC|xCell	0.000380900421001035
Pericytes|xCell	0.0388738195923606
Plasma cells|xCell	5.29372045586597e-19
Platelets|xCell	1.84963522247179e-18
Preadipocytes|xCell	8.12991455761751e-18
pro B-cells|xCell	3.59198680269995e-18
Sebocytes|xCell	0.000294868466635433
Smooth muscle|xCell	0.295159791040322
Tgd cells|xCell	6.74959328071124e-18
Th1 cells|xCell	5.53046816893033e-18
Th2 cells|xCell	0.135527475080868
T cells|MCPcounter	0.057191481308611
CD8 T cells|MCPcounter	0.00185952461106086
Cytotoxic lymphocytes|MCPcounter	0.0475111599104584
B lineage|MCPcounter	0.0830331265552097
NK cells|MCPcounter	0.0532014941788504
Monocytic lineage|MCPcounter	0.0818579381456207
Myeloid dendritic cells|MCPcounter	0.0988624401187686
Neutrophils|MCPcounter	0.109994608204584
Endothelial cells|MCPcounter	0.206150635784147
Fibroblasts|MCPcounter	0.260337591182689
B cells|quanTIseq	0.0209027316740822
Macrophages M2|quanTIseq	0.0243065845303609
Monocytes|quanTIseq	0.06927029268348
NK cells|quanTIseq	0.0207850828180416
T cells CD4|quanTIseq	0.0774721868300263
Tregs|quanTIseq	4.11726042586226e-05
other|quanTIseq	0.78722194885975
Bcells|EPIC	0.00214366605384656
CAFs|EPIC	0.0014028411323338
CD4_Tcells|EPIC	0.174984052599245
CD8_Tcells|EPIC	1.20627215972716e-07
Endothelial|EPIC	0.0397042721267139
Macrophages|EPIC	0.0120693228609449
NKcells|EPIC	1.56648386611352e-09
otherCells|EPIC	0.769695723033216
B_cell|TIMER	0.0975685350265351
T_cell.CD4|TIMER	0.0935362888304349
T_cell.CD8|TIMER	0.200963702937257
Neutrophil|TIMER	0.103741277777395
Macrophage|TIMER	0.0475153815428706
DC|TIMER	0.456674813885508
DC|ImmuCellAI	0.109375
Bcell|ImmuCellAI	0.123046875
Monocyte|ImmuCellAI	0.0986328125
Macrophage|ImmuCellAI	0.080078125
NK|ImmuCellAI	0.1650390625
Neutrophil|ImmuCellAI	0.07421875
CD8_T|ImmuCellAI	0.0908203125
NKT|ImmuCellAI	0.171875
Gamma_delta|ImmuCellAI	0.0615234375
CD8_naive|ImmuCellAI	0.005859375
Cytotoxic|ImmuCellAI	0.0146484375
Exhausted|ImmuCellAI	0.0009765625
MAIT|ImmuCellAI	0.00390625
Monocytes C|ABIS	0.129479754861701
NK|ABIS	0.0018895010738539
T CD8 Memory|ABIS	0.0534480383440744
T CD4 Naive|ABIS	0.451673563471051
MAIT|ABIS	0.0169377586301644
T gd Vd2|ABIS	0.00290576659166376
Neutrophils LD|ABIS	0.182175003933324
T gd non-Vd2|ABIS	0.000318429862247091
Basophils LD|ABIS	0.00948514483289207
Monocytes NC+I|ABIS	0.0591692368147077
B Memory|ABIS	0.0470493295282345
mDCs|ABIS	0.0138513226131122
pDCs|ABIS	0.0316171494429736