TCGA_ACC	TCGA-OR-A5LG
B cells naive|CIBERSORT.x	0.00144088047306565
B cells memory|CIBERSORT.x	0.00409184200783892
Plasma cells|CIBERSORT.x	0.00749382345072329
T cells CD8|CIBERSORT.x	0.0783711238970179
T cells CD4 memory resting|CIBERSORT.x	0.252774377105159
T cells regulatory (Tregs)|CIBERSORT.x	0.00207103165890111
NK cells activated|CIBERSORT.x	0.090255049082265
Monocytes|CIBERSORT.x	0.0494437716430488
Macrophages M1|CIBERSORT.x	0.00413533833945326
Macrophages M2|CIBERSORT.x	0.46977513602046
Dendritic cells resting|CIBERSORT.x	0.00264705655552136
Mast cells resting|CIBERSORT.x	0.0375005697665463
B cells naive|CIBERSORT.y	0.00144088047306565
B cells memory|CIBERSORT.y	0.00409184200783892
Plasma cells|CIBERSORT.y	0.00749382345072329
T cells CD8|CIBERSORT.y	0.0783711238970179
T cells CD4 memory resting|CIBERSORT.y	0.252774377105159
T cells regulatory (Tregs)|CIBERSORT.y	0.00207103165890111
NK cells activated|CIBERSORT.y	0.090255049082265
Monocytes|CIBERSORT.y	0.0494437716430488
Macrophages M1|CIBERSORT.y	0.00413533833945326
Macrophages M2|CIBERSORT.y	0.46977513602046
Dendritic cells resting|CIBERSORT.y	0.00264705655552136
Mast cells resting|CIBERSORT.y	0.0375005697665463
aDC|xCell	0.0783493839764304
Adipocytes|xCell	0.000954681309904101
B-cells|xCell	0.000740571922790295
Basophils|xCell	0.071351439297351
CD4+ memory T-cells|xCell	1.48296544319301e-19
CD4+ Tcm|xCell	0.00324033795215205
CD4+ Tem|xCell	0.010771380766706
CD8+ naive T-cells|xCell	4.03101941117629e-20
CD8+ T-cells|xCell	8.38233985751339e-19
CD8+ Tcm|xCell	3.93917836488485e-18
cDC|xCell	0.0142766326911669
Chondrocytes|xCell	1.1422679633353e-18
Class-switched memory B-cells|xCell	1.12886426297197e-19
CLP|xCell	0.00152461572334595
CMP|xCell	0.000984668975515402
DC|xCell	0.0115953837054646
Endothelial cells|xCell	0.0178021222643166
Eosinophils|xCell	2.50106129943482e-18
Epithelial cells|xCell	0.0451864568062322
Fibroblasts|xCell	0.118593333633705
GMP|xCell	0.011636377970796
Hepatocytes|xCell	0.000433627953198265
HSC|xCell	0.0828256663799978
iDC|xCell	0.103325200817163
Keratinocytes|xCell	0.00984857991675129
ly Endothelial cells|xCell	0.00332134326117779
Macrophages|xCell	0.0260839426474286
Macrophages M1|xCell	0.0273229985169919
Macrophages M2|xCell	0.00663824060117301
Mast cells|xCell	0.00999639609037706
Melanocytes|xCell	0.000613046909610135
Memory B-cells|xCell	3.50788534680195e-20
MEP|xCell	0.00924999255432958
Mesangial cells|xCell	0.0472742010739237
Monocytes|xCell	0.0269580830126031
MSC|xCell	0.0905526758528194
mv Endothelial cells|xCell	0.0128654664153513
Myocytes|xCell	0.0204201777264797
Neurons|xCell	0.00323631658507361
NK cells|xCell	5.19669025162252e-18
NKT|xCell	0.0310578700149144
Osteoblast|xCell	0.00193991827598079
pDC|xCell	0.00426873269791882
Pericytes|xCell	0.0553155014449153
Plasma cells|xCell	0.00447861151488258
Platelets|xCell	2.93041948593296e-18
Preadipocytes|xCell	7.86146596162374e-18
pro B-cells|xCell	0.00136086746550819
Sebocytes|xCell	0.00390764760166711
Skeletal muscle|xCell	3.69857679404667e-19
Smooth muscle|xCell	4.74387236040064e-18
Tgd cells|xCell	2.44281444018579e-19
Th1 cells|xCell	0.00112738525116728
Th2 cells|xCell	0.0285701224227205
T cells|MCPcounter	0.0418847239081565
CD8 T cells|MCPcounter	0.0129484114264515
Cytotoxic lymphocytes|MCPcounter	0.0453637959941095
B lineage|MCPcounter	0.109034744507423
NK cells|MCPcounter	0.00703369291697449
Monocytic lineage|MCPcounter	0.119515265341724
Myeloid dendritic cells|MCPcounter	0.0618954053655075
Neutrophils|MCPcounter	0.0948181837145371
Endothelial cells|MCPcounter	0.158590471852819
Fibroblasts|MCPcounter	0.348915304972298
B cells|quanTIseq	0.0033633086817447
Macrophages M1|quanTIseq	0.00219004938387327
Macrophages M2|quanTIseq	0.0563464111650124
Monocytes|quanTIseq	0.0194759092086779
Neutrophils|quanTIseq	0.0179744050156641
NK cells|quanTIseq	0.0230664485912715
T cells CD4|quanTIseq	0.0836885209814266
Tregs|quanTIseq	0.00278881088070823
Dendritic cells|quanTIseq	0.00887200788691686
other|quanTIseq	0.782234128204704
Bcells|EPIC	0.00120717940953325
CAFs|EPIC	0.00565723428948725
CD4_Tcells|EPIC	0.0233220816897701
CD8_Tcells|EPIC	2.94715086345568e-08
Endothelial|EPIC	0.0283925863355228
Macrophages|EPIC	0.102973732137021
NKcells|EPIC	1.07353822516846e-07
otherCells|EPIC	0.838447049313334
B_cell|TIMER	0.100053598906185
T_cell.CD4|TIMER	0.095471122842665
T_cell.CD8|TIMER	0.191260013142011
Neutrophil|TIMER	0.101970018790351
Macrophage|TIMER	0.0783089315977565
DC|TIMER	0.432936314721031
B_cells|ConsensusTME	0.0263137673652039
Cytotoxic_cells|ConsensusTME	0.0551520222900271
Dendritic_cells|ConsensusTME	0.0632566787456445
Eosinophils|ConsensusTME	0.0508705854141296
Macrophages|ConsensusTME	0.0796614779197817
Mast_cells|ConsensusTME	0.041084817230681
NK_cells|ConsensusTME	0.0360922076890559
Neutrophils|ConsensusTME	0.0516354156084986
T_cells_CD4|ConsensusTME	0.0454105907270195
T_cells_CD8|ConsensusTME	0.0454774274189086
T_cells_gamma_delta|ConsensusTME	0.0457053319474971
T_regulatory_cells|ConsensusTME	0.0468510342319491
Macrophages_M1|ConsensusTME	0.0701665561428538
Macrophages_M2|ConsensusTME	0.0955159637912854
Endothelial|ConsensusTME	0.0824384989995109
Fibroblasts|ConsensusTME	0.0728710194130183
Monocytes|ConsensusTME	0.0736215034222997
Plasma_cells|ConsensusTME	0.0178751016426352
DC|ImmuCellAI	0.0688976377952756
Bcell|ImmuCellAI	0.110236220472441
Monocyte|ImmuCellAI	0.158464566929134
Macrophage|ImmuCellAI	0.125984251968504
NK|ImmuCellAI	0.101377952755905
Neutrophil|ImmuCellAI	0.0728346456692913
CD4_T|ImmuCellAI	0.00393700787401575
CD8_T|ImmuCellAI	0.0698818897637795
NKT|ImmuCellAI	0.164370078740157
Gamma_delta|ImmuCellAI	0.106299212598425
Th2|ImmuCellAI	0.000984251968503937
CD8_naive|ImmuCellAI	0.00196850393700787
Cytotoxic|ImmuCellAI	0.00590551181102362
Exhausted|ImmuCellAI	0.00196850393700787
MAIT|ImmuCellAI	0.00688976377952756
Monocytes C|ABIS	0.858980138156406
NK|ABIS	0.00297629082957702
T CD8 Memory|ABIS	0.0453978537929153
T CD4 Naive|ABIS	0.0725235423662755
B Naive|ABIS	0.00293861626211402
MAIT|ABIS	0.00740305250647955
T gd Vd2|ABIS	0.000384280588122603
Neutrophils LD|ABIS	0.00568885968691304
Basophils LD|ABIS	0.00210977577792802
pDCs|ABIS	0.00145235457569866
Plasmablasts|ABIS	0.000145235457569866