TCGA_ACC	TCGA-OR-A5LL
B cells memory|CIBERSORT.x	0.0495893400812788
Plasma cells|CIBERSORT.x	0.0250479340846179
T cells CD8|CIBERSORT.x	0.214754670140055
T cells CD4 memory resting|CIBERSORT.x	0.103708447152392
NK cells activated|CIBERSORT.x	0.11302002598616
Monocytes|CIBERSORT.x	0.0285245237172384
Macrophages M1|CIBERSORT.x	0.0126408079899649
Macrophages M2|CIBERSORT.x	0.342778383766596
Dendritic cells resting|CIBERSORT.x	0.0251350316411512
Mast cells resting|CIBERSORT.x	0.0753264822608604
Neutrophils|CIBERSORT.x	0.00947435317968503
B cells memory|CIBERSORT.y	0.0495893400812788
Plasma cells|CIBERSORT.y	0.0250479340846179
T cells CD8|CIBERSORT.y	0.214754670140055
T cells CD4 memory resting|CIBERSORT.y	0.103708447152392
NK cells activated|CIBERSORT.y	0.11302002598616
Monocytes|CIBERSORT.y	0.0285245237172384
Macrophages M1|CIBERSORT.y	0.0126408079899649
Macrophages M2|CIBERSORT.y	0.342778383766596
Dendritic cells resting|CIBERSORT.y	0.0251350316411512
Mast cells resting|CIBERSORT.y	0.0753264822608604
Neutrophils|CIBERSORT.y	0.00947435317968503
aDC|xCell	0.0391240216667201
Adipocytes|xCell	0.00807949072210857
Astrocytes|xCell	4.11266286957008e-19
B-cells|xCell	0.00616633307791118
Basophils|xCell	0.0412754426865225
CD4+ memory T-cells|xCell	1.28947934235204e-19
CD4+ naive T-cells|xCell	3.85032498223843e-18
CD4+ T-cells|xCell	2.54777206562335e-19
CD4+ Tcm|xCell	0.0280477340508833
CD4+ Tem|xCell	0.0145892250308066
CD8+ naive T-cells|xCell	4.42196831539319e-19
cDC|xCell	0.0443499546335567
Chondrocytes|xCell	0.00060742176800091
CLP|xCell	0.00540352456030711
CMP|xCell	1.23731122524525e-20
DC|xCell	0.00863733329487309
Epithelial cells|xCell	0.00822708270656349
Fibroblasts|xCell	0.164106082361478
GMP|xCell	0.00354606218820558
Hepatocytes|xCell	0.00265403774626106
HSC|xCell	0.0472658265806711
iDC|xCell	0.0936096107614012
ly Endothelial cells|xCell	2.59055919123344e-20
Macrophages|xCell	0.00871856348852214
Macrophages M1|xCell	0.00743554140873963
Macrophages M2|xCell	0.0231142968295568
Mast cells|xCell	0.013152862495742
Melanocytes|xCell	0.001203248569942
Memory B-cells|xCell	5.04743835268686e-19
MEP|xCell	5.65513530209451e-20
Mesangial cells|xCell	0.0144850233985258
MPP|xCell	7.17467121505923e-18
MSC|xCell	1.51713438119872e-18
Myocytes|xCell	0.00439967763098682
naive B-cells|xCell	0.00432320936372849
Neurons|xCell	0.00809504341567291
Neutrophils|xCell	0.00304593656986529
NK cells|xCell	1.4547879938376e-18
NKT|xCell	0.034584959883286
Osteoblast|xCell	0.00411916114131311
pDC|xCell	0.000962451428377739
Pericytes|xCell	0.0615195950373806
Plasma cells|xCell	0.0182033659904257
Platelets|xCell	4.94979828298383e-20
Preadipocytes|xCell	0.00837789130676137
Skeletal muscle|xCell	2.31397872394197e-18
Smooth muscle|xCell	0.251392467314236
Tgd cells|xCell	4.91629542469206e-19
Th1 cells|xCell	3.03850876402013e-19
Th2 cells|xCell	1.7758229056345e-18
Tregs|xCell	0.0171775208906668
T cells|MCPcounter	0.0279307494274723
CD8 T cells|MCPcounter	0.0013978077683495
Cytotoxic lymphocytes|MCPcounter	0.0408426483697329
B lineage|MCPcounter	0.113458969422394
NK cells|MCPcounter	0.0142994616786971
Monocytic lineage|MCPcounter	0.0792986143176109
Myeloid dendritic cells|MCPcounter	0.0830770398740487
Neutrophils|MCPcounter	0.152100797281529
Endothelial cells|MCPcounter	0.163047472670237
Fibroblasts|MCPcounter	0.324546439189928
B cells|quanTIseq	0.0167457357561172
Macrophages M2|quanTIseq	0.13542358553023
Neutrophils|quanTIseq	0.0201100146544294
NK cells|quanTIseq	0.0443264766591535
T cells CD4|quanTIseq	0.0515641941905801
Tregs|quanTIseq	0.00216448763734024
other|quanTIseq	0.729665505572149
Bcells|EPIC	0.00283198785665967
CAFs|EPIC	0.0028703951909548
CD4_Tcells|EPIC	0.10637345845013
CD8_Tcells|EPIC	8.71117414107036e-08
Endothelial|EPIC	0.0298815649263327
Macrophages|EPIC	0.121416111211334
NKcells|EPIC	9.06159033628323e-09
otherCells|EPIC	0.736626386191257
B_cell|TIMER	0.0982343177778948
T_cell.CD4|TIMER	0.0812520758205337
T_cell.CD8|TIMER	0.208183135014995
Neutrophil|TIMER	0.104500206372743
Macrophage|TIMER	0.0697098519492643
DC|TIMER	0.438120413064569
Bcell|ImmuCellAI	0.130895091434071
Monocyte|ImmuCellAI	0.142444658325313
Macrophage|ImmuCellAI	0.107795957651588
NK|ImmuCellAI	0.111645813282002
Neutrophil|ImmuCellAI	0.132820019249278
CD4_T|ImmuCellAI	0.0423484119345525
CD8_T|ImmuCellAI	0.0750721847930703
NKT|ImmuCellAI	0.157844080846968
Gamma_delta|ImmuCellAI	0.0625601539942252
CD4_naive|ImmuCellAI	0.00192492781520693
Tr1|ImmuCellAI	0.00384985563041386
nTreg|ImmuCellAI	0.00288739172281039
iTreg|ImmuCellAI	0.00192492781520693
Th2|ImmuCellAI	0.00288739172281039
Th17|ImmuCellAI	0.00769971126082772
CD8_naive|ImmuCellAI	0.00288739172281039
Cytotoxic|ImmuCellAI	0.00673724735322425
MAIT|ImmuCellAI	0.00577478344562079
Monocytes C|ABIS	0.855574720049978
NK|ABIS	0.00418186147455849
T CD8 Memory|ABIS	0.0213360279314209
T CD4 Naive|ABIS	0.0644348043528911
MAIT|ABIS	0.00217627484900493
T gd Vd2|ABIS	8.70509939601972e-05
Neutrophils LD|ABIS	0.0334975638523308
Basophils LD|ABIS	0.00343510049695876
B Memory|ABIS	0.0096012125691394
pDCs|ABIS	0.00539801506664949
Plasmablasts|ABIS	0.000277368363108472