TCGA_ACC	TCGA-OR-A5L5
B cells naive|CIBERSORT.x	0.0509409088300039
T cells CD8|CIBERSORT.x	0.17960111510476
T cells CD4 memory resting|CIBERSORT.x	0.15388640252386
T cells regulatory (Tregs)|CIBERSORT.x	0.00479395075550213
NK cells activated|CIBERSORT.x	0.128264932225764
Monocytes|CIBERSORT.x	0.0421528292531476
Macrophages M1|CIBERSORT.x	0.0524954928982894
Macrophages M2|CIBERSORT.x	0.350329912500054
Mast cells resting|CIBERSORT.x	0.0375344559086197
B cells naive|CIBERSORT.y	0.0509409088300039
T cells CD8|CIBERSORT.y	0.17960111510476
T cells CD4 memory resting|CIBERSORT.y	0.15388640252386
T cells regulatory (Tregs)|CIBERSORT.y	0.00479395075550213
NK cells activated|CIBERSORT.y	0.128264932225764
Monocytes|CIBERSORT.y	0.0421528292531476
Macrophages M1|CIBERSORT.y	0.0524954928982894
Macrophages M2|CIBERSORT.y	0.350329912500054
Mast cells resting|CIBERSORT.y	0.0375344559086197
aDC|xCell	0.0737155230669944
Adipocytes|xCell	0.0143562458885988
B-cells|xCell	0.0198853707975585
Basophils|xCell	0.0307633176133384
CD4+ memory T-cells|xCell	4.87693714642153e-20
CD4+ naive T-cells|xCell	0.00176789117411964
CD4+ Tcm|xCell	1.2229832008965e-20
CD4+ Tem|xCell	0.000494279521497368
CD8+ naive T-cells|xCell	9.58033590537092e-20
CD8+ T-cells|xCell	0.00830645033732257
CD8+ Tcm|xCell	0.0177267512098678
CD8+ Tem|xCell	0.00137854643877773
cDC|xCell	0.0561465330155067
Chondrocytes|xCell	0.00380678012140001
Class-switched memory B-cells|xCell	3.76463317014461e-19
CLP|xCell	0.00177291608192895
CMP|xCell	0.0116468669825164
DC|xCell	0.0225608634444979
Endothelial cells|xCell	0.0321211830061031
Epithelial cells|xCell	0.0220806066866408
Fibroblasts|xCell	0.123409550414215
Hepatocytes|xCell	6.61289138059855e-05
HSC|xCell	0.110503908668898
iDC|xCell	0.179305751957497
ly Endothelial cells|xCell	0.0115978495062684
Macrophages|xCell	0.0116256083447964
Macrophages M1|xCell	0.00850457202132176
Macrophages M2|xCell	0.0147888711806487
Mast cells|xCell	0.0135240060939071
Megakaryocytes|xCell	0.00077901416062706
Melanocytes|xCell	0.000571269376854482
Memory B-cells|xCell	0.00352294941641303
MEP|xCell	0.0162028439235505
Mesangial cells|xCell	0.00714246011225185
Monocytes|xCell	0.00970479637118192
MPP|xCell	1.41883271437374e-18
MSC|xCell	0.00743248878647764
mv Endothelial cells|xCell	0.015417768208081
Myocytes|xCell	3.89353596144888e-05
naive B-cells|xCell	0.00425238401810753
Neurons|xCell	0.00566546520853778
Neutrophils|xCell	1.68092412058499e-19
NKT|xCell	0.0163493498558036
Osteoblast|xCell	1.50035960955026e-18
pDC|xCell	0.00825089323004193
Pericytes|xCell	0.0485464538743002
Plasma cells|xCell	0.00605278281012946
Platelets|xCell	1.14414623438937e-18
Preadipocytes|xCell	4.95721961831996e-18
pro B-cells|xCell	1.98684945336161e-18
Smooth muscle|xCell	0.0499142444326263
Th1 cells|xCell	4.78885302594179e-19
Th2 cells|xCell	0.0054784319831303
Tregs|xCell	0.00282109638424362
T cells|MCPcounter	0.0658530886414355
CD8 T cells|MCPcounter	0.0148093941675412
Cytotoxic lymphocytes|MCPcounter	0.0618573738036838
B lineage|MCPcounter	0.172846914892503
NK cells|MCPcounter	0.0210361442372293
Monocytic lineage|MCPcounter	0.0944157320719622
Myeloid dendritic cells|MCPcounter	0.0727838188501619
Neutrophils|MCPcounter	0.0620842716811825
Endothelial cells|MCPcounter	0.153455089876638
Fibroblasts|MCPcounter	0.280858171777663
B cells|quanTIseq	0.0175305723239777
Macrophages M2|quanTIseq	0.0589182274076615
Monocytes|quanTIseq	0.0290517821798649
Neutrophils|quanTIseq	0.0120145041437283
NK cells|quanTIseq	0.0283966216878897
T cells CD4|quanTIseq	0.0344000145267
T cells CD8|quanTIseq	0.0039565892083444
Tregs|quanTIseq	0.0101037954461205
Dendritic cells|quanTIseq	0.0186398522363682
other|quanTIseq	0.786988040839345
Bcells|EPIC	0.029982057333612
CAFs|EPIC	0.00841400865286425
CD4_Tcells|EPIC	0.056090465675602
CD8_Tcells|EPIC	3.33361805897521e-06
Endothelial|EPIC	0.0362514499307339
Macrophages|EPIC	0.18290965911025
NKcells|EPIC	4.18591754263225e-08
otherCells|EPIC	0.686348983819703
B_cell|TIMER	0.104539901487846
T_cell.CD4|TIMER	0.106226524223725
T_cell.CD8|TIMER	0.202739352002598
Neutrophil|TIMER	0.0915486131076542
Macrophage|TIMER	0.0730666018391484
DC|TIMER	0.421879007339028
B_cells|ConsensusTME	0.0351338596767631
Cytotoxic_cells|ConsensusTME	0.0603263281292489
Dendritic_cells|ConsensusTME	0.0549096558938294
Eosinophils|ConsensusTME	0.048137055233868
Macrophages|ConsensusTME	0.0638701788770662
Mast_cells|ConsensusTME	0.0404064214689934
NK_cells|ConsensusTME	0.0502436649319314
Neutrophils|ConsensusTME	0.0393693012778861
T_cells_CD4|ConsensusTME	0.0482728677375475
T_cells_CD8|ConsensusTME	0.0519827409135542
T_cells_gamma_delta|ConsensusTME	0.05022135499794
T_regulatory_cells|ConsensusTME	0.054878070171119
Macrophages_M1|ConsensusTME	0.060640233139416
Macrophages_M2|ConsensusTME	0.076616038630404
Endothelial|ConsensusTME	0.0792407513776672
Fibroblasts|ConsensusTME	0.0826533178671413
Monocytes|ConsensusTME	0.0596461344622557
Plasma_cells|ConsensusTME	0.0434520252133686
DC|ImmuCellAI	0.110567514677104
Bcell|ImmuCellAI	0.120352250489237
Monocyte|ImmuCellAI	0.125244618395303
Macrophage|ImmuCellAI	0.0821917808219178
NK|ImmuCellAI	0.237769080234834
Neutrophil|ImmuCellAI	0.0117416829745597
CD8_T|ImmuCellAI	0.104696673189824
NKT|ImmuCellAI	0.123287671232877
Gamma_delta|ImmuCellAI	0.0626223091976517
CD8_naive|ImmuCellAI	0.000978473581213307
Cytotoxic|ImmuCellAI	0.00489236790606654
Exhausted|ImmuCellAI	0.00587084148727984
MAIT|ImmuCellAI	0.00978473581213307
Monocytes C|ABIS	0.335131261775294
T CD8 Memory|ABIS	0.113639964220168
T CD4 Naive|ABIS	0.240685178911347
MAIT|ABIS	0.0453950527313807
T gd Vd2|ABIS	0.00024251316761194
Neutrophils LD|ABIS	0.0456997175148128
T gd non-Vd2|ABIS	0.0423484048970599
Basophils LD|ABIS	0.00533163371006149
Monocytes NC+I|ABIS	0.0244950485879397
B Memory|ABIS	0.06428426930417
mDCs|ABIS	0.0594096327692566
pDCs|ABIS	0.0168479625237943
Plasmablasts|ABIS	0.00648935988710342