TCGA_ACC	TCGA-OR-A5KT
B cells naive|CIBERSORT.x	0.0586340110407768
Plasma cells|CIBERSORT.x	0.120359726203881
T cells CD8|CIBERSORT.x	0.144942950802185
T cells CD4 memory resting|CIBERSORT.x	0.0794364969723222
NK cells activated|CIBERSORT.x	0.118845252738747
Monocytes|CIBERSORT.x	0.0866304535569463
Macrophages M1|CIBERSORT.x	0.0297156484572326
Macrophages M2|CIBERSORT.x	0.357747535596168
Neutrophils|CIBERSORT.x	0.00368792463173949
B cells naive|CIBERSORT.y	0.0586340110407768
Plasma cells|CIBERSORT.y	0.120359726203881
T cells CD8|CIBERSORT.y	0.144942950802185
T cells CD4 memory resting|CIBERSORT.y	0.0794364969723222
NK cells activated|CIBERSORT.y	0.118845252738747
Monocytes|CIBERSORT.y	0.0866304535569463
Macrophages M1|CIBERSORT.y	0.0297156484572326
Macrophages M2|CIBERSORT.y	0.357747535596168
Neutrophils|CIBERSORT.y	0.00368792463173949
B cells naive|CIBERSORTX	0.0563306185189455
Plasma cells|CIBERSORTX	0.113106995242346
T cells CD8|CIBERSORTX	0.132719938120986
T cells CD4 memory resting|CIBERSORTX	0.0727294577803333
NK cells activated|CIBERSORTX	0.1123568699934
Monocytes|CIBERSORTX	0.0816325660168878
Macrophages M1|CIBERSORTX	0.027734696975867
Macrophages M2|CIBERSORTX	0.335306323861458
Neutrophils|CIBERSORTX	0.00443677337972752
RMSE|CIBERSORTX	0.0636457601100495
aDC|xCell	1.43870272637173e-21
Adipocytes|xCell	0.00377035904942039
Astrocytes|xCell	1.97090943602584e-21
B-cells|xCell	0.0158875235123739
Basophils|xCell	0.0210830859844979
CD4+ T-cells|xCell	1.52885252544048e-18
CD4+ Tcm|xCell	2.67193388546856e-20
CD4+ Tem|xCell	4.79924122989112e-19
CD8+ T-cells|xCell	1.70356721402703e-20
CD8+ Tcm|xCell	0.00276097724032523
CD8+ Tem|xCell	0.000535144096582384
cDC|xCell	0.0561478202900723
Chondrocytes|xCell	0.0124950740538504
Class-switched memory B-cells|xCell	0.013072825114336
CMP|xCell	0.00705971818802737
DC|xCell	0.029044903398709
Endothelial cells|xCell	0.0513212426249837
Eosinophils|xCell	0.00826513199752841
Epithelial cells|xCell	0.00607045017538448
Erythrocytes|xCell	0.00688062218535344
Fibroblasts|xCell	0.0251215641719518
GMP|xCell	0.0297416299928059
Hepatocytes|xCell	4.27671055375302e-20
HSC|xCell	0.0589100395859425
iDC|xCell	0.359203880698123
ly Endothelial cells|xCell	0.0201283264601556
Macrophages|xCell	0.00921410102147441
Macrophages M1|xCell	0.0126950903448878
Macrophages M2|xCell	0.00960431728103877
Mast cells|xCell	0.00189609137845781
Megakaryocytes|xCell	0.00335905935305898
Memory B-cells|xCell	0.0060109612290517
MEP|xCell	9.4564406580543e-19
Mesangial cells|xCell	0.0246267106071425
Monocytes|xCell	0.0518178263375152
MPP|xCell	1.94204240356265e-19
MSC|xCell	0.059546348092076
mv Endothelial cells|xCell	0.0316094183818001
Myocytes|xCell	4.35121854291003e-19
naive B-cells|xCell	7.59892455199489e-05
Neurons|xCell	0.0040872365877249
Neutrophils|xCell	0.0026939805852346
NKT|xCell	0.00452593296506869
Osteoblast|xCell	4.23177587057995e-18
pDC|xCell	0.0155677230295351
Pericytes|xCell	1.5728511708747e-19
Plasma cells|xCell	0.00263764798761398
Platelets|xCell	8.96993271126987e-19
Preadipocytes|xCell	3.64164332646243e-19
pro B-cells|xCell	0.0138003580175857
Sebocytes|xCell	2.81530572085323e-05
Th1 cells|xCell	1.17876900237001e-18
Th2 cells|xCell	0.0187027356775812
T cells|MCPcounter	0.0499392613377237
CD8 T cells|MCPcounter	0.0118720597318645
Cytotoxic lymphocytes|MCPcounter	0.044056819337656
B lineage|MCPcounter	0.143876774286895
NK cells|MCPcounter	0.00871226835276396
Monocytic lineage|MCPcounter	0.100042752315668
Myeloid dendritic cells|MCPcounter	0.0847153113227896
Neutrophils|MCPcounter	0.0928612887886472
Endothelial cells|MCPcounter	0.176474112958852
Fibroblasts|MCPcounter	0.28744935156714
B cells|quanTIseq	0.0092765257726938
Macrophages M2|quanTIseq	0.0794568997504084
Monocytes|quanTIseq	0.0481082960687023
Neutrophils|quanTIseq	0.0637043615797309
NK cells|quanTIseq	0.00360372652881631
T cells CD4|quanTIseq	0.119956076544879
Tregs|quanTIseq	0.0103494029413266
other|quanTIseq	0.665544710813443
Bcells|EPIC	0.014811863473104
CAFs|EPIC	0.0247134866001836
CD4_Tcells|EPIC	0.0864331613683529
CD8_Tcells|EPIC	1.14379336467182e-07
Endothelial|EPIC	0.117536432785222
Macrophages|EPIC	0.131781933378793
NKcells|EPIC	1.53692640602137e-09
otherCells|EPIC	0.624723006478082
B_cell|TIMER	0.101530012301233
T_cell.CD4|TIMER	0.108346137224507
T_cell.CD8|TIMER	0.186908189127666
Neutrophil|TIMER	0.0949869831775525
Macrophage|TIMER	0.122629964383126
DC|TIMER	0.385598713785915
B_cells|ConsensusTME	0.0454251507736029
Cytotoxic_cells|ConsensusTME	0.0525451921179428
Dendritic_cells|ConsensusTME	0.0611224626025522
Eosinophils|ConsensusTME	0.0476110629337969
Macrophages|ConsensusTME	0.0707801886993072
Mast_cells|ConsensusTME	0.0395506871705675
NK_cells|ConsensusTME	0.0382748051835854
Neutrophils|ConsensusTME	0.0543800317903764
T_cells_CD4|ConsensusTME	0.0472304647590313
T_cells_CD8|ConsensusTME	0.0457308131072647
T_cells_gamma_delta|ConsensusTME	0.0438170851789898
T_regulatory_cells|ConsensusTME	0.0521673562626714
Macrophages_M1|ConsensusTME	0.0634771573968452
Macrophages_M2|ConsensusTME	0.0784079067230107
Endothelial|ConsensusTME	0.077713700885859
Fibroblasts|ConsensusTME	0.0622112340413558
Monocytes|ConsensusTME	0.0659653745175866
Plasma_cells|ConsensusTME	0.0535893258556541
DC|ImmuCellAI	0.0741106719367589
Bcell|ImmuCellAI	0.196640316205534
Monocyte|ImmuCellAI	0.159090909090909
Macrophage|ImmuCellAI	0.140316205533597
NK|ImmuCellAI	0.140316205533597
Neutrophil|ImmuCellAI	0.143280632411067
CD4_T|ImmuCellAI	0.00889328063241107
CD8_T|ImmuCellAI	0.0375494071146245
NKT|ImmuCellAI	0.0533596837944664
Gamma_delta|ImmuCellAI	0.0355731225296443
Tr1|ImmuCellAI	0.000988142292490119
nTreg|ImmuCellAI	0.000988142292490119
Th2|ImmuCellAI	0.000988142292490119
Th17|ImmuCellAI	0.000988142292490119
Tfh|ImmuCellAI	0.000988142292490119
Cytotoxic|ImmuCellAI	0.00197628458498024
Exhausted|ImmuCellAI	0.000988142292490119
MAIT|ImmuCellAI	0.00296442687747036
Monocytes C|ABIS	0.522732621222944
T CD8 Memory|ABIS	0.0683092827733569
T CD4 Naive|ABIS	0.157444566392249
B Naive|ABIS	0.0489411019870087
MAIT|ABIS	0.0107670424371419
T gd Vd2|ABIS	0.00108919984422151
Neutrophils LD|ABIS	0.120790804904107
T gd non-Vd2|ABIS	0.00136618565546714
Basophils LD|ABIS	0.0345711614035892
B Memory|ABIS	0.0144948965884928
mDCs|ABIS	0.00424850417248927
pDCs|ABIS	0.00320720413021249
Plasmablasts|ABIS	0.0120374284887196