TCGA_ACC	TCGA-OR-A5LP
B cells naive|CIBERSORT.x	0.0381137380615095
T cells CD8|CIBERSORT.x	0.136003296290657
T cells CD4 memory resting|CIBERSORT.x	0.172630507881849
T cells regulatory (Tregs)|CIBERSORT.x	0.00801616714741315
NK cells activated|CIBERSORT.x	0.0820724891733825
Monocytes|CIBERSORT.x	0.0896892425369906
Macrophages M1|CIBERSORT.x	0.102412136169162
Macrophages M2|CIBERSORT.x	0.323055473088254
Mast cells resting|CIBERSORT.x	0.0462773352968013
Mast cells activated|CIBERSORT.x	0.00172961435398085
B cells naive|CIBERSORT.y	0.0381137380615095
T cells CD8|CIBERSORT.y	0.136003296290657
T cells CD4 memory resting|CIBERSORT.y	0.172630507881849
T cells regulatory (Tregs)|CIBERSORT.y	0.00801616714741315
NK cells activated|CIBERSORT.y	0.0820724891733825
Monocytes|CIBERSORT.y	0.0896892425369906
Macrophages M1|CIBERSORT.y	0.102412136169162
Macrophages M2|CIBERSORT.y	0.323055473088254
Mast cells resting|CIBERSORT.y	0.0462773352968013
Mast cells activated|CIBERSORT.y	0.00172961435398085
aDC|xCell	0.0724698855111005
Adipocytes|xCell	0.00187014065816032
B-cells|xCell	0.00659031990388927
CD4+ memory T-cells|xCell	0.00278445521786926
CD4+ naive T-cells|xCell	0.00567926988144006
CD4+ Tcm|xCell	1.49860415434023e-18
CD4+ Tem|xCell	0.0241508058419774
CD8+ T-cells|xCell	0.00408481450368518
CD8+ Tcm|xCell	0.014621756471809
CD8+ Tem|xCell	5.73096609516677e-20
cDC|xCell	0.021119405340742
Chondrocytes|xCell	0.0141537056685317
Class-switched memory B-cells|xCell	0.00123547781791516
CLP|xCell	0.00142786630137069
CMP|xCell	0.016173594190492
DC|xCell	0.00603738348463285
Endothelial cells|xCell	0.0583395875765368
Eosinophils|xCell	2.41357039604981e-19
Epithelial cells|xCell	0.0414150118797601
Fibroblasts|xCell	0.0903959475212679
GMP|xCell	0.00905873988451567
HSC|xCell	0.0658334771494865
iDC|xCell	0.0381271919493867
Keratinocytes|xCell	1.01097864341241e-21
ly Endothelial cells|xCell	0.020064036064316
Macrophages|xCell	0.021083836860781
Macrophages M1|xCell	0.019441207477717
Macrophages M2|xCell	0.0176007770926736
Mast cells|xCell	0.016690694322093
Megakaryocytes|xCell	0.00079630003519354
Melanocytes|xCell	0.00132023395256783
MEP|xCell	0.00672490278531933
Mesangial cells|xCell	0.0113598034224056
Monocytes|xCell	0.0150651749447606
MSC|xCell	0.018097332662666
mv Endothelial cells|xCell	0.0211274759029546
naive B-cells|xCell	0.000962417946794548
Neurons|xCell	0.00577841265890673
Neutrophils|xCell	1.68795760682096e-18
NKT|xCell	0.0865789945980949
Osteoblast|xCell	2.75480698085778e-18
pDC|xCell	0.0166780754481053
Pericytes|xCell	0.120951860688286
Plasma cells|xCell	0.00522327095226846
pro B-cells|xCell	7.87240873199278e-18
Sebocytes|xCell	1.47631531854609e-20
Skeletal muscle|xCell	2.8150732788392e-18
Smooth muscle|xCell	0.0783209461671416
Tgd cells|xCell	4.36771375194989e-18
Th1 cells|xCell	7.79629657247888e-19
Tregs|xCell	0.0205654092623854
T cells|MCPcounter	0.0512592762295344
CD8 T cells|MCPcounter	0.00676937687325744
Cytotoxic lymphocytes|MCPcounter	0.0684587638208355
B lineage|MCPcounter	0.12099589641569
NK cells|MCPcounter	0.0118560138138505
Monocytic lineage|MCPcounter	0.126190721337968
Myeloid dendritic cells|MCPcounter	0.0742006818443906
Neutrophils|MCPcounter	0.0634719529935728
Endothelial cells|MCPcounter	0.178561380183804
Fibroblasts|MCPcounter	0.298235936487097
B cells|quanTIseq	0.0147122150270017
Macrophages M1|quanTIseq	0.00221932615200434
Macrophages M2|quanTIseq	0.0614475351027582
Monocytes|quanTIseq	0.00556239141639426
Neutrophils|quanTIseq	0.0506393669517477
NK cells|quanTIseq	0.0235521794011332
T cells CD4|quanTIseq	0.0842560905278059
Tregs|quanTIseq	0.0168866266400788
Dendritic cells|quanTIseq	0.0129288873448601
other|quanTIseq	0.727795381436216
Bcells|EPIC	0.00351513442264817
CAFs|EPIC	0.011688578531384
CD4_Tcells|EPIC	0.0616835743167361
CD8_Tcells|EPIC	1.46275778753323e-08
Endothelial|EPIC	0.0593521804346746
Macrophages|EPIC	0.115505005179116
NKcells|EPIC	2.71592289097765e-09
otherCells|EPIC	0.748255509771941
B_cell|TIMER	0.0916289357993094
T_cell.CD4|TIMER	0.116879026832563
T_cell.CD8|TIMER	0.196265982512949
Neutrophil|TIMER	0.0809486596659912
Macrophage|TIMER	0.0855355644362095
DC|TIMER	0.428741830752979
B_cells|ConsensusTME	0.0257131567191254
Cytotoxic_cells|ConsensusTME	0.0523984207281046
Dendritic_cells|ConsensusTME	0.0603286879386969
Eosinophils|ConsensusTME	0.053530158850478
Macrophages|ConsensusTME	0.0722191023983571
Mast_cells|ConsensusTME	0.0442231920195697
NK_cells|ConsensusTME	0.0426241172418309
Neutrophils|ConsensusTME	0.0481823647898348
T_cells_CD4|ConsensusTME	0.0468125729013853
T_cells_CD8|ConsensusTME	0.0489776040626194
T_cells_gamma_delta|ConsensusTME	0.0459725595859838
T_regulatory_cells|ConsensusTME	0.0543681508456804
Macrophages_M1|ConsensusTME	0.0670832120377001
Macrophages_M2|ConsensusTME	0.080753170542769
Endothelial|ConsensusTME	0.0869756838100914
Fibroblasts|ConsensusTME	0.0742328364460123
Monocytes|ConsensusTME	0.0669882768541498
Plasma_cells|ConsensusTME	0.0286167322276112
DC|ImmuCellAI	0.0780952380952381
Bcell|ImmuCellAI	0.0780952380952381
Monocyte|ImmuCellAI	0.118095238095238
Macrophage|ImmuCellAI	0.079047619047619
NK|ImmuCellAI	0.178095238095238
Neutrophil|ImmuCellAI	0.0619047619047619
CD4_T|ImmuCellAI	0.06
CD8_T|ImmuCellAI	0.0657142857142857
NKT|ImmuCellAI	0.179047619047619
Gamma_delta|ImmuCellAI	0.0561904761904762
CD4_naive|ImmuCellAI	0.00285714285714286
Tr1|ImmuCellAI	0.00761904761904762
nTreg|ImmuCellAI	0.00761904761904762
iTreg|ImmuCellAI	0.00571428571428571
Th1|ImmuCellAI	0.0019047619047619
Th2|ImmuCellAI	0.0019047619047619
Th17|ImmuCellAI	0.00285714285714286
Tfh|ImmuCellAI	0.00380952380952381
CD8_naive|ImmuCellAI	0.0019047619047619
Cytotoxic|ImmuCellAI	0.0019047619047619
Exhausted|ImmuCellAI	0.00285714285714286
MAIT|ImmuCellAI	0.00476190476190476
Monocytes C|ABIS	0.329975169203199
T CD8 Memory|ABIS	0.0588532866915526
T CD4 Naive|ABIS	0.200365683904949
T CD4 Memory|ABIS	0.0284347340195142
MAIT|ABIS	0.0154076582012716
T gd Vd2|ABIS	0.00443052832397081
Neutrophils LD|ABIS	0.083981656290193
T gd non-Vd2|ABIS	0.00816672011955814
Basophils LD|ABIS	0.00724093808171349
Monocytes NC+I|ABIS	0.164326311717425
B Memory|ABIS	0.0502567391972809
mDCs|ABIS	0.022284896196689
pDCs|ABIS	0.0259218970596501
Plasmablasts|ABIS	0.00035378099303349