TCGA_ACC	TCGA-OR-A5LA
B cells naive|CIBERSORT.x	0.0556967337551954
T cells CD8|CIBERSORT.x	0.162046981201861
T cells CD4 memory resting|CIBERSORT.x	0.228955426028472
T cells regulatory (Tregs)|CIBERSORT.x	0.00365769043664408
NK cells activated|CIBERSORT.x	0.0812279523144711
Monocytes|CIBERSORT.x	0.0170998747893888
Macrophages M1|CIBERSORT.x	0.0336104378831706
Macrophages M2|CIBERSORT.x	0.309272193821463
Dendritic cells resting|CIBERSORT.x	0.00758609375210996
Mast cells resting|CIBERSORT.x	0.100846616017224
B cells naive|CIBERSORT.y	0.0556967337551954
T cells CD8|CIBERSORT.y	0.162046981201861
T cells CD4 memory resting|CIBERSORT.y	0.228955426028472
T cells regulatory (Tregs)|CIBERSORT.y	0.00365769043664408
NK cells activated|CIBERSORT.y	0.0812279523144711
Monocytes|CIBERSORT.y	0.0170998747893888
Macrophages M1|CIBERSORT.y	0.0336104378831706
Macrophages M2|CIBERSORT.y	0.309272193821463
Dendritic cells resting|CIBERSORT.y	0.00758609375210996
Mast cells resting|CIBERSORT.y	0.100846616017224
aDC|xCell	0.0852690929144291
Adipocytes|xCell	0.00312430314716544
Astrocytes|xCell	1.03959448766938e-18
Basophils|xCell	0.0189544202388041
CD4+ memory T-cells|xCell	0.00137957773755772
CD4+ naive T-cells|xCell	0.0138430082217292
CD4+ Tem|xCell	0.00726396035096943
CD8+ T-cells|xCell	0.0137186437961114
CD8+ Tcm|xCell	0.0259744748666171
CD8+ Tem|xCell	0.00171319530905852
cDC|xCell	0.105752806534286
Chondrocytes|xCell	0.00301492309448968
Class-switched memory B-cells|xCell	0.0154055039019757
CLP|xCell	0.00120143335289041
CMP|xCell	0.00779141138451073
DC|xCell	0.0275123408291638
Endothelial cells|xCell	0.0444356039522343
Epithelial cells|xCell	0.0133058257446364
Fibroblasts|xCell	0.0513239186298077
GMP|xCell	0.00830492436012031
Hepatocytes|xCell	5.09118133692931e-20
HSC|xCell	0.0765431572375425
iDC|xCell	0.187180874987212
ly Endothelial cells|xCell	0.0177976002305867
Macrophages|xCell	0.0109598451317147
Macrophages M1|xCell	0.0081401109109798
Macrophages M2|xCell	0.0112436925894626
Mast cells|xCell	0.0121648917806446
Megakaryocytes|xCell	0.000131154873239987
Memory B-cells|xCell	9.74158368360058e-20
MEP|xCell	0.0216387325467004
Mesangial cells|xCell	0.00556501405822849
Monocytes|xCell	0.013941791201759
MPP|xCell	1.70365794989668e-19
MSC|xCell	0.0332663262302956
mv Endothelial cells|xCell	0.0263539272259278
Neurons|xCell	0.00613168294066089
Neutrophils|xCell	7.40885267106764e-20
NKT|xCell	0.0364874933792358
pDC|xCell	0.0154121163324907
Pericytes|xCell	0.0110465282790802
Plasma cells|xCell	0.000498658634080887
Sebocytes|xCell	0.000142940162129069
Smooth muscle|xCell	0.0349571339962443
Th2 cells|xCell	0.0151414508828569
Tregs|xCell	0.00596550802236953
T cells|MCPcounter	0.0637012227466404
CD8 T cells|MCPcounter	0.0100034060336419
Cytotoxic lymphocytes|MCPcounter	0.0604252286971803
B lineage|MCPcounter	0.143788195477316
NK cells|MCPcounter	0.012417216585171
Monocytic lineage|MCPcounter	0.10401903771387
Myeloid dendritic cells|MCPcounter	0.069599193040311
Neutrophils|MCPcounter	0.087955836273999
Endothelial cells|MCPcounter	0.171214758530158
Fibroblasts|MCPcounter	0.276875904901713
B cells|quanTIseq	0.0115396517883275
Macrophages M2|quanTIseq	0.0414593094497164
Monocytes|quanTIseq	0.105692634512579
NK cells|quanTIseq	0.00729325722281745
T cells CD4|quanTIseq	0.132002398699267
T cells CD8|quanTIseq	0.0022849931236272
Tregs|quanTIseq	0.00647434044819483
other|quanTIseq	0.693253414755471
Bcells|EPIC	0.00223436602240383
CAFs|EPIC	0.00456496086218106
CD4_Tcells|EPIC	0.0424038086448427
CD8_Tcells|EPIC	5.56520332303299e-08
Endothelial|EPIC	0.0625859092352771
Macrophages|EPIC	0.171056521926138
NKcells|EPIC	2.30153454091237e-08
otherCells|EPIC	0.717154354641779
B_cell|TIMER	0.0909436434575265
T_cell.CD4|TIMER	0.104566274048687
T_cell.CD8|TIMER	0.202038806261113
Neutrophil|TIMER	0.0991554615857655
Macrophage|TIMER	0.0825274264062155
DC|TIMER	0.420768388240693
B_cells|ConsensusTME	0.0391283874086955
Cytotoxic_cells|ConsensusTME	0.059059196193907
Dendritic_cells|ConsensusTME	0.0572617003478713
Eosinophils|ConsensusTME	0.0522095206776562
Macrophages|ConsensusTME	0.0638545239809611
Mast_cells|ConsensusTME	0.0395430637650556
NK_cells|ConsensusTME	0.0489295300247791
Neutrophils|ConsensusTME	0.0403116593610254
T_cells_CD4|ConsensusTME	0.0528357202492459
T_cells_CD8|ConsensusTME	0.0514878016564463
T_cells_gamma_delta|ConsensusTME	0.0522489400079444
T_regulatory_cells|ConsensusTME	0.0605536788364833
Macrophages_M1|ConsensusTME	0.060842867656688
Macrophages_M2|ConsensusTME	0.0732016160849785
Endothelial|ConsensusTME	0.0757391752561309
Fibroblasts|ConsensusTME	0.0696626583256045
Monocytes|ConsensusTME	0.0586669344167644
Plasma_cells|ConsensusTME	0.0444630257497626
DC|ImmuCellAI	0.136933461909354
Bcell|ImmuCellAI	0.0694310511089682
Monocyte|ImmuCellAI	0.131147540983607
Macrophage|ImmuCellAI	0.0607521697203472
NK|ImmuCellAI	0.192864030858245
Neutrophil|ImmuCellAI	0.0231436837029894
CD4_T|ImmuCellAI	0.0327868852459016
CD8_T|ImmuCellAI	0.0916104146576664
NKT|ImmuCellAI	0.111861137897782
Gamma_delta|ImmuCellAI	0.112825458052073
CD4_naive|ImmuCellAI	0.000964320154291225
Tr1|ImmuCellAI	0.00289296046287367
nTreg|ImmuCellAI	0.0038572806171649
iTreg|ImmuCellAI	0.000964320154291225
Th1|ImmuCellAI	0.000964320154291225
Th2|ImmuCellAI	0.00192864030858245
Tfh|ImmuCellAI	0.0038572806171649
CD8_naive|ImmuCellAI	0.000964320154291225
Cytotoxic|ImmuCellAI	0.00675024108003857
Exhausted|ImmuCellAI	0.00578592092574735
MAIT|ImmuCellAI	0.0077145612343298
Monocytes C|ABIS	0.376636816065937
T CD8 Memory|ABIS	0.175885736434675
T CD4 Naive|ABIS	0.17954240455182
B Naive|ABIS	0.0148826392367802
T gd Vd2|ABIS	0.00189415408468112
Neutrophils LD|ABIS	0.096170371480914
T gd non-Vd2|ABIS	0.00146632391497515
Basophils LD|ABIS	0.00272056107915589
Monocytes NC+I|ABIS	0.0511933536400303
B Memory|ABIS	0.0212086750794411
mDCs|ABIS	0.0603350239328928
pDCs|ABIS	0.009178236974034
Plasmablasts|ABIS	0.0088857035246624