TCGA_ACC	TCGA-OR-A5JC
B cells memory|CIBERSORT.x	0.00933112964585677
Plasma cells|CIBERSORT.x	0.0100019801299532
T cells CD8|CIBERSORT.x	0.138634798192224
T cells CD4 memory resting|CIBERSORT.x	0.127183050657428
NK cells activated|CIBERSORT.x	0.114403271642355
Monocytes|CIBERSORT.x	0.106602195987602
Macrophages M1|CIBERSORT.x	0.0863948953339633
Macrophages M2|CIBERSORT.x	0.368298624623592
Dendritic cells resting|CIBERSORT.x	0.0232539530951337
Mast cells resting|CIBERSORT.x	0.0158961006918917
B cells memory|CIBERSORT.y	0.00933112964585677
Plasma cells|CIBERSORT.y	0.0100019801299532
T cells CD8|CIBERSORT.y	0.138634798192224
T cells CD4 memory resting|CIBERSORT.y	0.127183050657428
NK cells activated|CIBERSORT.y	0.114403271642355
Monocytes|CIBERSORT.y	0.106602195987602
Macrophages M1|CIBERSORT.y	0.0863948953339633
Macrophages M2|CIBERSORT.y	0.368298624623592
Dendritic cells resting|CIBERSORT.y	0.0232539530951337
Mast cells resting|CIBERSORT.y	0.0158961006918917
aDC|xCell	0.0534943735906823
Adipocytes|xCell	0.00236505241379612
Astrocytes|xCell	6.80379591125052e-18
B-cells|xCell	1.30381723173102e-19
Basophils|xCell	0.0452830395189685
CD4+ T-cells|xCell	1.29107170759835e-20
CD4+ Tcm|xCell	0.00646712704398606
CD4+ Tem|xCell	4.9235300930976e-18
CD8+ naive T-cells|xCell	1.12185674550254e-20
CD8+ T-cells|xCell	3.19537813128372e-18
cDC|xCell	0.101056404532343
Chondrocytes|xCell	0.00360734268312468
Class-switched memory B-cells|xCell	7.00054571192961e-20
CLP|xCell	0.00670548618589315
CMP|xCell	0.000385064990850695
DC|xCell	0.0140304668043879
Endothelial cells|xCell	0.0501772012077179
Epithelial cells|xCell	0.00936603846540755
Fibroblasts|xCell	0.0749247703449097
Hepatocytes|xCell	0.00091242413856191
HSC|xCell	0.128923828885161
iDC|xCell	0.119631169719628
Keratinocytes|xCell	1.1518532947382e-20
ly Endothelial cells|xCell	0.014646583246547
Macrophages|xCell	0.00910339521182697
Macrophages M1|xCell	0.0116764786123997
Macrophages M2|xCell	0.00338004400114036
Mast cells|xCell	0.00358221413544366
Melanocytes|xCell	0.00251468051174593
Memory B-cells|xCell	1.9147062709569e-18
MEP|xCell	0.014316695605364
Mesangial cells|xCell	0.0325238938263354
MPP|xCell	5.16556886002875e-19
MSC|xCell	0.107131182805175
mv Endothelial cells|xCell	0.0220155442698399
Myocytes|xCell	1.04676451055708e-19
naive B-cells|xCell	1.28933799086375e-18
Neurons|xCell	0.0132862405300802
Neutrophils|xCell	0.00052602172449559
NKT|xCell	0.006363611917831
Osteoblast|xCell	9.59152465723758e-18
pDC|xCell	0.000182803470302808
Pericytes|xCell	0.0415781585457904
Preadipocytes|xCell	4.63935538140297e-19
Sebocytes|xCell	1.44213510970826e-20
Skeletal muscle|xCell	8.56088223057059e-21
Smooth muscle|xCell	0.0686615203799791
Tgd cells|xCell	3.75052770995957e-18
Th1 cells|xCell	0.016683558213059
Th2 cells|xCell	0.0144975824672257
T cells|MCPcounter	0.0487664088706376
CD8 T cells|MCPcounter	0.00111353958344572
Cytotoxic lymphocytes|MCPcounter	0.0618861058352362
B lineage|MCPcounter	0.10706523396927
NK cells|MCPcounter	0.0102691911344417
Monocytic lineage|MCPcounter	0.0804764170198364
Myeloid dendritic cells|MCPcounter	0.104072890097414
Neutrophils|MCPcounter	0.0827721186874977
Endothelial cells|MCPcounter	0.18864527297199
Fibroblasts|MCPcounter	0.31493282183023
B cells|quanTIseq	0.0101084071901242
Macrophages M2|quanTIseq	0.0230039265717714
Monocytes|quanTIseq	0.033826851674396
Neutrophils|quanTIseq	0.0195863048839851
NK cells|quanTIseq	0.0147780188639545
T cells CD4|quanTIseq	0.0702045623804872
Tregs|quanTIseq	0.00394768281876538
Dendritic cells|quanTIseq	0.00175566494471436
other|quanTIseq	0.822788580671802
Bcells|EPIC	0.00307610993308648
CAFs|EPIC	0.00569619200392339
CD4_Tcells|EPIC	0.056399039263106
CD8_Tcells|EPIC	0.0021634161687123
Endothelial|EPIC	0.0351631616059463
Macrophages|EPIC	0.0343239448220665
NKcells|EPIC	6.25963400416745e-10
otherCells|EPIC	0.863178135577196
B_cell|TIMER	0.0977315860105109
T_cell.CD4|TIMER	0.0924399721297384
T_cell.CD8|TIMER	0.202876960215897
Neutrophil|TIMER	0.106704493058979
Macrophage|TIMER	0.0452715307136484
DC|TIMER	0.454975457871226
B_cells|ConsensusTME	0.028453191605221
Cytotoxic_cells|ConsensusTME	0.064245277805016
Dendritic_cells|ConsensusTME	0.0628692255080893
Eosinophils|ConsensusTME	0.0516937400612299
Macrophages|ConsensusTME	0.0747613650631955
Mast_cells|ConsensusTME	0.0340532880264258
NK_cells|ConsensusTME	0.0399955390790049
Neutrophils|ConsensusTME	0.036257196058822
T_cells_CD4|ConsensusTME	0.0357158056071584
T_cells_CD8|ConsensusTME	0.0421155706266211
T_cells_gamma_delta|ConsensusTME	0.0394759516303309
T_regulatory_cells|ConsensusTME	0.0429559279102354
Macrophages_M1|ConsensusTME	0.0681818515381029
Macrophages_M2|ConsensusTME	0.0912615676723526
Endothelial|ConsensusTME	0.0999942909455214
Fibroblasts|ConsensusTME	0.0869328657426178
Monocytes|ConsensusTME	0.0698107511508437
Plasma_cells|ConsensusTME	0.0312265939692114
DC|ImmuCellAI	0.0924124513618677
Bcell|ImmuCellAI	0.110894941634241
Monocyte|ImmuCellAI	0.124513618677043
Macrophage|ImmuCellAI	0.0593385214007782
NK|ImmuCellAI	0.207198443579767
Neutrophil|ImmuCellAI	0.0778210116731518
CD4_T|ImmuCellAI	0.0272373540856031
CD8_T|ImmuCellAI	0.0505836575875486
NKT|ImmuCellAI	0.120622568093385
Gamma_delta|ImmuCellAI	0.102140077821012
CD4_naive|ImmuCellAI	0.00194552529182879
Tr1|ImmuCellAI	0.000972762645914397
nTreg|ImmuCellAI	0.00194552529182879
Th1|ImmuCellAI	0.000972762645914397
Th2|ImmuCellAI	0.000972762645914397
Th17|ImmuCellAI	0.00389105058365759
Tfh|ImmuCellAI	0.000972762645914397
CD8_naive|ImmuCellAI	0.00486381322957198
Cytotoxic|ImmuCellAI	0.00583657587548638
Exhausted|ImmuCellAI	0.000972762645914397
MAIT|ImmuCellAI	0.00389105058365759
Monocytes C|ABIS	0.620191856615883
NK|ABIS	0.00241715800527216
T CD8 Memory|ABIS	0.0526898038868537
T CD4 Naive|ABIS	0.145771590230229
MAIT|ABIS	0.00336069775294419
T gd Vd2|ABIS	0.00259738469864772
Neutrophils LD|ABIS	0.0415581551783635
T gd non-Vd2|ABIS	0.00329178754665353
Basophils LD|ABIS	0.0090643425197706
B Memory|ABIS	0.0545980865225949
mDCs|ABIS	0.0423002650922628
pDCs|ABIS	0.0220512660130092
Plasmablasts|ABIS	0.000107605937515405