TCGA_ACC	TCGA-PK-A5H8
B cells naive|CIBERSORT.x	0.00504531391958328
Plasma cells|CIBERSORT.x	0.00434992236983432
T cells CD8|CIBERSORT.x	0.0684333840342626
T cells CD4 memory resting|CIBERSORT.x	0.196801924858044
T cells follicular helper|CIBERSORT.x	0.00939931321940479
NK cells activated|CIBERSORT.x	0.112126307082381
Monocytes|CIBERSORT.x	0.119620620250833
Macrophages M2|CIBERSORT.x	0.296396997674031
Dendritic cells resting|CIBERSORT.x	0.000336104167515386
Dendritic cells activated|CIBERSORT.x	0.0107921334685286
Mast cells activated|CIBERSORT.x	0.156651343395664
Eosinophils|CIBERSORT.x	0.0200466355599182
B cells naive|CIBERSORT.y	0.00504531391958328
Plasma cells|CIBERSORT.y	0.00434992236983432
T cells CD8|CIBERSORT.y	0.0684333840342626
T cells CD4 memory resting|CIBERSORT.y	0.196801924858044
T cells follicular helper|CIBERSORT.y	0.00939931321940479
NK cells activated|CIBERSORT.y	0.112126307082381
Monocytes|CIBERSORT.y	0.119620620250833
Macrophages M2|CIBERSORT.y	0.296396997674031
Dendritic cells resting|CIBERSORT.y	0.000336104167515386
Dendritic cells activated|CIBERSORT.y	0.0107921334685286
Mast cells activated|CIBERSORT.y	0.156651343395664
Eosinophils|CIBERSORT.y	0.0200466355599182
aDC|xCell	0.0602660189126774
Adipocytes|xCell	3.04960468850117e-19
Astrocytes|xCell	3.62740402518945e-18
B-cells|xCell	0.0654163137420738
Basophils|xCell	2.19277645895991e-19
CD4+ memory T-cells|xCell	0.00435135379090283
CD4+ naive T-cells|xCell	0.0097957168513628
CD4+ T-cells|xCell	7.67415332667787e-19
CD4+ Tcm|xCell	0.00369531724206103
CD8+ T-cells|xCell	1.54899766115205e-21
Class-switched memory B-cells|xCell	0.00594230017339464
CLP|xCell	0.010479466849885
CMP|xCell	0.00715267066914248
DC|xCell	0.00201501035398297
Endothelial cells|xCell	0.0510012862416516
Eosinophils|xCell	0.00271528818388336
Epithelial cells|xCell	0.0248807712835973
GMP|xCell	3.35309542148892e-18
HSC|xCell	0.0218854275710619
iDC|xCell	0.0404434251157847
Keratinocytes|xCell	5.91895247568731e-21
ly Endothelial cells|xCell	0.00975991690397315
Macrophages|xCell	0.0529417352425212
Macrophages M1|xCell	0.0467988594028221
Macrophages M2|xCell	0.00925791259690327
Mast cells|xCell	0.0256265905790968
Megakaryocytes|xCell	1.99635290250464e-19
Melanocytes|xCell	0.000477766972820875
Memory B-cells|xCell	0.0101595011386656
MEP|xCell	0.0376473520936974
Mesangial cells|xCell	0.012778629741866
Monocytes|xCell	0.0608113061001207
MPP|xCell	9.19345603845317e-21
MSC|xCell	0.148835787195497
mv Endothelial cells|xCell	0.0145430120502206
Myocytes|xCell	3.6123543567101e-19
naive B-cells|xCell	0.011154675496009
Neurons|xCell	0.0206838134121191
NKT|xCell	0.065082555423703
pDC|xCell	0.00602616016743029
Pericytes|xCell	0.0381499158324259
Plasma cells|xCell	0.000788642175301313
Platelets|xCell	0.00491512384832162
pro B-cells|xCell	0.00351011472060629
Sebocytes|xCell	0.000960950997300039
Smooth muscle|xCell	0.0373255352349935
Th1 cells|xCell	0.0161505718001879
Th2 cells|xCell	0.0288404362155056
Tregs|xCell	0.0267327676764307
T cells|MCPcounter	0.0567657417272909
CD8 T cells|MCPcounter	0.000991389768775315
Cytotoxic lymphocytes|MCPcounter	0.0175169505436583
B lineage|MCPcounter	0.105490723075049
NK cells|MCPcounter	0.00335539170364548
Monocytic lineage|MCPcounter	0.159531433959497
Myeloid dendritic cells|MCPcounter	0.0708465790779339
Neutrophils|MCPcounter	0.111762224117921
Endothelial cells|MCPcounter	0.20813500529972
Fibroblasts|MCPcounter	0.26560456072651
B cells|quanTIseq	0.00632369976423107
Macrophages M2|quanTIseq	0.0337164034382745
Monocytes|quanTIseq	0.0977915662033951
NK cells|quanTIseq	0.00735761239115985
T cells CD4|quanTIseq	0.132206511283876
Tregs|quanTIseq	0.00663700313294365
other|quanTIseq	0.71596720378612
Bcells|EPIC	0.00202049069129006
CAFs|EPIC	0.00328233573655766
CD4_Tcells|EPIC	0.0524479578688576
CD8_Tcells|EPIC	0.000525096831455959
Endothelial|EPIC	0.0282591823905219
Macrophages|EPIC	0.0533900113796851
NKcells|EPIC	3.82502864262439e-09
otherCells|EPIC	0.860074921276603
B_cell|TIMER	0.0954711116408364
T_cell.CD4|TIMER	0.0915611332303937
T_cell.CD8|TIMER	0.200323480977327
Neutrophil|TIMER	0.108416384318029
Macrophage|TIMER	0.0665833241384518
DC|TIMER	0.437644565694962
B_cells|ConsensusTME	0.0201161264796845
Cytotoxic_cells|ConsensusTME	0.0195534589550065
Dendritic_cells|ConsensusTME	0.0721077683827843
Eosinophils|ConsensusTME	0.077963068761719
Macrophages|ConsensusTME	0.0991981409016644
Mast_cells|ConsensusTME	0.0587279391063986
NK_cells|ConsensusTME	0.00561755831742703
Neutrophils|ConsensusTME	0.0687944769109643
T_cells_CD4|ConsensusTME	0.0347710242545196
T_cells_CD8|ConsensusTME	0.0252100074289743
T_cells_gamma_delta|ConsensusTME	0.017053924608717
T_regulatory_cells|ConsensusTME	0.031849414253155
Macrophages_M1|ConsensusTME	0.0817886827730996
Macrophages_M2|ConsensusTME	0.113858331984904
Endothelial|ConsensusTME	0.107318246846864
Fibroblasts|ConsensusTME	0.0578850643804316
Monocytes|ConsensusTME	0.0981317063626142
Plasma_cells|ConsensusTME	0.0100550592910724
DC|ImmuCellAI	0.123563218390805
Bcell|ImmuCellAI	0.10632183908046
Monocyte|ImmuCellAI	0.078544061302682
Macrophage|ImmuCellAI	0.10632183908046
NK|ImmuCellAI	0.169540229885057
Neutrophil|ImmuCellAI	0.181034482758621
CD4_T|ImmuCellAI	0.0747126436781609
CD8_T|ImmuCellAI	0.00862068965517241
NKT|ImmuCellAI	0.103448275862069
Gamma_delta|ImmuCellAI	0.00670498084291188
CD4_naive|ImmuCellAI	0.00478927203065134
Tr1|ImmuCellAI	0.00766283524904215
nTreg|ImmuCellAI	0.00670498084291188
iTreg|ImmuCellAI	0.0028735632183908
Th1|ImmuCellAI	0.00383141762452107
Th17|ImmuCellAI	0.00766283524904215
Tfh|ImmuCellAI	0.00574712643678161
CD8_naive|ImmuCellAI	0.000957854406130268
Cytotoxic|ImmuCellAI	0.000957854406130268
Monocytes C|ABIS	0.32280680858436
T CD8 Memory|ABIS	0.0273404508738116
T CD4 Naive|ABIS	0.238213829395587
MAIT|ABIS	0.0102865062693549
T gd Vd2|ABIS	0.000449357905450766
Neutrophils LD|ABIS	0.14482318037118
Basophils LD|ABIS	0.00703813586850597
Monocytes NC+I|ABIS	0.190165017216363
B Memory|ABIS	0.0267313814236525
mDCs|ABIS	0.0122490633865344
pDCs|ABIS	0.0198962687051996