TCGA_ACC	TCGA-OR-A5J6
B cells naive|CIBERSORT.x	0.0270240501865822
Plasma cells|CIBERSORT.x	0.0109765192398311
T cells CD8|CIBERSORT.x	0.0730862156683964
T cells CD4 memory resting|CIBERSORT.x	0.0498894995806938
T cells follicular helper|CIBERSORT.x	0.000600042541308311
NK cells activated|CIBERSORT.x	0.0882267220501144
Monocytes|CIBERSORT.x	0.0671172354172869
Macrophages M1|CIBERSORT.x	0.0259555687533909
Macrophages M2|CIBERSORT.x	0.609046146764815
Dendritic cells resting|CIBERSORT.x	0.0237173387717313
Mast cells activated|CIBERSORT.x	0.0243606610258494
B cells naive|CIBERSORT.y	0.0270240501865822
Plasma cells|CIBERSORT.y	0.0109765192398311
T cells CD8|CIBERSORT.y	0.0730862156683964
T cells CD4 memory resting|CIBERSORT.y	0.0498894995806938
T cells follicular helper|CIBERSORT.y	0.000600042541308311
NK cells activated|CIBERSORT.y	0.0882267220501144
Monocytes|CIBERSORT.y	0.0671172354172869
Macrophages M1|CIBERSORT.y	0.0259555687533909
Macrophages M2|CIBERSORT.y	0.609046146764815
Dendritic cells resting|CIBERSORT.y	0.0237173387717313
Mast cells activated|CIBERSORT.y	0.0243606610258494
Adipocytes|xCell	9.85892381635474e-20
Astrocytes|xCell	2.3009609343782e-18
B-cells|xCell	0.00927210595200968
Basophils|xCell	0.000927271576318576
CD4+ memory T-cells|xCell	0.00146811384146524
CD4+ naive T-cells|xCell	0.00106365432281778
CD4+ Tcm|xCell	0.000272562458429961
CD8+ naive T-cells|xCell	1.48990366326296e-20
CD8+ T-cells|xCell	0.0049663968867269
CD8+ Tcm|xCell	0.0110719308469125
CD8+ Tem|xCell	2.546575674587e-23
cDC|xCell	0.149238575924915
Class-switched memory B-cells|xCell	0.000476407895226492
CLP|xCell	0.00040179700744575
CMP|xCell	2.51393155329666e-19
DC|xCell	0.039420399857399
Endothelial cells|xCell	0.0403179861519399
Epithelial cells|xCell	0.00561805838922388
Fibroblasts|xCell	0.00115843733178272
GMP|xCell	0.000551445395188288
Hepatocytes|xCell	0.00129127294282285
HSC|xCell	0.0754524932104546
iDC|xCell	0.403548944187381
Keratinocytes|xCell	0.000170104158579015
ly Endothelial cells|xCell	0.0186504678063824
Macrophages|xCell	0.01393710558806
Macrophages M1|xCell	0.0137504076495259
Macrophages M2|xCell	0.00526090883258657
Mast cells|xCell	0.0088112417066527
Megakaryocytes|xCell	0.00019056856102079
Melanocytes|xCell	0.00126316903296987
Memory B-cells|xCell	2.1240768388896e-20
MEP|xCell	0.00883492245236555
Mesangial cells|xCell	0.000372740279673513
Monocytes|xCell	0.0233702102565957
MSC|xCell	0.00224445363939344
mv Endothelial cells|xCell	0.023465912484547
Myocytes|xCell	0.00304346392121045
naive B-cells|xCell	0.0058840973733224
Neurons|xCell	0.00134536376465799
Neutrophils|xCell	0.000715334757487524
Osteoblast|xCell	0.0172153540846251
pDC|xCell	0.0169427831909476
Pericytes|xCell	0.0368482073367712
Plasma cells|xCell	1.04177807312356e-19
Platelets|xCell	0.00282672682335834
pro B-cells|xCell	2.51899794427772e-18
Sebocytes|xCell	0.000773793895058215
Smooth muscle|xCell	0.0372515980950461
Th1 cells|xCell	1.19422631480366e-18
Th2 cells|xCell	0.00589028592473983
Tregs|xCell	0.00442292420596317
T cells|MCPcounter	0.0484282804240807
CD8 T cells|MCPcounter	0.0031061285902346
Cytotoxic lymphocytes|MCPcounter	0.0370710151835197
B lineage|MCPcounter	0.156252093744831
NK cells|MCPcounter	0.00774375235513282
Monocytic lineage|MCPcounter	0.140327172700489
Myeloid dendritic cells|MCPcounter	0.172428202070234
Neutrophils|MCPcounter	0.0822452604220982
Endothelial cells|MCPcounter	0.182075792865286
Fibroblasts|MCPcounter	0.170322301644094
B cells|quanTIseq	0.0164479220981148
Macrophages M2|quanTIseq	0.0879606495386512
Monocytes|quanTIseq	0.0625114944587555
Neutrophils|quanTIseq	0.0199738581569006
NK cells|quanTIseq	0.0131153534075864
T cells CD4|quanTIseq	0.0947417364392102
Tregs|quanTIseq	0.0056646978518723
other|quanTIseq	0.699584288048909
Bcells|EPIC	0.00236459905431671
CAFs|EPIC	0.00133950823541419
CD4_Tcells|EPIC	0.0854850303564664
CD8_Tcells|EPIC	0.000587237776180254
Endothelial|EPIC	0.061414262994975
Macrophages|EPIC	0.356129438571907
NKcells|EPIC	1.02512089855496e-08
otherCells|EPIC	0.492679912759532
B_cell|TIMER	0.128407490366871
T_cell.CD4|TIMER	0.073261160340843
T_cell.CD8|TIMER	0.211124676945496
Neutrophil|TIMER	0.0800397633238596
Macrophage|TIMER	0.112835685103979
DC|TIMER	0.394331223918952
B_cells|ConsensusTME	0.0285021198269486
Cytotoxic_cells|ConsensusTME	0.0527539607296668
Dendritic_cells|ConsensusTME	0.0701659363269558
Eosinophils|ConsensusTME	0.0637714928798417
Macrophages|ConsensusTME	0.0793465622778903
Mast_cells|ConsensusTME	0.0288634910176184
NK_cells|ConsensusTME	0.0381695702158616
Neutrophils|ConsensusTME	0.0610911517811012
T_cells_CD4|ConsensusTME	0.0442176185884497
T_cells_CD8|ConsensusTME	0.0427885974732609
T_cells_gamma_delta|ConsensusTME	0.0437011553864085
T_regulatory_cells|ConsensusTME	0.0509087111017072
Macrophages_M1|ConsensusTME	0.0696235914284449
Macrophages_M2|ConsensusTME	0.0939210012575063
Endothelial|ConsensusTME	0.0879957749733343
Fibroblasts|ConsensusTME	0.0434278747228933
Monocytes|ConsensusTME	0.072640076891342
Plasma_cells|ConsensusTME	0.0281113131207686
DC|ImmuCellAI	0.0873405299313052
Bcell|ImmuCellAI	0.106967615309127
Monocyte|ImmuCellAI	0.172718351324828
Macrophage|ImmuCellAI	0.130520117762512
NK|ImmuCellAI	0.123650637880275
Neutrophil|ImmuCellAI	0.0745829244357213
CD4_T|ImmuCellAI	0.0304219823356232
CD8_T|ImmuCellAI	0.0215897939156035
NKT|ImmuCellAI	0.125613346418057
Gamma_delta|ImmuCellAI	0.106967615309127
CD4_naive|ImmuCellAI	0.00098135426889107
Tr1|ImmuCellAI	0.00294406280667321
nTreg|ImmuCellAI	0.00294406280667321
iTreg|ImmuCellAI	0.00196270853778214
Th1|ImmuCellAI	0.00098135426889107
Th2|ImmuCellAI	0.00098135426889107
Th17|ImmuCellAI	0.00392541707556428
Tfh|ImmuCellAI	0.00196270853778214
Cytotoxic|ImmuCellAI	0.00098135426889107
Exhausted|ImmuCellAI	0.00098135426889107
MAIT|ImmuCellAI	0.00098135426889107
Monocytes C|ABIS	0.344581308203169
T CD8 Memory|ABIS	0.0473045672095871
T CD4 Naive|ABIS	0.112232404556079
B Naive|ABIS	0.015536303936482
MAIT|ABIS	0.0227247430712722
T gd Vd2|ABIS	0.00271305606054985
Neutrophils LD|ABIS	0.0547248914777576
T gd non-Vd2|ABIS	0.00695655400140986
Basophils LD|ABIS	0.0043037880755389
Monocytes NC+I|ABIS	0.238841687381739
mDCs|ABIS	0.144696323229325
pDCs|ABIS	0.00273624457388788
Plasmablasts|ABIS	0.00264812822320335