TCGA_ACC	TCGA-OR-A5LE
B cells memory|CIBERSORT.x	0.021414657396388
Plasma cells|CIBERSORT.x	0.093754391244721
T cells CD4 memory resting|CIBERSORT.x	0.144018520897499
T cells follicular helper|CIBERSORT.x	0.0288474258486326
T cells regulatory (Tregs)|CIBERSORT.x	0.0166601624199058
NK cells resting|CIBERSORT.x	0.0184514697271162
NK cells activated|CIBERSORT.x	0.0572388232377047
Monocytes|CIBERSORT.x	0.0331152301557876
Macrophages M0|CIBERSORT.x	0.0674676361240162
Macrophages M2|CIBERSORT.x	0.0284217682618628
Dendritic cells activated|CIBERSORT.x	0.355957019668598
Mast cells resting|CIBERSORT.x	0.0800947349734652
Eosinophils|CIBERSORT.x	0.0545581600443021
B cells memory|CIBERSORT.y	0.021414657396388
Plasma cells|CIBERSORT.y	0.093754391244721
T cells CD4 memory resting|CIBERSORT.y	0.144018520897499
T cells follicular helper|CIBERSORT.y	0.0288474258486326
T cells regulatory (Tregs)|CIBERSORT.y	0.0166601624199058
NK cells resting|CIBERSORT.y	0.0184514697271162
NK cells activated|CIBERSORT.y	0.0572388232377047
Monocytes|CIBERSORT.y	0.0331152301557876
Macrophages M0|CIBERSORT.y	0.0674676361240162
Macrophages M2|CIBERSORT.y	0.0284217682618628
Dendritic cells activated|CIBERSORT.y	0.355957019668598
Mast cells resting|CIBERSORT.y	0.0800947349734652
Eosinophils|CIBERSORT.y	0.0545581600443021
aDC|xCell	0.0109277363712746
Astrocytes|xCell	2.21640651366382e-17
B-cells|xCell	0.0223362411323347
Basophils|xCell	0.0382007486410242
CD4+ memory T-cells|xCell	0.000478303133913074
CD4+ naive T-cells|xCell	5.4358713191451e-19
CD4+ T-cells|xCell	2.75249119770173e-19
CD4+ Tem|xCell	7.64443429461761e-18
cDC|xCell	2.44265931022941e-19
Chondrocytes|xCell	2.6820878080627e-17
CLP|xCell	0.0114939027654765
CMP|xCell	1.684101107451e-18
DC|xCell	0.00310942104492993
Endothelial cells|xCell	0.0299426873900577
Epithelial cells|xCell	0.00357081055532107
Erythrocytes|xCell	0.000122979612236201
HSC|xCell	0.0167584987364527
iDC|xCell	0.0493427848073929
Keratinocytes|xCell	2.97646252944629e-20
ly Endothelial cells|xCell	0.00270609149666076
Macrophages|xCell	0.00936817977352698
Macrophages M1|xCell	0.0120836528544905
Macrophages M2|xCell	0.00564666737164761
Mast cells|xCell	0.00329131618634082
Megakaryocytes|xCell	0.000550358252753538
Melanocytes|xCell	0.000916066859369829
Memory B-cells|xCell	0.0180424185197001
MEP|xCell	0.00535200993398532
Mesangial cells|xCell	0.00434100809621389
MPP|xCell	0.0099879186334872
MSC|xCell	0.448827036224386
mv Endothelial cells|xCell	0.0182321445938294
Myocytes|xCell	0.0129315949332818
Neurons|xCell	0.0171131258588632
Neutrophils|xCell	5.89469639239802e-20
NK cells|xCell	5.49058582739787e-18
NKT|xCell	0.00927996895995966
pDC|xCell	0.0291846210303436
Pericytes|xCell	2.05217341274926e-17
Plasma cells|xCell	0.022648603029411
Platelets|xCell	5.34123536240739e-19
pro B-cells|xCell	0.0658483607790773
Sebocytes|xCell	9.03300067369114e-21
Smooth muscle|xCell	1.56764075048303e-17
Th1 cells|xCell	0.00661664283082017
Th2 cells|xCell	0.110748099591437
Tregs|xCell	3.8443302248734e-18
T cells|MCPcounter	0.0516302135564032
Cytotoxic lymphocytes|MCPcounter	0.0105924384569955
B lineage|MCPcounter	0.121858335210853
NK cells|MCPcounter	0.0137585076874591
Monocytic lineage|MCPcounter	0.0517500983303507
Myeloid dendritic cells|MCPcounter	0.0150839897125249
Neutrophils|MCPcounter	0.114288103890859
Endothelial cells|MCPcounter	0.256544364579671
Fibroblasts|MCPcounter	0.364493948574884
B cells|quanTIseq	0.0182102873994279
Macrophages M2|quanTIseq	0.0249276203154308
Monocytes|quanTIseq	0.00707543961337805
Neutrophils|quanTIseq	0.00137611158189922
NK cells|quanTIseq	0.0129514080677451
T cells CD4|quanTIseq	0.175566570610579
Dendritic cells|quanTIseq	0.0431116345928241
other|quanTIseq	0.716780927818716
Bcells|EPIC	0.00496977591997407
CAFs|EPIC	0.00290271338489219
CD4_Tcells|EPIC	0.0841914198344534
CD8_Tcells|EPIC	0.0240866601155316
Endothelial|EPIC	0.0174989868810643
Macrophages|EPIC	0.0126502508037715
NKcells|EPIC	1.396699732017e-10
otherCells|EPIC	0.853700192920643
B_cell|TIMER	0.101678732165647
T_cell.CD4|TIMER	0.0803656018128912
T_cell.CD8|TIMER	0.216687137058758
Neutrophil|TIMER	0.108716438762711
Macrophage|TIMER	0.0318088920875455
DC|TIMER	0.460743198112448
DC|ImmuCellAI	0.0466222645099905
Bcell|ImmuCellAI	0.156993339676499
Monocyte|ImmuCellAI	0.0266412940057088
Macrophage|ImmuCellAI	0.0466222645099905
Neutrophil|ImmuCellAI	0.198858230256898
CD4_T|ImmuCellAI	0.077069457659372
CD8_T|ImmuCellAI	0.0399619410085633
NKT|ImmuCellAI	0.261655566127498
Gamma_delta|ImmuCellAI	0.0951474785918173
CD4_naive|ImmuCellAI	0.00570884871550904
nTreg|ImmuCellAI	0.00285442435775452
iTreg|ImmuCellAI	0.00285442435775452
Th1|ImmuCellAI	0.00285442435775452
Th2|ImmuCellAI	0.0190294957183635
Th17|ImmuCellAI	0.00570884871550904
Tfh|ImmuCellAI	0.00285442435775452
CD8_naive|ImmuCellAI	0.00190294957183635
Cytotoxic|ImmuCellAI	0.00285442435775452
MAIT|ImmuCellAI	0.00380589914367269
Monocytes C|ABIS	0.213695211355483
NK|ABIS	0.00265169240368117
T CD8 Memory|ABIS	0.0155669942286695
T CD4 Naive|ABIS	0.147090937451256
T CD8 Naive|ABIS	0.00209015754172516
MAIT|ABIS	0.0101700202776478
Neutrophils LD|ABIS	0.18873810637966
T gd non-Vd2|ABIS	0.00726875682420839
Basophils LD|ABIS	0.0594291062236781
Monocytes NC+I|ABIS	0.126345343940103
B Memory|ABIS	0.127593199188894
mDCs|ABIS	0.0553735766651069
pDCs|ABIS	0.0439868975198877