TCGA_ACC	TCGA-P6-A5OG
B cells naive|CIBERSORT.x	0.01169296687533
T cells CD8|CIBERSORT.x	0.232280352931201
T cells CD4 memory activated|CIBERSORT.x	0.0791072944530272
T cells regulatory (Tregs)|CIBERSORT.x	0.0102889382706069
NK cells activated|CIBERSORT.x	0.0653896275342835
Monocytes|CIBERSORT.x	0.0167785220199552
Macrophages M0|CIBERSORT.x	0.110342965076599
Macrophages M1|CIBERSORT.x	0.0351876644519123
Macrophages M2|CIBERSORT.x	0.331291371145466
Mast cells activated|CIBERSORT.x	0.0688667381745653
Neutrophils|CIBERSORT.x	0.0387735590670542
B cells naive|CIBERSORT.y	0.01169296687533
T cells CD8|CIBERSORT.y	0.232280352931201
T cells CD4 memory activated|CIBERSORT.y	0.0791072944530272
T cells regulatory (Tregs)|CIBERSORT.y	0.0102889382706069
NK cells activated|CIBERSORT.y	0.0653896275342835
Monocytes|CIBERSORT.y	0.0167785220199552
Macrophages M0|CIBERSORT.y	0.110342965076599
Macrophages M1|CIBERSORT.y	0.0351876644519123
Macrophages M2|CIBERSORT.y	0.331291371145466
Mast cells activated|CIBERSORT.y	0.0688667381745653
Neutrophils|CIBERSORT.y	0.0387735590670542
aDC|xCell	0.0119162742498197
Astrocytes|xCell	0.00223106504018839
B-cells|xCell	2.56362072964999e-19
Basophils|xCell	0.0256169172770238
CD4+ memory T-cells|xCell	0.00255598853461272
CD4+ naive T-cells|xCell	0.0131170641646699
CD4+ Tcm|xCell	2.69952240095036e-19
CD8+ T-cells|xCell	0.0196525458633868
CD8+ Tcm|xCell	0.0248072868758626
CD8+ Tem|xCell	0.0173686017151799
cDC|xCell	0.0270636121698897
Chondrocytes|xCell	5.88437524728871e-20
CLP|xCell	3.80634420898906e-21
CMP|xCell	3.06733814930409e-19
DC|xCell	0.0211324765157467
Endothelial cells|xCell	0.0555469705802437
Epithelial cells|xCell	0.0252975579087773
Erythrocytes|xCell	0.000837755128417295
Fibroblasts|xCell	0.0346410571699843
GMP|xCell	0.00398820954063278
Hepatocytes|xCell	8.21226773871908e-05
HSC|xCell	0.0176269119093985
iDC|xCell	0.281976530501663
Keratinocytes|xCell	0.00172005156116174
ly Endothelial cells|xCell	0.0260233402605222
Macrophages|xCell	0.00441025331167413
Macrophages M1|xCell	0.00233237844548584
Megakaryocytes|xCell	0.000545962981611138
Melanocytes|xCell	0.000171606540179786
MEP|xCell	0.00135968658862958
Mesangial cells|xCell	0.0077932894196068
Monocytes|xCell	0.0562221958894622
MSC|xCell	0.0965048887090848
mv Endothelial cells|xCell	0.029306840421287
Myocytes|xCell	0.000602243452993936
Neurons|xCell	5.55683680866094e-05
Neutrophils|xCell	0.0157822224048658
NKT|xCell	0.0226145524729582
Osteoblast|xCell	2.899420808158e-20
pDC|xCell	0.0130029891355231
Pericytes|xCell	0.0312475154182938
Plasma cells|xCell	4.98714246273197e-20
Preadipocytes|xCell	0.0152072456359061
pro B-cells|xCell	0.00554525553119728
Sebocytes|xCell	0.00144557144633011
Skeletal muscle|xCell	0.00127979957015564
Smooth muscle|xCell	9.04451966298884e-19
Tgd cells|xCell	3.83200566858384e-18
Th1 cells|xCell	0.00674973811529944
Th2 cells|xCell	0.0746178564968007
Tregs|xCell	1.1344352552776e-19
T cells|MCPcounter	0.0783546863433643
CD8 T cells|MCPcounter	0.0286133604059188
Cytotoxic lymphocytes|MCPcounter	0.0857076671541697
B lineage|MCPcounter	0.074752135376115
NK cells|MCPcounter	0.0191527162089527
Monocytic lineage|MCPcounter	0.110453147269907
Myeloid dendritic cells|MCPcounter	0.041859480628587
Neutrophils|MCPcounter	0.106171833160887
Endothelial cells|MCPcounter	0.153096997380298
Fibroblasts|MCPcounter	0.301837976071801
B cells|quanTIseq	0.0118456754247948
Macrophages M1|quanTIseq	0.0553586225676586
Macrophages M2|quanTIseq	0.0292078529428485
Neutrophils|quanTIseq	0.152946669134497
NK cells|quanTIseq	0.0135162067580498
T cells CD8|quanTIseq	0.0150246337133215
Tregs|quanTIseq	0.0177323194132961
other|quanTIseq	0.704368020045534
Bcells|EPIC	3.72533326839145e-05
CAFs|EPIC	0.225206213618741
CD4_Tcells|EPIC	0.0162022801629238
CD8_Tcells|EPIC	7.7920783805433e-07
Endothelial|EPIC	0.130131731705372
Macrophages|EPIC	0.0984366593201718
NKcells|EPIC	0.000711766970169256
otherCells|EPIC	0.5292733156821
B_cell|TIMER	0.0720021362177641
T_cell.CD4|TIMER	0.104055148028009
T_cell.CD8|TIMER	0.188093593315446
Neutrophil|TIMER	0.167106044637959
Macrophage|TIMER	0.143149177987822
DC|TIMER	0.325593899813
B_cells|ConsensusTME	0.0344799039214548
Cytotoxic_cells|ConsensusTME	0.0590669739485969
Dendritic_cells|ConsensusTME	0.0579931217747356
Eosinophils|ConsensusTME	0.0543329538746563
Macrophages|ConsensusTME	0.0684381429728908
Mast_cells|ConsensusTME	0.0416851131454519
NK_cells|ConsensusTME	0.0475018780372831
Neutrophils|ConsensusTME	0.0631821664410845
T_cells_CD4|ConsensusTME	0.0527812933464998
T_cells_CD8|ConsensusTME	0.0520946667524481
T_cells_gamma_delta|ConsensusTME	0.0540932542444624
T_regulatory_cells|ConsensusTME	0.0567653227751216
Macrophages_M1|ConsensusTME	0.061721811675451
Macrophages_M2|ConsensusTME	0.0728370149210216
Endothelial|ConsensusTME	0.0704618299249305
Fibroblasts|ConsensusTME	0.0473181247690533
Monocytes|ConsensusTME	0.0650110829572438
Plasma_cells|ConsensusTME	0.0402353445176142
DC|ImmuCellAI	0.0611854684512428
Bcell|ImmuCellAI	0.0363288718929254
Monocyte|ImmuCellAI	0.0678776290630975
Macrophage|ImmuCellAI	0.0592734225621415
NK|ImmuCellAI	0.17208413001912
Neutrophil|ImmuCellAI	0.215105162523901
CD4_T|ImmuCellAI	0.0621414913957935
CD8_T|ImmuCellAI	0.0592734225621415
NKT|ImmuCellAI	0.14244741873805
Gamma_delta|ImmuCellAI	0.0793499043977055
CD4_naive|ImmuCellAI	0.000956022944550669
Tr1|ImmuCellAI	0.00764818355640535
nTreg|ImmuCellAI	0.00573613766730402
iTreg|ImmuCellAI	0.00382409177820268
Th1|ImmuCellAI	0.00286806883365201
Th2|ImmuCellAI	0.000956022944550669
Th17|ImmuCellAI	0.000956022944550669
Tfh|ImmuCellAI	0.00669216061185468
CD8_naive|ImmuCellAI	0.000956022944550669
Cytotoxic|ImmuCellAI	0.00478011472275335
Exhausted|ImmuCellAI	0.00382409177820268
MAIT|ImmuCellAI	0.00573613766730402
Monocytes C|ABIS	0.649443998139614
NK|ABIS	0.00266373514861951
T CD8 Memory|ABIS	0.157287218299438
T CD4 Naive|ABIS	0.127690161092554
MAIT|ABIS	0.0049553930066382
Neutrophils LD|ABIS	0.0465942243456936
Basophils LD|ABIS	0.00175891082829479
B Memory|ABIS	0.00560652826518963
pDCs|ABIS	0.00205488140036362
Plasmablasts|ABIS	0.0019449494735952