TCGA_ACC	TCGA-OR-A5L3
B cells memory|CIBERSORT.x	0.028720611138047
Plasma cells|CIBERSORT.x	0.0170329221540205
T cells CD8|CIBERSORT.x	0.0850961400113143
T cells CD4 naive|CIBERSORT.x	0.0655273282915843
T cells CD4 memory resting|CIBERSORT.x	0.0724705282398814
NK cells activated|CIBERSORT.x	0.127597780961162
Monocytes|CIBERSORT.x	0.119904577368448
Macrophages M1|CIBERSORT.x	0.00935071391710452
Macrophages M2|CIBERSORT.x	0.388331607348387
Dendritic cells activated|CIBERSORT.x	0.0609488190450706
Mast cells activated|CIBERSORT.x	0.0250189715249799
B cells memory|CIBERSORT.y	0.028720611138047
Plasma cells|CIBERSORT.y	0.0170329221540205
T cells CD8|CIBERSORT.y	0.0850961400113143
T cells CD4 naive|CIBERSORT.y	0.0655273282915843
T cells CD4 memory resting|CIBERSORT.y	0.0724705282398814
NK cells activated|CIBERSORT.y	0.127597780961162
Monocytes|CIBERSORT.y	0.119904577368448
Macrophages M1|CIBERSORT.y	0.00935071391710452
Macrophages M2|CIBERSORT.y	0.388331607348387
Dendritic cells activated|CIBERSORT.y	0.0609488190450706
Mast cells activated|CIBERSORT.y	0.0250189715249799
aDC|xCell	0.135271141734589
Adipocytes|xCell	0.00459002891750267
CD4+ T-cells|xCell	1.36554141134904e-18
CD4+ Tcm|xCell	0.0319500985021279
CD4+ Tem|xCell	0.00756614664401185
CD8+ naive T-cells|xCell	1.68168439213475e-19
CD8+ T-cells|xCell	2.75133767258605e-19
CD8+ Tcm|xCell	2.64703632415432e-21
CD8+ Tem|xCell	9.193735000422e-19
cDC|xCell	0.0090667432980429
Chondrocytes|xCell	5.55123705982514e-18
DC|xCell	0.0157302847902931
Endothelial cells|xCell	0.027295822313958
Eosinophils|xCell	1.37039143805318e-19
Epithelial cells|xCell	0.0076140314789269
Fibroblasts|xCell	0.0234529694080784
GMP|xCell	0.0209584894775327
HSC|xCell	0.134646395984697
iDC|xCell	0.0694616681556756
ly Endothelial cells|xCell	0.00863963614688656
Macrophages|xCell	0.0311361423053093
Macrophages M1|xCell	0.0353578194753383
Macrophages M2|xCell	0.014397237149298
Mast cells|xCell	0.00678442109083304
Megakaryocytes|xCell	0.000975527557115337
Melanocytes|xCell	0.00276052538073952
Memory B-cells|xCell	1.01143576464953e-17
MEP|xCell	0.01214298394178
Mesangial cells|xCell	0.0185949943238167
Monocytes|xCell	0.0154721480309684
MPP|xCell	0.00237135937728193
MSC|xCell	0.131687747138112
mv Endothelial cells|xCell	0.0205138529432151
Myocytes|xCell	0.00632863781759542
Neurons|xCell	0.0109919420273742
NK cells|xCell	3.41991573807655e-18
NKT|xCell	0.0397818878159487
Osteoblast|xCell	0.00876192501761026
pDC|xCell	2.31124670956616e-18
Pericytes|xCell	0.0423805792499026
Plasma cells|xCell	0.0140582928368182
Platelets|xCell	0.00165598443433328
Sebocytes|xCell	4.37775734119123e-21
Smooth muscle|xCell	0.0811396821954519
Th1 cells|xCell	0.00294475922375384
Th2 cells|xCell	1.58443561088249e-20
Tregs|xCell	0.00351809381508151
T cells|MCPcounter	0.0509076185415233
CD8 T cells|MCPcounter	0.00533769179862685
Cytotoxic lymphocytes|MCPcounter	0.031195252087745
B lineage|MCPcounter	0.115869530646137
NK cells|MCPcounter	0.0055357586136806
Monocytic lineage|MCPcounter	0.108360567141418
Myeloid dendritic cells|MCPcounter	0.0368560926522907
Neutrophils|MCPcounter	0.118272721572669
Endothelial cells|MCPcounter	0.195113419637404
Fibroblasts|MCPcounter	0.332551347308506
B cells|quanTIseq	0.00882173852448024
Macrophages M2|quanTIseq	0.0522200725388549
Monocytes|quanTIseq	0.037314408547534
NK cells|quanTIseq	0.0344318750147107
T cells CD4|quanTIseq	0.121397673075105
Tregs|quanTIseq	0.0133593970784603
Dendritic cells|quanTIseq	0.0161205224495535
other|quanTIseq	0.716334312771302
Bcells|EPIC	0.00218624678088432
CAFs|EPIC	0.00136097857686458
CD4_Tcells|EPIC	0.0476790177645788
CD8_Tcells|EPIC	0.0057161421908553
Endothelial|EPIC	0.0233902453852217
Macrophages|EPIC	0.0405123605700127
NKcells|EPIC	4.64136048207206e-09
otherCells|EPIC	0.879155004090222
B_cell|TIMER	0.100495525213429
T_cell.CD4|TIMER	0.0886014600267328
T_cell.CD8|TIMER	0.202527434544913
Neutrophil|TIMER	0.107437353465939
Macrophage|TIMER	0.0443259418036921
DC|TIMER	0.456612284945293
B_cells|ConsensusTME	0.0168297511533931
Cytotoxic_cells|ConsensusTME	0.0500683119378208
Dendritic_cells|ConsensusTME	0.0647612151323395
Eosinophils|ConsensusTME	0.0538381415046438
Macrophages|ConsensusTME	0.0897022973622325
Mast_cells|ConsensusTME	0.0269229867936252
NK_cells|ConsensusTME	0.0294448639241068
Neutrophils|ConsensusTME	0.0609718783915372
T_cells_CD4|ConsensusTME	0.0371823314862981
T_cells_CD8|ConsensusTME	0.0337037884177398
T_cells_gamma_delta|ConsensusTME	0.0318549064967138
T_regulatory_cells|ConsensusTME	0.0427855006310501
Macrophages_M1|ConsensusTME	0.0690042099916201
Macrophages_M2|ConsensusTME	0.0997512772869361
Endothelial|ConsensusTME	0.105934684141922
Fibroblasts|ConsensusTME	0.0905990506998794
Monocytes|ConsensusTME	0.0781956865966389
Plasma_cells|ConsensusTME	0.0184491180515025
DC|ImmuCellAI	0.0752587017873942
Bcell|ImmuCellAI	0.101599247412982
Monocyte|ImmuCellAI	0.090310442144873
Macrophage|ImmuCellAI	0.125117591721543
NK|ImmuCellAI	0.0743179680150517
Neutrophil|ImmuCellAI	0.134524929444967
CD4_T|ImmuCellAI	0.107243650047037
CD8_T|ImmuCellAI	0.0338664158043274
NKT|ImmuCellAI	0.0790216368767639
Gamma_delta|ImmuCellAI	0.119473189087488
CD4_naive|ImmuCellAI	0.00282220131702728
Tr1|ImmuCellAI	0.00846660395108184
nTreg|ImmuCellAI	0.00940733772342427
iTreg|ImmuCellAI	0.00470366886171214
Th2|ImmuCellAI	0.0150517403574788
Th17|ImmuCellAI	0.0103480714957667
CD8_naive|ImmuCellAI	0.000940733772342427
Cytotoxic|ImmuCellAI	0.00376293508936971
Exhausted|ImmuCellAI	0.000940733772342427
MAIT|ImmuCellAI	0.00282220131702728
Monocytes C|ABIS	0.62116197993169
NK|ABIS	0.00243332684446175
T CD8 Memory|ABIS	0.0515865291025891
T CD4 Naive|ABIS	0.125648149786752
MAIT|ABIS	0.00598155980674961
Neutrophils LD|ABIS	0.115914842408905
Basophils LD|ABIS	0.0056895605854142
B Memory|ABIS	0.0461004831259844
mDCs|ABIS	0.00769816128975171
pDCs|ABIS	0.0177854071177022