TCGA_ACC	TCGA-OR-A5JP
B cells naive|CIBERSORT.x	0.00125956547089091
B cells memory|CIBERSORT.x	0.00909088852047037
Plasma cells|CIBERSORT.x	0.0149561796942632
T cells CD8|CIBERSORT.x	0.0481712552109482
T cells CD4 naive|CIBERSORT.x	0.0638585115428756
T cells CD4 memory resting|CIBERSORT.x	0.191896512943129
NK cells activated|CIBERSORT.x	0.0835118353852548
Monocytes|CIBERSORT.x	0.0461347968386226
Macrophages M0|CIBERSORT.x	0.154645674113052
Macrophages M1|CIBERSORT.x	0.0510603352386216
Macrophages M2|CIBERSORT.x	0.293829181589877
Dendritic cells activated|CIBERSORT.x	0.00173479469159059
Mast cells activated|CIBERSORT.x	0.0398504687604037
B cells naive|CIBERSORT.y	0.00125956547089091
B cells memory|CIBERSORT.y	0.00909088852047037
Plasma cells|CIBERSORT.y	0.0149561796942632
T cells CD8|CIBERSORT.y	0.0481712552109482
T cells CD4 naive|CIBERSORT.y	0.0638585115428756
T cells CD4 memory resting|CIBERSORT.y	0.191896512943129
NK cells activated|CIBERSORT.y	0.0835118353852548
Monocytes|CIBERSORT.y	0.0461347968386226
Macrophages M0|CIBERSORT.y	0.154645674113052
Macrophages M1|CIBERSORT.y	0.0510603352386216
Macrophages M2|CIBERSORT.y	0.293829181589877
Dendritic cells activated|CIBERSORT.y	0.00173479469159059
Mast cells activated|CIBERSORT.y	0.0398504687604037
aDC|xCell	0.0202187401207748
Adipocytes|xCell	0.00107218055945448
Astrocytes|xCell	0.0165813255538746
Basophils|xCell	0.0426102098659499
CD4+ memory T-cells|xCell	2.31568994144036e-20
CD8+ naive T-cells|xCell	2.08460148316308e-20
CD8+ T-cells|xCell	1.74196607400501e-18
CD8+ Tcm|xCell	8.17402616821413e-19
cDC|xCell	0.0044240825407867
Class-switched memory B-cells|xCell	0.00783919983397527
CLP|xCell	0.00287279251918129
CMP|xCell	0.00125365142575346
DC|xCell	4.30016952597394e-19
Endothelial cells|xCell	0.0341085430238011
Eosinophils|xCell	2.68264129921879e-18
Epithelial cells|xCell	0.00519045234077541
Fibroblasts|xCell	0.00409460728127673
GMP|xCell	0.00740383508229414
Hepatocytes|xCell	0.000596027127593497
HSC|xCell	0.154602265068696
iDC|xCell	0.0140627035825481
Keratinocytes|xCell	1.59097785881499e-21
ly Endothelial cells|xCell	0.0122670547779105
Macrophages|xCell	1.97064264383057e-20
Macrophages M1|xCell	0.00745625320278942
Megakaryocytes|xCell	1.32534404286473e-19
Melanocytes|xCell	1.38483245196182e-20
MEP|xCell	0.0233839288631524
Mesangial cells|xCell	0.0993269405346743
Monocytes|xCell	2.31433056714721e-18
MPP|xCell	7.79907392504523e-18
MSC|xCell	0.221866204070194
mv Endothelial cells|xCell	0.0222916039977691
Myocytes|xCell	0.00452067025815591
Neurons|xCell	0.00624286626194634
Neutrophils|xCell	0.000365745976305477
NK cells|xCell	7.90195045703417e-19
NKT|xCell	8.80779845285884e-19
Osteoblast|xCell	2.06273945960497e-18
pDC|xCell	0.0428656443497377
Pericytes|xCell	0.0289236104613144
Plasma cells|xCell	0.00343548982680384
Platelets|xCell	2.76899757999472e-18
pro B-cells|xCell	1.26591769067445e-18
Sebocytes|xCell	0.000570243926211923
Smooth muscle|xCell	0.109806235466455
Tgd cells|xCell	6.18814350248318e-18
Th1 cells|xCell	0.0135367861438383
Th2 cells|xCell	0.0862101059560059
Tregs|xCell	5.26493248978065e-19
T cells|MCPcounter	0.0289353822879497
CD8 T cells|MCPcounter	0.000700246039797327
Cytotoxic lymphocytes|MCPcounter	0.0223370498577044
B lineage|MCPcounter	0.119332982955991
NK cells|MCPcounter	0.00324151311965837
Monocytic lineage|MCPcounter	0.0580858787907242
Myeloid dendritic cells|MCPcounter	0.0410560619407683
Neutrophils|MCPcounter	0.0783211413470986
Endothelial cells|MCPcounter	0.198397546887308
Fibroblasts|MCPcounter	0.449592196773
B cells|quanTIseq	0.0151145577763365
Macrophages M2|quanTIseq	0.00883103831603823
Monocytes|quanTIseq	0.0037482470102358
NK cells|quanTIseq	0.00637321513119185
T cells CD4|quanTIseq	0.0442811950053733
Tregs|quanTIseq	0.000665709258416129
Dendritic cells|quanTIseq	0.0916602975742437
other|quanTIseq	0.829325739928164
Bcells|EPIC	0.00145581600933045
CAFs|EPIC	0.0131106060049659
CD4_Tcells|EPIC	0.0546797536095724
CD8_Tcells|EPIC	4.81279591471329e-09
Endothelial|EPIC	0.0251568244873268
Macrophages|EPIC	0.0212580284664065
NKcells|EPIC	3.96695949418815e-09
otherCells|EPIC	0.884338962642643
B_cell|TIMER	0.100860827080691
T_cell.CD4|TIMER	0.0832822848503609
T_cell.CD8|TIMER	0.211824650898775
Neutrophil|TIMER	0.107731455750343
Macrophage|TIMER	0.0434831790394158
DC|TIMER	0.452817602380414
B_cells|ConsensusTME	0.0152193079117253
Cytotoxic_cells|ConsensusTME	0.051823237474538
Dendritic_cells|ConsensusTME	0.0649782841601059
Eosinophils|ConsensusTME	0.0498264247482505
Macrophages|ConsensusTME	0.0802696497313352
Mast_cells|ConsensusTME	0.0369424704541171
NK_cells|ConsensusTME	0.0327755785331015
Neutrophils|ConsensusTME	0.0407019067658619
T_cells_CD4|ConsensusTME	0.0371412547339325
T_cells_CD8|ConsensusTME	0.0367869804512329
T_cells_gamma_delta|ConsensusTME	0.029502363414731
T_regulatory_cells|ConsensusTME	0.0368899603477781
Macrophages_M1|ConsensusTME	0.073383649209825
Macrophages_M2|ConsensusTME	0.0955476816576916
Endothelial|ConsensusTME	0.125777054273254
Fibroblasts|ConsensusTME	0.114348237710761
Monocytes|ConsensusTME	0.0644239099729706
Plasma_cells|ConsensusTME	0.0136620484487879
DC|ImmuCellAI	0.132
Bcell|ImmuCellAI	0.132
Monocyte|ImmuCellAI	0.151
Macrophage|ImmuCellAI	0.07
NK|ImmuCellAI	0.177
Neutrophil|ImmuCellAI	0.203
NKT|ImmuCellAI	0.08
Gamma_delta|ImmuCellAI	0.055
Monocytes C|ABIS	0.813473795923203
NK|ABIS	0.00438024351650956
T CD8 Memory|ABIS	0.0153099940053239
T CD4 Naive|ABIS	0.0809302135431289
MAIT|ABIS	0.00538144203456888
T gd Vd2|ABIS	0.000742555567560667
Neutrophils LD|ABIS	0.0110131836986526
T gd non-Vd2|ABIS	0.000286593075794482
Basophils LD|ABIS	0.0100954183904315
B Memory|ABIS	0.0372529281927908
pDCs|ABIS	0.0209000190644885
Plasmablasts|ABIS	0.000233612987547176