TCGA_ACC	TCGA-OR-A5K3
B cells memory|CIBERSORT.x	0.0357242103896152
T cells CD8|CIBERSORT.x	0.152000621632691
T cells CD4 memory resting|CIBERSORT.x	0.129756137395768
NK cells activated|CIBERSORT.x	0.0664653279143425
Monocytes|CIBERSORT.x	0.132245535148718
Macrophages M1|CIBERSORT.x	0.0541755697581969
Macrophages M2|CIBERSORT.x	0.399988760901103
Dendritic cells activated|CIBERSORT.x	0.00576234674918688
Mast cells resting|CIBERSORT.x	0.0184439388377644
Eosinophils|CIBERSORT.x	0.00543755127261417
B cells memory|CIBERSORT.y	0.0357242103896152
T cells CD8|CIBERSORT.y	0.152000621632691
T cells CD4 memory resting|CIBERSORT.y	0.129756137395768
NK cells activated|CIBERSORT.y	0.0664653279143425
Monocytes|CIBERSORT.y	0.132245535148718
Macrophages M1|CIBERSORT.y	0.0541755697581969
Macrophages M2|CIBERSORT.y	0.399988760901103
Dendritic cells activated|CIBERSORT.y	0.00576234674918688
Mast cells resting|CIBERSORT.y	0.0184439388377644
Eosinophils|CIBERSORT.y	0.00543755127261417
aDC|xCell	0.0723788779791697
Adipocytes|xCell	6.81425816383809e-20
Astrocytes|xCell	2.17267053937908e-18
B-cells|xCell	0.0754392018807035
Basophils|xCell	0.0232833521152245
CD4+ T-cells|xCell	3.80636639073483e-18
CD4+ Tcm|xCell	0.0256529025252731
CD4+ Tem|xCell	1.61802216925349e-18
CD8+ naive T-cells|xCell	1.77920141529516e-18
CD8+ T-cells|xCell	1.5156752877716e-18
CD8+ Tcm|xCell	1.85863091098212e-18
CD8+ Tem|xCell	5.84365617331523e-19
cDC|xCell	0.00792493203722252
Chondrocytes|xCell	0.00369586220714358
Class-switched memory B-cells|xCell	0.0313675146923083
CLP|xCell	0.00455287422394329
CMP|xCell	0.00341242286161624
DC|xCell	0.00436273855514914
Endothelial cells|xCell	0.0428439325903398
Epithelial cells|xCell	0.0180608812615671
Fibroblasts|xCell	0.0172531926454835
GMP|xCell	0.00500520902925167
Hepatocytes|xCell	0.00164685556216048
HSC|xCell	0.0673886112485581
iDC|xCell	0.0426382064971186
ly Endothelial cells|xCell	0.00470915877056194
Macrophages|xCell	0.0402590347240404
Macrophages M1|xCell	0.0249803013924425
Macrophages M2|xCell	0.0219157756490093
Mast cells|xCell	0.00784780445696079
Megakaryocytes|xCell	4.1529321337419e-20
Memory B-cells|xCell	0.0124958174585205
MEP|xCell	0.0294869906351923
Mesangial cells|xCell	0.0102490235156929
Monocytes|xCell	0.0233156181118868
MPP|xCell	0.0021108604132457
mv Endothelial cells|xCell	0.0138452067207156
Myocytes|xCell	0.000725765308592428
naive B-cells|xCell	0.00938216753869572
Neurons|xCell	0.0244656514047327
Neutrophils|xCell	0.000102704889840811
NK cells|xCell	7.51101289022183e-18
NKT|xCell	0.129164062767677
Osteoblast|xCell	0.0093090500669434
pDC|xCell	7.1663457492572e-20
Pericytes|xCell	0.0361934098886482
Plasma cells|xCell	0.00686748440932424
Platelets|xCell	1.50747148889864e-19
pro B-cells|xCell	0.00728131605900647
Sebocytes|xCell	0.000120897337724644
Smooth muscle|xCell	0.103460886652442
Tgd cells|xCell	8.90257642042831e-18
Th1 cells|xCell	0.0111457348456376
Th2 cells|xCell	0.0138080361896159
Tregs|xCell	0.0098496728806168
T cells|MCPcounter	0.0557029491064572
CD8 T cells|MCPcounter	0.00384836993154379
Cytotoxic lymphocytes|MCPcounter	0.0452054316416432
B lineage|MCPcounter	0.155997068566902
NK cells|MCPcounter	0.00855384415089332
Monocytic lineage|MCPcounter	0.141527788520359
Myeloid dendritic cells|MCPcounter	0.0651759687659706
Neutrophils|MCPcounter	0.0790351325725373
Endothelial cells|MCPcounter	0.195479749313478
Fibroblasts|MCPcounter	0.249473697430216
B cells|quanTIseq	0.0130574884237391
Macrophages M2|quanTIseq	0.0570282377265105
Monocytes|quanTIseq	0.0759337279267305
NK cells|quanTIseq	0.0131770924777467
T cells CD4|quanTIseq	0.0749604758728115
Tregs|quanTIseq	0.00112872245255313
other|quanTIseq	0.764714255119909
Bcells|EPIC	0.00040696201868749
CAFs|EPIC	0.00143937706105188
CD4_Tcells|EPIC	0.0874372444946866
CD8_Tcells|EPIC	3.0169793579788e-09
Endothelial|EPIC	0.018036955897369
Macrophages|EPIC	0.0358477785850944
NKcells|EPIC	1.11652006406574e-10
otherCells|EPIC	0.856831678814479
B_cell|TIMER	0.09959089968065
T_cell.CD4|TIMER	0.0946414123104923
T_cell.CD8|TIMER	0.187260416904367
Neutrophil|TIMER	0.0999190069528899
Macrophage|TIMER	0.0673282146671245
DC|TIMER	0.451260049484477
B_cells|ConsensusTME	0.0250155160740739
Cytotoxic_cells|ConsensusTME	0.0506005649538045
Dendritic_cells|ConsensusTME	0.0646163756216256
Eosinophils|ConsensusTME	0.0666814796060555
Macrophages|ConsensusTME	0.0834016602850658
Mast_cells|ConsensusTME	0.0442630327316861
NK_cells|ConsensusTME	0.0299852883920299
Neutrophils|ConsensusTME	0.0544847434948875
T_cells_CD4|ConsensusTME	0.0460297838050531
T_cells_CD8|ConsensusTME	0.0399586883780775
T_cells_gamma_delta|ConsensusTME	0.0363747265946152
T_regulatory_cells|ConsensusTME	0.045049191240127
Macrophages_M1|ConsensusTME	0.0720484067522207
Macrophages_M2|ConsensusTME	0.0941143600798862
Endothelial|ConsensusTME	0.0764853171001198
Fibroblasts|ConsensusTME	0.0697889315103462
Monocytes|ConsensusTME	0.0774606448084279
Plasma_cells|ConsensusTME	0.0236412885718976
DC|ImmuCellAI	0.0753623188405797
Bcell|ImmuCellAI	0.0879227053140097
Monocyte|ImmuCellAI	0.127536231884058
Macrophage|ImmuCellAI	0.102415458937198
NK|ImmuCellAI	0.155555555555556
Neutrophil|ImmuCellAI	0.0908212560386474
CD4_T|ImmuCellAI	0.0309178743961353
CD8_T|ImmuCellAI	0.0608695652173913
NKT|ImmuCellAI	0.165217391304348
Gamma_delta|ImmuCellAI	0.0705314009661836
CD4_naive|ImmuCellAI	0.000966183574879227
Tr1|ImmuCellAI	0.00289855072463768
nTreg|ImmuCellAI	0.00386473429951691
iTreg|ImmuCellAI	0.000966183574879227
Th1|ImmuCellAI	0.00193236714975845
Th2|ImmuCellAI	0.00193236714975845
Th17|ImmuCellAI	0.000966183574879227
Tfh|ImmuCellAI	0.000966183574879227
CD8_naive|ImmuCellAI	0.00483091787439614
Cytotoxic|ImmuCellAI	0.00676328502415459
Exhausted|ImmuCellAI	0.00386473429951691
MAIT|ImmuCellAI	0.00289855072463768
Monocytes C|ABIS	0.273222796066201
NK|ABIS	0.00131664467185105
T CD8 Memory|ABIS	0.100460749528519
T CD4 Naive|ABIS	0.233647349282238
MAIT|ABIS	0.00318125706840312
T gd Vd2|ABIS	0.000326497435967688
Neutrophils LD|ABIS	0.162107118557384
Basophils LD|ABIS	0.00768676947150035
Monocytes NC+I|ABIS	0.0981775506755985
B Memory|ABIS	0.0360745418761502
mDCs|ABIS	0.0637773546249237
pDCs|ABIS	0.0197877233919811
Plasmablasts|ABIS	0.000233647349282238