TCGA_ACC	TCGA-OR-A5JK
B cells naive|CIBERSORT.x	0.0184982291335959
B cells memory|CIBERSORT.x	0.00796411116408868
T cells CD8|CIBERSORT.x	0.422374951923993
T cells follicular helper|CIBERSORT.x	0.012241341543361
T cells regulatory (Tregs)|CIBERSORT.x	0.0986961279043372
NK cells activated|CIBERSORT.x	0.143330623031467
Monocytes|CIBERSORT.x	0.0557019440556813
Macrophages M1|CIBERSORT.x	0.0859333581632553
Macrophages M2|CIBERSORT.x	0.14258378224825
Mast cells activated|CIBERSORT.x	0.0126755308319708
B cells naive|CIBERSORT.y	0.0184982291335959
B cells memory|CIBERSORT.y	0.00796411116408868
T cells CD8|CIBERSORT.y	0.422374951923993
T cells follicular helper|CIBERSORT.y	0.012241341543361
T cells regulatory (Tregs)|CIBERSORT.y	0.0986961279043372
NK cells activated|CIBERSORT.y	0.143330623031467
Monocytes|CIBERSORT.y	0.0557019440556813
Macrophages M1|CIBERSORT.y	0.0859333581632553
Macrophages M2|CIBERSORT.y	0.14258378224825
Mast cells activated|CIBERSORT.y	0.0126755308319708
aDC|xCell	0.122188702271543
Adipocytes|xCell	0.000408726319129702
B-cells|xCell	0.0405237286652903
Basophils|xCell	0.0490759986238612
CD4+ memory T-cells|xCell	0.00107820982969288
CD4+ naive T-cells|xCell	0.0235696473036003
CD4+ Tcm|xCell	0.0107188701488682
CD4+ Tem|xCell	0.0041712903764764
CD8+ naive T-cells|xCell	2.89821761212616e-20
CD8+ T-cells|xCell	0.0730024874993934
CD8+ Tcm|xCell	0.081076315568796
CD8+ Tem|xCell	0.0259330630943927
cDC|xCell	0.0152292132288815
Class-switched memory B-cells|xCell	0.0264329340033209
CLP|xCell	0.00178923868963489
DC|xCell	0.0119660662341318
Endothelial cells|xCell	0.0235441715226832
Epithelial cells|xCell	0.00429220274136811
Fibroblasts|xCell	0.100896456762775
GMP|xCell	1.26340955767134e-18
Hepatocytes|xCell	0.00084754265129766
HSC|xCell	0.0284220541132842
iDC|xCell	0.0211136037520962
ly Endothelial cells|xCell	0.0073716632824621
Macrophages|xCell	0.017656859545405
Macrophages M1|xCell	0.0200248245989989
Macrophages M2|xCell	0.0142269392981624
Mast cells|xCell	0.00122053793813174
Melanocytes|xCell	0.00180531071152108
Memory B-cells|xCell	0.00373911469475452
MEP|xCell	9.24005235591006e-20
Mesangial cells|xCell	0.0293740621359744
Monocytes|xCell	0.0201735793372168
MPP|xCell	4.82539318008143e-18
MSC|xCell	0.0377454143814084
mv Endothelial cells|xCell	0.00877353586993506
naive B-cells|xCell	0.0109033731554121
Neurons|xCell	0.0120682254122886
NK cells|xCell	3.5165787302681e-18
NKT|xCell	0.028084878895167
pDC|xCell	0.0181641437842242
Pericytes|xCell	0.0144750212340572
Plasma cells|xCell	0.00595812131113831
Preadipocytes|xCell	3.16628818582524e-18
pro B-cells|xCell	0.00312542778805497
Skeletal muscle|xCell	4.86671206544868e-06
Smooth muscle|xCell	0.0214757692352562
Th1 cells|xCell	0.0103257110493229
Th2 cells|xCell	0.0319001450953731
Tregs|xCell	0.0151219511331517
T cells|MCPcounter	0.101842668495033
CD8 T cells|MCPcounter	0.0759184663871225
Cytotoxic lymphocytes|MCPcounter	0.0848247939744468
B lineage|MCPcounter	0.164132454443801
NK cells|MCPcounter	0.0338403685764811
Monocytic lineage|MCPcounter	0.0948983061417575
Myeloid dendritic cells|MCPcounter	0.0559073656177878
Neutrophils|MCPcounter	0.065566362325201
Endothelial cells|MCPcounter	0.117898376320978
Fibroblasts|MCPcounter	0.205170837717391
B cells|quanTIseq	0.0266470510217823
Macrophages M2|quanTIseq	0.0127062713332562
Monocytes|quanTIseq	0.150020205636919
NK cells|quanTIseq	0.00782049222302044
T cells CD4|quanTIseq	0.0928449500287546
T cells CD8|quanTIseq	0.06249061294679
Tregs|quanTIseq	0.00793402840761312
other|quanTIseq	0.639536388401864
Bcells|EPIC	0.00690877898298534
CAFs|EPIC	0.00465884506935575
CD4_Tcells|EPIC	0.0377523683929794
CD8_Tcells|EPIC	1.81921649835591e-07
Endothelial|EPIC	0.0504323599898308
Macrophages|EPIC	0.11897416782209
NKcells|EPIC	1.23453761122842e-08
otherCells|EPIC	0.781273285475733
B_cell|TIMER	0.117330131166954
T_cell.CD4|TIMER	0.0989038159176772
T_cell.CD8|TIMER	0.187379428523391
Neutrophil|TIMER	0.0894267018239574
Macrophage|TIMER	0.0583561746222432
DC|TIMER	0.448603747945778
B_cells|ConsensusTME	0.0388818939369794
Cytotoxic_cells|ConsensusTME	0.0565037335983877
Dendritic_cells|ConsensusTME	0.0540806979391253
Eosinophils|ConsensusTME	0.0496299516086939
Macrophages|ConsensusTME	0.0648010763974722
Mast_cells|ConsensusTME	0.0403523303962711
NK_cells|ConsensusTME	0.055341825984126
Neutrophils|ConsensusTME	0.0453241170904843
T_cells_CD4|ConsensusTME	0.0571751568468907
T_cells_CD8|ConsensusTME	0.0591353085990108
T_cells_gamma_delta|ConsensusTME	0.0573436701863775
T_regulatory_cells|ConsensusTME	0.0676064346250241
Macrophages_M1|ConsensusTME	0.0631430383133152
Macrophages_M2|ConsensusTME	0.0692822199906255
Endothelial|ConsensusTME	0.0583918158460306
Fibroblasts|ConsensusTME	0.0514714361137578
Monocytes|ConsensusTME	0.0591338017642855
Plasma_cells|ConsensusTME	0.0524014907631424
DC|ImmuCellAI	0.0811320754716981
Bcell|ImmuCellAI	0.0886792452830189
Monocyte|ImmuCellAI	0.0650943396226415
Macrophage|ImmuCellAI	0.05
NK|ImmuCellAI	0.185849056603774
Neutrophil|ImmuCellAI	0.0528301886792453
CD4_T|ImmuCellAI	0.0320754716981132
CD8_T|ImmuCellAI	0.155660377358491
NKT|ImmuCellAI	0.127358490566038
Gamma_delta|ImmuCellAI	0.104716981132075
CD4_naive|ImmuCellAI	0.000943396226415094
Tr1|ImmuCellAI	0.00283018867924528
nTreg|ImmuCellAI	0.00377358490566038
iTreg|ImmuCellAI	0.00188679245283019
Th1|ImmuCellAI	0.000943396226415094
Th2|ImmuCellAI	0.00188679245283019
Tfh|ImmuCellAI	0.00377358490566038
CD8_naive|ImmuCellAI	0.00188679245283019
Cytotoxic|ImmuCellAI	0.010377358490566
Exhausted|ImmuCellAI	0.0141509433962264
MAIT|ImmuCellAI	0.0141509433962264
Monocytes C|ABIS	0.214895569018671
T CD8 Memory|ABIS	0.2562216399838
T CD4 Naive|ABIS	0.20828339766425
T CD4 Memory|ABIS	0.0775277091305821
Neutrophils LD|ABIS	0.0753787534403954
Basophils LD|ABIS	0.00310772053657771
Monocytes NC+I|ABIS	0.0737257106017903
B Memory|ABIS	0.0738910148856508
mDCs|ABIS	0.000877765747299341
pDCs|ABIS	0.0146128986932696
Plasmablasts|ABIS	0.00147782029771302