TCGA_ACC	TCGA-OR-A5JE
B cells naive|CIBERSORT.x	0.0042594723520949
B cells memory|CIBERSORT.x	0.0141100265540157
Plasma cells|CIBERSORT.x	0.0195428811705658
T cells CD8|CIBERSORT.x	0.0510363722716419
T cells CD4 naive|CIBERSORT.x	0.00203819059136773
T cells CD4 memory resting|CIBERSORT.x	0.0237754181219291
T cells follicular helper|CIBERSORT.x	0.00338208062330929
NK cells activated|CIBERSORT.x	0.061774007867544
Monocytes|CIBERSORT.x	0.149865213933392
Macrophages M2|CIBERSORT.x	0.348603336975283
Dendritic cells activated|CIBERSORT.x	0.0875470679873292
Mast cells activated|CIBERSORT.x	0.209084478156533
Eosinophils|CIBERSORT.x	0.0239423790755478
Neutrophils|CIBERSORT.x	0.00103907431944671
B cells naive|CIBERSORT.y	0.0042594723520949
B cells memory|CIBERSORT.y	0.0141100265540157
Plasma cells|CIBERSORT.y	0.0195428811705658
T cells CD8|CIBERSORT.y	0.0510363722716419
T cells CD4 naive|CIBERSORT.y	0.00203819059136773
T cells CD4 memory resting|CIBERSORT.y	0.0237754181219291
T cells follicular helper|CIBERSORT.y	0.00338208062330929
NK cells activated|CIBERSORT.y	0.061774007867544
Monocytes|CIBERSORT.y	0.149865213933392
Macrophages M2|CIBERSORT.y	0.348603336975283
Dendritic cells activated|CIBERSORT.y	0.0875470679873292
Mast cells activated|CIBERSORT.y	0.209084478156533
Eosinophils|CIBERSORT.y	0.0239423790755478
Neutrophils|CIBERSORT.y	0.00103907431944671
aDC|xCell	0.0768566685153822
Astrocytes|xCell	6.1000779400285e-18
Basophils|xCell	0.039750086496408
CD4+ memory T-cells|xCell	2.82830493303172e-20
CD4+ Tem|xCell	0.000471547080613812
CD8+ Tem|xCell	3.64899768187689e-18
cDC|xCell	0.00106448439292555
Chondrocytes|xCell	4.13034996807738e-18
Class-switched memory B-cells|xCell	0.00668495751920224
CLP|xCell	0.00112975253328115
CMP|xCell	0.00153645243086436
DC|xCell	0.00067214661125286
Endothelial cells|xCell	0.0360296069032061
Epithelial cells|xCell	0.00205065841959971
Erythrocytes|xCell	9.41071883357815e-05
Fibroblasts|xCell	2.7941870753118e-18
GMP|xCell	0.0231021042452572
Hepatocytes|xCell	1.77136519134301e-18
HSC|xCell	0.0272355339784078
iDC|xCell	9.08781263316773e-18
ly Endothelial cells|xCell	0.0106488027821746
Macrophages|xCell	0.0213211756048971
Macrophages M1|xCell	0.0291757448316211
Macrophages M2|xCell	0.00175467140050335
Megakaryocytes|xCell	1.41556203114457e-20
Melanocytes|xCell	0.00142752969471248
MEP|xCell	0.0209235385261243
Mesangial cells|xCell	0.0542637454185369
Monocytes|xCell	0.00827890725025797
MPP|xCell	0.0139443064681859
MSC|xCell	0.350708035480614
mv Endothelial cells|xCell	0.0284479332995635
naive B-cells|xCell	1.86537194134723e-18
Neurons|xCell	0.009449135354909
Neutrophils|xCell	8.96593566468401e-05
NK cells|xCell	8.63751031408358e-18
NKT|xCell	0.00800839177268356
Osteoblast|xCell	2.12947546152869e-17
pDC|xCell	0.0873732175924721
Pericytes|xCell	0.00634903003863109
Plasma cells|xCell	0.00153869093107757
Preadipocytes|xCell	1.00734260637697e-18
pro B-cells|xCell	0.0464846949744936
Sebocytes|xCell	3.54598052108359e-20
Skeletal muscle|xCell	1.01852683972685e-17
Smooth muscle|xCell	1.41047171078818e-17
Th1 cells|xCell	0.0234126726629164
Th2 cells|xCell	0.0597220102442415
Tregs|xCell	1.431752438938e-18
T cells|MCPcounter	0.034640046621031
CD8 T cells|MCPcounter	0.000423759873086221
Cytotoxic lymphocytes|MCPcounter	0.0158635575104616
B lineage|MCPcounter	0.06423349031532
NK cells|MCPcounter	0.00717417757389611
Monocytic lineage|MCPcounter	0.115115774792376
Myeloid dendritic cells|MCPcounter	0.0503546648010299
Neutrophils|MCPcounter	0.0830392375700017
Endothelial cells|MCPcounter	0.23438927841137
Fibroblasts|MCPcounter	0.394766012531427
B cells|quanTIseq	0.0241934943617001
Macrophages M2|quanTIseq	0.0153916212165315
NK cells|quanTIseq	0.00534881874200496
T cells CD4|quanTIseq	0.0734974277863601
Dendritic cells|quanTIseq	0.120469929738486
other|quanTIseq	0.761098708154917
Bcells|EPIC	0.0024406745113538
CAFs|EPIC	0.00396309868035442
CD4_Tcells|EPIC	0.0379286251125724
CD8_Tcells|EPIC	0.00411517935879471
Endothelial|EPIC	0.0261522900861518
Macrophages|EPIC	0.0533360161226219
NKcells|EPIC	2.37156731155752e-09
otherCells|EPIC	0.872064113756584
B_cell|TIMER	0.117107886684931
T_cell.CD4|TIMER	0.0856662748271436
T_cell.CD8|TIMER	0.208695490664714
Neutrophil|TIMER	0.0972086686356657
Macrophage|TIMER	0.0579878571909271
DC|TIMER	0.433333821996619
B_cells|ConsensusTME	0.0226942185343264
Cytotoxic_cells|ConsensusTME	0.0363192932719511
Dendritic_cells|ConsensusTME	0.0639841131967507
Eosinophils|ConsensusTME	0.074082954906676
Macrophages|ConsensusTME	0.0953349497309926
Mast_cells|ConsensusTME	0.0376852017945881
NK_cells|ConsensusTME	0.014962383444624
Neutrophils|ConsensusTME	0.0685343377717172
T_cells_CD4|ConsensusTME	0.035357354810381
T_cells_CD8|ConsensusTME	0.0310672415499449
T_cells_gamma_delta|ConsensusTME	0.0280239217577345
T_regulatory_cells|ConsensusTME	0.0284572445180985
Macrophages_M1|ConsensusTME	0.0773668544408296
Macrophages_M2|ConsensusTME	0.106956925505723
Endothelial|ConsensusTME	0.110622201102379
Fibroblasts|ConsensusTME	0.0607989174342721
Monocytes|ConsensusTME	0.0850121870369104
Plasma_cells|ConsensusTME	0.0227396991921012
DC|ImmuCellAI	0.157534246575342
Bcell|ImmuCellAI	0.10958904109589
Monocyte|ImmuCellAI	0.0714285714285714
Macrophage|ImmuCellAI	0.149706457925636
NK|ImmuCellAI	0.111545988258317
Neutrophil|ImmuCellAI	0.14187866927593
CD4_T|ImmuCellAI	0.0293542074363992
CD8_T|ImmuCellAI	0.038160469667319
NKT|ImmuCellAI	0.0812133072407045
Gamma_delta|ImmuCellAI	0.086105675146771
Tr1|ImmuCellAI	0.00195694716242661
nTreg|ImmuCellAI	0.00293542074363992
iTreg|ImmuCellAI	0.000978473581213307
Th1|ImmuCellAI	0.00195694716242661
Th2|ImmuCellAI	0.00391389432485323
Th17|ImmuCellAI	0.00195694716242661
Tfh|ImmuCellAI	0.00195694716242661
CD8_naive|ImmuCellAI	0.000978473581213307
Cytotoxic|ImmuCellAI	0.00391389432485323
Exhausted|ImmuCellAI	0.000978473581213307
MAIT|ImmuCellAI	0.00195694716242661
Monocytes C|ABIS	0.437369796162656
NK|ABIS	0.0020832613975116
T CD8 Memory|ABIS	0.0421256172093505
T CD4 Naive|ABIS	0.126607046257611
MAIT|ABIS	0.0114982217464867
Neutrophils LD|ABIS	0.102436610153885
T gd non-Vd2|ABIS	0.00325725400826399
Basophils LD|ABIS	0.0475351910039939
Monocytes NC+I|ABIS	0.0689432915530081
B Memory|ABIS	0.0718207244224992
mDCs|ABIS	0.0577788520193824
pDCs|ABIS	0.0285441340653523