TCGA_ACC	TCGA-OR-A5KV
B cells naive|CIBERSORT.x	0.0046368437193008
Plasma cells|CIBERSORT.x	0.0544364932129981
T cells CD8|CIBERSORT.x	0.22613873189991
T cells CD4 naive|CIBERSORT.x	0.0469751258344566
T cells CD4 memory resting|CIBERSORT.x	0.0584012369228242
NK cells activated|CIBERSORT.x	0.0918905104646917
Monocytes|CIBERSORT.x	0.104937616080561
Macrophages M0|CIBERSORT.x	0.0569079743563539
Macrophages M1|CIBERSORT.x	0.0326629059780417
Macrophages M2|CIBERSORT.x	0.238795193364909
Dendritic cells activated|CIBERSORT.x	0.038495265997828
Mast cells activated|CIBERSORT.x	0.0457221021681247
B cells naive|CIBERSORT.y	0.0046368437193008
Plasma cells|CIBERSORT.y	0.0544364932129981
T cells CD8|CIBERSORT.y	0.22613873189991
T cells CD4 naive|CIBERSORT.y	0.0469751258344566
T cells CD4 memory resting|CIBERSORT.y	0.0584012369228242
NK cells activated|CIBERSORT.y	0.0918905104646917
Monocytes|CIBERSORT.y	0.104937616080561
Macrophages M0|CIBERSORT.y	0.0569079743563539
Macrophages M1|CIBERSORT.y	0.0326629059780417
Macrophages M2|CIBERSORT.y	0.238795193364909
Dendritic cells activated|CIBERSORT.y	0.038495265997828
Mast cells activated|CIBERSORT.y	0.0457221021681247
aDC|xCell	5.7784483655368e-20
Adipocytes|xCell	1.48235777601229e-19
Basophils|xCell	0.0300308249885048
CD4+ memory T-cells|xCell	3.55380310839099e-20
CD4+ T-cells|xCell	2.05094760386128e-18
CD4+ Tcm|xCell	0.0322248748331734
CD4+ Tem|xCell	0.0223080814255707
CD8+ naive T-cells|xCell	0.0143616977446968
CD8+ T-cells|xCell	0.0134555629039454
cDC|xCell	3.37330104073953e-20
Chondrocytes|xCell	5.41354739126386e-18
Class-switched memory B-cells|xCell	0.00904142886814119
CLP|xCell	0.00713150361399745
CMP|xCell	0.0210654789619925
DC|xCell	1.66535691156123e-19
Endothelial cells|xCell	0.0180867317370293
Eosinophils|xCell	0.00781294839615101
Epithelial cells|xCell	0.0086935856786775
GMP|xCell	1.37588668056324e-17
Hepatocytes|xCell	6.87153280275333e-19
HSC|xCell	0.00298071181283004
iDC|xCell	0.0118579503130873
Keratinocytes|xCell	7.03212013796657e-21
ly Endothelial cells|xCell	0.0102740034837303
Macrophages|xCell	1.99139182178918e-19
Macrophages M1|xCell	3.61357421251225e-19
Mast cells|xCell	0.00513089276451751
Megakaryocytes|xCell	3.33167707773491e-21
Melanocytes|xCell	1.02093304300472e-19
Memory B-cells|xCell	3.67463133276554e-18
MEP|xCell	0.0104541214300253
Mesangial cells|xCell	0.0438147796966113
MPP|xCell	0.0174371646373937
MSC|xCell	0.435925639446396
mv Endothelial cells|xCell	0.00800893696362721
Myocytes|xCell	0.0112382036121669
naive B-cells|xCell	1.07240713203986e-18
Neurons|xCell	0.0550421043793166
Neutrophils|xCell	8.78080297054487e-19
NK cells|xCell	3.6266166533946e-18
NKT|xCell	0.0239122718925025
pDC|xCell	0.069674111399597
Pericytes|xCell	0.00991005333608777
Plasma cells|xCell	0.0229971262000914
Platelets|xCell	0.00179380992236231
pro B-cells|xCell	0.0479514818742923
Smooth muscle|xCell	1.23210188323331e-18
Tgd cells|xCell	2.89568656089188e-18
Th1 cells|xCell	0.015610790649998
Th2 cells|xCell	0.0117731270334865
T cells|MCPcounter	0.0742891361124633
CD8 T cells|MCPcounter	0.00213997362411381
Cytotoxic lymphocytes|MCPcounter	0.0611192199797299
B lineage|MCPcounter	0.0589270751931706
NK cells|MCPcounter	0.00225272421846409
Monocytic lineage|MCPcounter	0.0549333972144374
Myeloid dendritic cells|MCPcounter	0.0179410290812795
Neutrophils|MCPcounter	0.0951570960303344
Endothelial cells|MCPcounter	0.194124784635462
Fibroblasts|MCPcounter	0.439115563910545
B cells|quanTIseq	0.0367203445626013
Macrophages M1|quanTIseq	0.00387826225530241
Monocytes|quanTIseq	0.13442038257021
NK cells|quanTIseq	0.030205205418917
T cells CD8|quanTIseq	0.0103856790146801
Tregs|quanTIseq	0.0124156469096319
other|quanTIseq	0.771974479268657
Bcells|EPIC	0.00286782990728212
CAFs|EPIC	0.00563247998078923
CD4_Tcells|EPIC	0.0486226752856381
CD8_Tcells|EPIC	0.013516219618972
Endothelial|EPIC	0.019823106486124
Macrophages|EPIC	0.0140501078098031
NKcells|EPIC	6.80808825420514e-10
otherCells|EPIC	0.895487580230583
B_cell|TIMER	0.107855429415457
T_cell.CD4|TIMER	0.103945632921168
T_cell.CD8|TIMER	0.154395647823136
Neutrophil|TIMER	0.101046320145866
Macrophage|TIMER	0.00314236820487224
DC|TIMER	0.529614601489501
DC|ImmuCellAI	0.169556840077071
Bcell|ImmuCellAI	0.0944123314065511
Monocyte|ImmuCellAI	0.0385356454720617
Macrophage|ImmuCellAI	0.0279383429672447
NK|ImmuCellAI	0.167630057803468
Neutrophil|ImmuCellAI	0.171483622350674
CD4_T|ImmuCellAI	0.023121387283237
CD8_T|ImmuCellAI	0.0867052023121387
NKT|ImmuCellAI	0.120423892100193
Gamma_delta|ImmuCellAI	0.0645472061657033
nTreg|ImmuCellAI	0.00192678227360308
iTreg|ImmuCellAI	0.000963391136801541
Th1|ImmuCellAI	0.00192678227360308
Th2|ImmuCellAI	0.00385356454720617
Tfh|ImmuCellAI	0.00192678227360308
CD8_naive|ImmuCellAI	0.00770712909441233
Cytotoxic|ImmuCellAI	0.00289017341040462
Exhausted|ImmuCellAI	0.00481695568400771
MAIT|ImmuCellAI	0.00963391136801541
Monocytes C|ABIS	0.746691852381039
NK|ABIS	0.00443978939253591
T CD8 Memory|ABIS	0.0281186661527274
T CD4 Naive|ABIS	0.156738019463768
MAIT|ABIS	0.0117721688438452
Neutrophils LD|ABIS	0.0104267781188343
Basophils LD|ABIS	0.00445324329978602
B Memory|ABIS	0.0209880953101697
pDCs|ABIS	0.0162119582363811
Plasmablasts|ABIS	0.000159428800913789