TCGA_ACC	TCGA-OR-A5KY
B cells naive|CIBERSORT.x	0.00956963045148337
Plasma cells|CIBERSORT.x	0.000349328147834285
T cells CD8|CIBERSORT.x	0.0837230600713152
T cells CD4 memory resting|CIBERSORT.x	0.234144797385879
NK cells activated|CIBERSORT.x	0.0943761341830495
Monocytes|CIBERSORT.x	0.0757009294239294
Macrophages M1|CIBERSORT.x	0.0334456241017628
Macrophages M2|CIBERSORT.x	0.413099919752418
Mast cells activated|CIBERSORT.x	0.041430936525198
Eosinophils|CIBERSORT.x	0.0121994708272994
Neutrophils|CIBERSORT.x	0.00196016912983173
B cells naive|CIBERSORT.y	0.00956963045148337
Plasma cells|CIBERSORT.y	0.000349328147834285
T cells CD8|CIBERSORT.y	0.0837230600713152
T cells CD4 memory resting|CIBERSORT.y	0.234144797385879
NK cells activated|CIBERSORT.y	0.0943761341830495
Monocytes|CIBERSORT.y	0.0757009294239294
Macrophages M1|CIBERSORT.y	0.0334456241017628
Macrophages M2|CIBERSORT.y	0.413099919752418
Mast cells activated|CIBERSORT.y	0.041430936525198
Eosinophils|CIBERSORT.y	0.0121994708272994
Neutrophils|CIBERSORT.y	0.00196016912983173
aDC|xCell	0.0573350257605153
Adipocytes|xCell	2.16840025214237e-19
B-cells|xCell	0.000533115470508444
Basophils|xCell	0.0808616041427491
CD4+ memory T-cells|xCell	6.22865995130396e-19
CD4+ Tem|xCell	0.00345610073471657
CD8+ naive T-cells|xCell	6.03077955563659e-20
CD8+ T-cells|xCell	6.12559583869762e-18
CD8+ Tem|xCell	5.62117063993992e-19
cDC|xCell	0.0322012566791744
Chondrocytes|xCell	2.55997358540012e-18
Class-switched memory B-cells|xCell	0.00691735082314791
CLP|xCell	0.000984055914693584
CMP|xCell	0.00732758242628914
DC|xCell	1.45884988101515e-20
Endothelial cells|xCell	0.039515235952567
Epithelial cells|xCell	0.00148477494431324
Fibroblasts|xCell	0.0420960022663557
HSC|xCell	0.0689872685187947
ly Endothelial cells|xCell	0.00688078045686447
Macrophages|xCell	0.0279903501228112
Macrophages M1|xCell	0.0280632570984641
Macrophages M2|xCell	0.00139106087095877
Mast cells|xCell	0.00593858841541882
Megakaryocytes|xCell	9.39698707899249e-20
Melanocytes|xCell	0.00153602661497945
Memory B-cells|xCell	1.16886741271041e-18
MEP|xCell	0.0194826010926459
Mesangial cells|xCell	0.0579094757446908
Monocytes|xCell	0.00783640694230266
MPP|xCell	6.02662892501261e-20
MSC|xCell	0.260251765390572
mv Endothelial cells|xCell	0.0190940295656229
naive B-cells|xCell	5.40261276282969e-18
Neurons|xCell	0.0233403605387091
Neutrophils|xCell	1.80931143754958e-20
NKT|xCell	0.014141212091662
Osteoblast|xCell	1.13959542702185e-18
pDC|xCell	0.0325604888163569
Pericytes|xCell	0.0248620428164659
Plasma cells|xCell	0.0067457248661399
pro B-cells|xCell	0.0231148886290149
Sebocytes|xCell	2.25168333851053e-20
Skeletal muscle|xCell	3.48632468687875e-19
Smooth muscle|xCell	0.00928430766912705
Tgd cells|xCell	3.62039437021404e-19
Th1 cells|xCell	0.0362326468276489
Th2 cells|xCell	0.0516446117957192
Tregs|xCell	6.16002173400633e-19
T cells|MCPcounter	0.0416888310541241
CD8 T cells|MCPcounter	0.00572301963604156
Cytotoxic lymphocytes|MCPcounter	0.0298222217716566
B lineage|MCPcounter	0.100815134700405
NK cells|MCPcounter	0.00583345429548842
Monocytic lineage|MCPcounter	0.121135089982385
Myeloid dendritic cells|MCPcounter	0.0196983836052583
Neutrophils|MCPcounter	0.0733999659477882
Endothelial cells|MCPcounter	0.199247067921288
Fibroblasts|MCPcounter	0.402636831085565
B cells|quanTIseq	0.0275668312517334
Macrophages M2|quanTIseq	0.0395193486743315
NK cells|quanTIseq	0.022170348274057
T cells CD4|quanTIseq	0.0704140876264235
T cells CD8|quanTIseq	0.00037061365252634
Dendritic cells|quanTIseq	0.113248621264055
other|quanTIseq	0.726710149256873
Bcells|EPIC	0.000117071276949191
CAFs|EPIC	0.0211194669283959
CD4_Tcells|EPIC	0.0454820079898112
CD8_Tcells|EPIC	1.8976137149622e-08
Endothelial|EPIC	0.0302505218125718
Macrophages|EPIC	0.0541654080047373
NKcells|EPIC	8.02572464732692e-10
otherCells|EPIC	0.848865504208825
B_cell|TIMER	0.102855656635491
T_cell.CD4|TIMER	0.0926824713612517
T_cell.CD8|TIMER	0.193035169919
Neutrophil|TIMER	0.102647874522233
Macrophage|TIMER	0.0594954702802961
DC|TIMER	0.449283357281729
B_cells|ConsensusTME	0.0214132428333479
Cytotoxic_cells|ConsensusTME	0.0301308917356726
Dendritic_cells|ConsensusTME	0.0582937981388079
Eosinophils|ConsensusTME	0.0749625198262173
Macrophages|ConsensusTME	0.082291850739303
Mast_cells|ConsensusTME	0.0466891628921829
NK_cells|ConsensusTME	0.0252402596868823
Neutrophils|ConsensusTME	0.0517692764614552
T_cells_CD4|ConsensusTME	0.0396940328966638
T_cells_CD8|ConsensusTME	0.0366139092265511
T_cells_gamma_delta|ConsensusTME	0.0346213093220378
T_regulatory_cells|ConsensusTME	0.0394737105829673
Macrophages_M1|ConsensusTME	0.0683034580675049
Macrophages_M2|ConsensusTME	0.0974773191301562
Endothelial|ConsensusTME	0.0996465000770921
Fibroblasts|ConsensusTME	0.0856413325637553
Monocytes|ConsensusTME	0.0803923787235199
Plasma_cells|ConsensusTME	0.0273450470958824
DC|ImmuCellAI	0.156342182890855
Bcell|ImmuCellAI	0.0609636184857424
Monocyte|ImmuCellAI	0.115044247787611
Macrophage|ImmuCellAI	0.125860373647984
NK|ImmuCellAI	0.173058013765978
Neutrophil|ImmuCellAI	0.131760078662734
CD8_T|ImmuCellAI	0.0707964601769911
NKT|ImmuCellAI	0.0707964601769911
Gamma_delta|ImmuCellAI	0.0776794493608653
CD8_naive|ImmuCellAI	0.00294985250737463
Cytotoxic|ImmuCellAI	0.00393313667649951
Exhausted|ImmuCellAI	0.00491642084562439
MAIT|ImmuCellAI	0.00589970501474926
Monocytes C|ABIS	0.7696109635916
NK|ABIS	0.00202264589928848
T CD8 Memory|ABIS	0.0444750054336854
T CD4 Naive|ABIS	0.115248274949898
MAIT|ABIS	0.00622650076071596
Neutrophils LD|ABIS	0.0153535453540636
T gd non-Vd2|ABIS	0.00118342188371372
Basophils LD|ABIS	0.00750274004707389
B Memory|ABIS	0.0267236771779797
pDCs|ABIS	0.0115635014127582
Plasmablasts|ABIS	8.97234892227393e-05