TCGA_ACC	TCGA-OR-A5JY
B cells naive|CIBERSORT.x	0.0169347704035601
T cells CD8|CIBERSORT.x	0.0140578160024678
T cells CD4 memory resting|CIBERSORT.x	0.191442115103997
T cells regulatory (Tregs)|CIBERSORT.x	0.0115589377885817
NK cells activated|CIBERSORT.x	0.10463373365265
Monocytes|CIBERSORT.x	0.189865820211624
Macrophages M2|CIBERSORT.x	0.222223059329632
Dendritic cells activated|CIBERSORT.x	0.240003534802362
Mast cells resting|CIBERSORT.x	0.0067062235817579
Neutrophils|CIBERSORT.x	0.00257398912336799
B cells naive|CIBERSORT.y	0.0169347704035601
T cells CD8|CIBERSORT.y	0.0140578160024678
T cells CD4 memory resting|CIBERSORT.y	0.191442115103997
T cells regulatory (Tregs)|CIBERSORT.y	0.0115589377885817
NK cells activated|CIBERSORT.y	0.10463373365265
Monocytes|CIBERSORT.y	0.189865820211624
Macrophages M2|CIBERSORT.y	0.222223059329632
Dendritic cells activated|CIBERSORT.y	0.240003534802362
Mast cells resting|CIBERSORT.y	0.0067062235817579
Neutrophils|CIBERSORT.y	0.00257398912336799
aDC|xCell	0.124635390444727
Adipocytes|xCell	6.32476159612989e-19
Astrocytes|xCell	0.0291559427117888
B-cells|xCell	0.0422618650348476
Basophils|xCell	0.00025021575761388
CD4+ memory T-cells|xCell	1.74981353638722e-19
CD4+ T-cells|xCell	1.96825911923811e-19
CD4+ Tcm|xCell	5.41461371074806e-19
CD4+ Tem|xCell	7.46810928866601e-19
CD8+ naive T-cells|xCell	2.19338214228256e-19
CD8+ T-cells|xCell	1.46691364353836e-19
CD8+ Tcm|xCell	2.06930933820928e-19
cDC|xCell	7.2710165304252e-22
Class-switched memory B-cells|xCell	0.00721442804293648
CLP|xCell	0.00249251904130128
DC|xCell	0.0216782118898881
Endothelial cells|xCell	0.0422725036806277
Eosinophils|xCell	0.00429410833955979
Epithelial cells|xCell	0.00643306309895186
Erythrocytes|xCell	1.32112169284307e-20
Fibroblasts|xCell	1.48598505005624e-18
GMP|xCell	0.0184731324798537
Hepatocytes|xCell	0.000690808548139468
HSC|xCell	0.025790802931307
iDC|xCell	0.0897797239638524
Keratinocytes|xCell	4.30689377541784e-21
ly Endothelial cells|xCell	0.00626169766846829
Macrophages|xCell	0.0406693301243856
Macrophages M1|xCell	0.0413968713829649
Macrophages M2|xCell	0.0116019615409093
Mast cells|xCell	0.00104414687100051
Megakaryocytes|xCell	2.52287889014727e-22
Melanocytes|xCell	3.45430143280369e-19
Memory B-cells|xCell	0.0128426655174801
MEP|xCell	7.67365158917496e-20
Mesangial cells|xCell	0.0888998133388811
Monocytes|xCell	0.0151560891251202
MPP|xCell	1.7353182560232e-18
mv Endothelial cells|xCell	0.0176916334998411
naive B-cells|xCell	0.00418679936888345
Neurons|xCell	0.00733437746257391
Neutrophils|xCell	0.00329558154368001
NKT|xCell	0.0148375983291282
Osteoblast|xCell	0.028334503835924
pDC|xCell	0.0113418502875652
Pericytes|xCell	0.162706337914488
Plasma cells|xCell	0.0164912359246979
Preadipocytes|xCell	0.026663463707964
pro B-cells|xCell	0.011422371350577
Smooth muscle|xCell	3.13311250337343e-19
Tgd cells|xCell	3.41670180700657e-18
Th1 cells|xCell	0.00721812203041575
Th2 cells|xCell	0.0538476851215012
Tregs|xCell	0.00133314808815479
T cells|MCPcounter	0.0440450071570337
CD8 T cells|MCPcounter	0.000759899874737154
Cytotoxic lymphocytes|MCPcounter	0.0303519046255463
B lineage|MCPcounter	0.120989562253917
NK cells|MCPcounter	0.00881153490079704
Monocytic lineage|MCPcounter	0.092922442193554
Myeloid dendritic cells|MCPcounter	0.0976512214010082
Neutrophils|MCPcounter	0.136165922986968
Endothelial cells|MCPcounter	0.188025690587383
Fibroblasts|MCPcounter	0.280276814019056
B cells|quanTIseq	0.0103751039949873
Macrophages M1|quanTIseq	0.0113484661222327
Macrophages M2|quanTIseq	0.0391968513780904
Neutrophils|quanTIseq	0.0297436925347656
NK cells|quanTIseq	0.00799663833600333
T cells CD4|quanTIseq	0.120851433012008
Tregs|quanTIseq	0.00319919706393667
Dendritic cells|quanTIseq	0.00797379660098945
other|quanTIseq	0.769314820956987
Bcells|EPIC	0.00589209731211175
CAFs|EPIC	0.00584898345256648
CD4_Tcells|EPIC	0.0622786248139493
CD8_Tcells|EPIC	0.00969928942302851
Endothelial|EPIC	0.0255001169524017
Macrophages|EPIC	0.0360802982222145
NKcells|EPIC	4.03963107728776e-10
otherCells|EPIC	0.854700589419765
B_cell|TIMER	0.0955684144669539
T_cell.CD4|TIMER	0.0878674652526261
T_cell.CD8|TIMER	0.197751962999258
Neutrophil|TIMER	0.111821192653467
Macrophage|TIMER	0.0502943413980714
DC|TIMER	0.456696623229623
B_cells|ConsensusTME	0.0255398027566197
Cytotoxic_cells|ConsensusTME	0.0301745563597028
Dendritic_cells|ConsensusTME	0.0679966529854648
Eosinophils|ConsensusTME	0.0549331596007769
Macrophages|ConsensusTME	0.0921805632683513
Mast_cells|ConsensusTME	0.0449318307615862
NK_cells|ConsensusTME	0.0193752753488275
Neutrophils|ConsensusTME	0.062012541331317
T_cells_CD4|ConsensusTME	0.0394494301972459
T_cells_CD8|ConsensusTME	0.0310669437625851
T_cells_gamma_delta|ConsensusTME	0.0314432742834274
T_regulatory_cells|ConsensusTME	0.0437702109728717
Macrophages_M1|ConsensusTME	0.0765367582713473
Macrophages_M2|ConsensusTME	0.109065232459825
Endothelial|ConsensusTME	0.109215542765175
Fibroblasts|ConsensusTME	0.0578907818045948
Monocytes|ConsensusTME	0.0768971769736048
Plasma_cells|ConsensusTME	0.0275202660966767
DC|ImmuCellAI	0.0974903474903475
Bcell|ImmuCellAI	0.0878378378378378
Monocyte|ImmuCellAI	0.0762548262548263
Macrophage|ImmuCellAI	0.106177606177606
NK|ImmuCellAI	0.0608108108108108
Neutrophil|ImmuCellAI	0.161196911196911
CD4_T|ImmuCellAI	0.0627413127413127
NKT|ImmuCellAI	0.247104247104247
Gamma_delta|ImmuCellAI	0.0646718146718147
CD4_naive|ImmuCellAI	0.00193050193050193
Tr1|ImmuCellAI	0.00579150579150579
nTreg|ImmuCellAI	0.00965250965250965
iTreg|ImmuCellAI	0.00579150579150579
Th1|ImmuCellAI	0.00482625482625483
Th2|ImmuCellAI	0.0028957528957529
Th17|ImmuCellAI	0.00193050193050193
Tfh|ImmuCellAI	0.0028957528957529
Monocytes C|ABIS	0.369467014966301
NK|ABIS	0.000558049137188683
T CD8 Memory|ABIS	0.0174630893792665
T CD4 Naive|ABIS	0.128928593764282
T CD4 Memory|ABIS	0.0285278567545594
MAIT|ABIS	0.0143360899036403
T gd Vd2|ABIS	0.00236689806462786
Neutrophils LD|ABIS	0.250641034892503
T gd non-Vd2|ABIS	0.00172706586423049
Basophils LD|ABIS	0.0199165812755271
Monocytes NC+I|ABIS	0.0198203659070463
B Memory|ABIS	0.101026136904848
mDCs|ABIS	0.0140955514824383
pDCs|ABIS	0.0311256717035412