TCGA_ACC	TCGA-OR-A5KO
B cells naive|CIBERSORT.x	0.0540929202392308
Plasma cells|CIBERSORT.x	0.0336101479298195
T cells CD8|CIBERSORT.x	0.140616696596727
T cells CD4 naive|CIBERSORT.x	0.106169209043907
T cells CD4 memory resting|CIBERSORT.x	0.0279186816883023
NK cells resting|CIBERSORT.x	0.0274991667051335
NK cells activated|CIBERSORT.x	0.034845503491524
Monocytes|CIBERSORT.x	0.0732980928583973
Macrophages M0|CIBERSORT.x	0.319003960369561
Macrophages M1|CIBERSORT.x	0.0091109690598076
Macrophages M2|CIBERSORT.x	0.137895816163701
Dendritic cells activated|CIBERSORT.x	0.0359388358538889
B cells naive|CIBERSORT.y	0.0540929202392308
Plasma cells|CIBERSORT.y	0.0336101479298195
T cells CD8|CIBERSORT.y	0.140616696596727
T cells CD4 naive|CIBERSORT.y	0.106169209043907
T cells CD4 memory resting|CIBERSORT.y	0.0279186816883023
NK cells resting|CIBERSORT.y	0.0274991667051335
NK cells activated|CIBERSORT.y	0.034845503491524
Monocytes|CIBERSORT.y	0.0732980928583973
Macrophages M0|CIBERSORT.y	0.319003960369561
Macrophages M1|CIBERSORT.y	0.0091109690598076
Macrophages M2|CIBERSORT.y	0.137895816163701
Dendritic cells activated|CIBERSORT.y	0.0359388358538889
aDC|xCell	2.39749538315859e-18
Adipocytes|xCell	2.21631535130159e-19
B-cells|xCell	0.0148711794144302
Basophils|xCell	3.35275829801542e-19
CD4+ memory T-cells|xCell	0.00165093602867343
CD4+ naive T-cells|xCell	1.45649545066629e-18
CD8+ Tcm|xCell	2.4014144567245e-18
cDC|xCell	4.78635233250545e-21
Chondrocytes|xCell	1.2901778624454e-17
Class-switched memory B-cells|xCell	0.0034642389916282
CLP|xCell	0.0156582761532525
CMP|xCell	0.00871028095786705
Endothelial cells|xCell	0.0245695784227381
Epithelial cells|xCell	0.0112098199626397
Erythrocytes|xCell	0.000444624949007471
Fibroblasts|xCell	0.051145413924306
GMP|xCell	0.00181754876566409
Hepatocytes|xCell	6.3481477654486e-19
HSC|xCell	0.0708175204658347
ly Endothelial cells|xCell	0.002680393244267
Macrophages M2|xCell	0.0014372345461911
Mast cells|xCell	0.00660265015331486
Megakaryocytes|xCell	0.000100719574481947
Melanocytes|xCell	0.00228497770958214
MEP|xCell	0.028944803789466
Mesangial cells|xCell	0.0343361085341492
MSC|xCell	0.318706180136918
mv Endothelial cells|xCell	0.0107851742987895
Myocytes|xCell	0.00646644016080038
Neurons|xCell	0.0164293663937097
NKT|xCell	0.0641980682570161
pDC|xCell	0.00148228237190523
Pericytes|xCell	1.00575544255805e-17
Plasma cells|xCell	0.0243925870533357
Platelets|xCell	3.98868726734179e-05
Preadipocytes|xCell	7.82025436997598e-18
pro B-cells|xCell	0.0079890243272833
Sebocytes|xCell	1.51903054242209e-20
Smooth muscle|xCell	0.128347057845876
Tgd cells|xCell	3.20954242119518e-18
Th1 cells|xCell	0.0442599343070248
Th2 cells|xCell	0.0961576923871739
T cells|MCPcounter	0.044180457628433
CD8 T cells|MCPcounter	0.000477688275954665
Cytotoxic lymphocytes|MCPcounter	0.0278186812243958
B lineage|MCPcounter	0.106226494922785
NK cells|MCPcounter	0.0103821049481599
Monocytic lineage|MCPcounter	0.0689029992088887
Myeloid dendritic cells|MCPcounter	0.0270420994053306
Neutrophils|MCPcounter	0.107459087386464
Endothelial cells|MCPcounter	0.212180842869892
Fibroblasts|MCPcounter	0.395329544129696
B cells|quanTIseq	0.004884118372599
Macrophages M2|quanTIseq	0.12812209175331
Neutrophils|quanTIseq	0.0228195607549086
NK cells|quanTIseq	0.028424645621263
T cells CD4|quanTIseq	0.0565069009613627
Tregs|quanTIseq	0.00578772565287562
other|quanTIseq	0.753454956883681
Bcells|EPIC	0.000839529572331058
CAFs|EPIC	0.0156202311626569
CD4_Tcells|EPIC	0.0551845274971366
CD8_Tcells|EPIC	0.000278430608890854
Endothelial|EPIC	0.0352002448282262
Macrophages|EPIC	0.0146146574217812
NKcells|EPIC	1.81528429406744e-10
otherCells|EPIC	0.878262378727449
B_cell|TIMER	0.0973789181337376
T_cell.CD4|TIMER	0.0913700941159487
T_cell.CD8|TIMER	0.204085209740499
Neutrophil|TIMER	0.10268004207716
Macrophage|TIMER	0.0628438633358574
DC|TIMER	0.441641872596798
DC|ImmuCellAI	0.123432979749277
Bcell|ImmuCellAI	0.12632594021215
Monocyte|ImmuCellAI	0.055930568948891
Macrophage|ImmuCellAI	0.0318225650916104
NK|ImmuCellAI	0.14175506268081
Neutrophil|ImmuCellAI	0.119575699132112
CD4_T|ImmuCellAI	0.0626808100289296
CD8_T|ImmuCellAI	0.0327868852459016
NKT|ImmuCellAI	0.158148505303761
Gamma_delta|ImmuCellAI	0.111861137897782
CD4_naive|ImmuCellAI	0.00289296046287367
Tr1|ImmuCellAI	0.00192864030858245
nTreg|ImmuCellAI	0.00192864030858245
iTreg|ImmuCellAI	0.000964320154291225
Th1|ImmuCellAI	0.000964320154291225
Th2|ImmuCellAI	0.00675024108003857
Th17|ImmuCellAI	0.0077145612343298
Tfh|ImmuCellAI	0.00675024108003857
CD8_naive|ImmuCellAI	0.00192864030858245
Cytotoxic|ImmuCellAI	0.00289296046287367
MAIT|ImmuCellAI	0.000964320154291225
Monocytes C|ABIS	0.444006148489731
NK|ABIS	0.00364835083430561
T CD8 Memory|ABIS	0.0318536214974906
T CD4 Naive|ABIS	0.252791821767876
MAIT|ABIS	0.0121303035353816
Neutrophils LD|ABIS	0.177787654869715
Basophils LD|ABIS	0.00754671555827176
B Memory|ABIS	0.0486138118784377
pDCs|ABIS	0.0216215715687909