TCGA_ACC	TCGA-OR-A5L8
B cells memory|CIBERSORT.x	0.101860191468059
T cells CD8|CIBERSORT.x	0.0643873494258662
T cells CD4 naive|CIBERSORT.x	0.199975938284989
T cells CD4 memory resting|CIBERSORT.x	0.0396339804912545
NK cells activated|CIBERSORT.x	0.120720426824645
Monocytes|CIBERSORT.x	0.088091647943122
Macrophages M1|CIBERSORT.x	0.0650138272813373
Macrophages M2|CIBERSORT.x	0.319677852091785
Eosinophils|CIBERSORT.x	0.000638786188942768
B cells memory|CIBERSORT.y	0.101860191468059
T cells CD8|CIBERSORT.y	0.0643873494258662
T cells CD4 naive|CIBERSORT.y	0.199975938284989
T cells CD4 memory resting|CIBERSORT.y	0.0396339804912545
NK cells activated|CIBERSORT.y	0.120720426824645
Monocytes|CIBERSORT.y	0.088091647943122
Macrophages M1|CIBERSORT.y	0.0650138272813373
Macrophages M2|CIBERSORT.y	0.319677852091785
Eosinophils|CIBERSORT.y	0.000638786188942768
aDC|xCell	3.23113856666746e-18
Adipocytes|xCell	0.000883101040225817
Astrocytes|xCell	3.30628622337145e-18
B-cells|xCell	0.0063527046002183
CD4+ memory T-cells|xCell	0.000156097498154975
CD4+ naive T-cells|xCell	7.65349422612665e-18
CD4+ Tcm|xCell	0.0478466275692426
CD4+ Tem|xCell	0.006328390061589
CD8+ naive T-cells|xCell	0.00175224464606308
CD8+ T-cells|xCell	0.0090164279669621
CD8+ Tcm|xCell	0.0180914544586664
CD8+ Tem|xCell	1.4088780002759e-18
cDC|xCell	0.00748118563487591
Chondrocytes|xCell	0.0119897147697094
Class-switched memory B-cells|xCell	0.036303121362158
CLP|xCell	0.0131429950094366
CMP|xCell	0.00230978048489738
DC|xCell	0.00173774357129344
Endothelial cells|xCell	0.0140698405058262
Epithelial cells|xCell	0.0070059314542004
Erythrocytes|xCell	5.08128166853621e-21
Fibroblasts|xCell	0.0367461474930798
GMP|xCell	2.15179877899572e-19
HSC|xCell	0.119766223851854
iDC|xCell	0.0698547112615938
Keratinocytes|xCell	4.39019843715057e-05
ly Endothelial cells|xCell	0.00280752651849453
Macrophages|xCell	2.17398987566651e-19
Macrophages M2|xCell	0.00052301643576472
Mast cells|xCell	0.00553114434365475
Megakaryocytes|xCell	4.56203354419963e-21
Melanocytes|xCell	0.00112198390529917
Memory B-cells|xCell	4.15102427290969e-18
MEP|xCell	0.0175908198015266
Mesangial cells|xCell	0.0288753645116258
Monocytes|xCell	3.8295772703459e-18
MSC|xCell	0.108414105608214
mv Endothelial cells|xCell	0.00593844307483131
Myocytes|xCell	0.0136035395581689
naive B-cells|xCell	1.4760864633328e-19
Neurons|xCell	0.0272954127357471
NK cells|xCell	8.76224193438281e-19
NKT|xCell	0.002161487300975
Osteoblast|xCell	0.0733272258464585
Pericytes|xCell	0.0643794276367815
Plasma cells|xCell	0.0106415529770003
Platelets|xCell	0.0104837779279087
Preadipocytes|xCell	7.48715592744224e-18
pro B-cells|xCell	2.97212905484297e-18
Sebocytes|xCell	9.13946376561656e-20
Skeletal muscle|xCell	7.89050880963689e-19
Smooth muscle|xCell	0.202896251006521
Tgd cells|xCell	1.58840144577958e-18
Th1 cells|xCell	0.0135305755866093
T cells|MCPcounter	0.0564932574930824
CD8 T cells|MCPcounter	0.000861393397663222
Cytotoxic lymphocytes|MCPcounter	0.0262970941018265
B lineage|MCPcounter	0.096532347914054
NK cells|MCPcounter	0.0120907695212175
Monocytic lineage|MCPcounter	0.0568195748657436
Myeloid dendritic cells|MCPcounter	0.0390307770295069
Neutrophils|MCPcounter	0.104636606795995
Endothelial cells|MCPcounter	0.198508211199646
Fibroblasts|MCPcounter	0.408729967681265
B cells|quanTIseq	0.0283455762684791
Macrophages M2|quanTIseq	0.0195747637899416
Monocytes|quanTIseq	0.00117107219070962
Neutrophils|quanTIseq	0.143276487681278
NK cells|quanTIseq	0.0220595851576938
other|quanTIseq	0.785572514911898
Bcells|EPIC	0.00400514738619518
CAFs|EPIC	0.00348530457739641
CD4_Tcells|EPIC	0.108052178443416
CD8_Tcells|EPIC	0.0208110187545139
Endothelial|EPIC	0.0256510484255025
Macrophages|EPIC	0.0124269405497043
NKcells|EPIC	2.63240489283796e-09
otherCells|EPIC	0.825568359230867
B_cell|TIMER	0.0981763589392919
T_cell.CD4|TIMER	0.0851185116536105
T_cell.CD8|TIMER	0.207053230953258
Neutrophil|TIMER	0.109625382557205
Macrophage|TIMER	0.0402679003626887
DC|TIMER	0.459758615533946
DC|ImmuCellAI	0.05893536121673
Bcell|ImmuCellAI	0.156844106463878
Monocyte|ImmuCellAI	0.0627376425855513
Macrophage|ImmuCellAI	0.0541825095057034
NK|ImmuCellAI	0.141634980988593
Neutrophil|ImmuCellAI	0.115969581749049
CD4_T|ImmuCellAI	0.0608365019011407
CD8_T|ImmuCellAI	0.0779467680608365
NKT|ImmuCellAI	0.156844106463878
Gamma_delta|ImmuCellAI	0.064638783269962
CD4_naive|ImmuCellAI	0.00285171102661597
Tr1|ImmuCellAI	0.00570342205323194
nTreg|ImmuCellAI	0.00285171102661597
iTreg|ImmuCellAI	0.00570342205323194
Th1|ImmuCellAI	0.000950570342205323
Th2|ImmuCellAI	0.00855513307984791
Th17|ImmuCellAI	0.00475285171102662
Tfh|ImmuCellAI	0.000950570342205323
CD8_naive|ImmuCellAI	0.00380228136882129
Cytotoxic|ImmuCellAI	0.00380228136882129
Exhausted|ImmuCellAI	0.000950570342205323
MAIT|ImmuCellAI	0.00855513307984791
Monocytes C|ABIS	0.763257504410023
NK|ABIS	0.00438954959617782
T CD8 Memory|ABIS	0.0211943178263212
T CD4 Naive|ABIS	0.144789621008253
MAIT|ABIS	0.00445506526179241
Neutrophils LD|ABIS	0.0233890926244102
T gd non-Vd2|ABIS	0.000198184888484148
Basophils LD|ABIS	0.00622398823338646
B Memory|ABIS	0.0202770985077169
pDCs|ABIS	0.0118255776434343