TCGA_ACC	TCGA-OR-A5K1
B cells naive|CIBERSORT.x	0.0227761061428084
T cells CD8|CIBERSORT.x	0.0886893717088956
T cells CD4 memory resting|CIBERSORT.x	0.29010344475966
T cells regulatory (Tregs)|CIBERSORT.x	0.0143824403753039
NK cells activated|CIBERSORT.x	0.195800689163788
Monocytes|CIBERSORT.x	0.0652970840059136
Macrophages M1|CIBERSORT.x	0.0750595749413127
Macrophages M2|CIBERSORT.x	0.203652445175735
Dendritic cells resting|CIBERSORT.x	0.0105331750844798
Mast cells resting|CIBERSORT.x	0.0337056686421032
B cells naive|CIBERSORT.y	0.0227761061428084
T cells CD8|CIBERSORT.y	0.0886893717088956
T cells CD4 memory resting|CIBERSORT.y	0.29010344475966
T cells regulatory (Tregs)|CIBERSORT.y	0.0143824403753039
NK cells activated|CIBERSORT.y	0.195800689163788
Monocytes|CIBERSORT.y	0.0652970840059136
Macrophages M1|CIBERSORT.y	0.0750595749413127
Macrophages M2|CIBERSORT.y	0.203652445175735
Dendritic cells resting|CIBERSORT.y	0.0105331750844798
Mast cells resting|CIBERSORT.y	0.0337056686421032
aDC|xCell	0.0405541000401396
Adipocytes|xCell	0.00375421921461807
Astrocytes|xCell	2.18678320845523e-18
Basophils|xCell	0.0195232061311103
CD4+ memory T-cells|xCell	4.32936916421888e-20
CD4+ naive T-cells|xCell	0.00520359884979126
CD4+ Tem|xCell	5.61205381031414e-19
CD8+ T-cells|xCell	0.0102131933441069
CD8+ Tcm|xCell	0.0103344034985161
cDC|xCell	0.0440134085171146
CLP|xCell	0.00321768430477931
CMP|xCell	1.99218462709292e-21
DC|xCell	0.00523035706977627
Endothelial cells|xCell	0.0996601095150509
Epithelial cells|xCell	0.0565891568902508
Fibroblasts|xCell	0.0560081258731428
GMP|xCell	3.03611818228768e-18
Hepatocytes|xCell	3.64090672669608e-19
HSC|xCell	0.114861160957084
iDC|xCell	0.0788112876781323
Keratinocytes|xCell	0.000354653664344118
ly Endothelial cells|xCell	0.0418350324292216
Macrophages|xCell	0.00349854909135639
Macrophages M1|xCell	0.00545203299214559
Macrophages M2|xCell	0.00844655563037
Mast cells|xCell	0.00684844233695481
Megakaryocytes|xCell	0.00273162314351446
MEP|xCell	0.0207600967661301
Mesangial cells|xCell	0.0102981770262132
MPP|xCell	4.53449233420055e-20
MSC|xCell	0.0229975706931536
mv Endothelial cells|xCell	0.0604495207217773
Neurons|xCell	0.00683682859329458
NKT|xCell	0.0731549316278746
pDC|xCell	0.0105074620687844
Pericytes|xCell	0.0240502603367349
Sebocytes|xCell	0.00119183303010856
Smooth muscle|xCell	0.107833161821629
Th2 cells|xCell	0.0435668675612735
Tregs|xCell	0.00121238858150609
T cells|MCPcounter	0.0486422765180214
CD8 T cells|MCPcounter	0.00456207457947488
Cytotoxic lymphocytes|MCPcounter	0.0546148103421377
B lineage|MCPcounter	0.106718433179528
NK cells|MCPcounter	0.019729454139183
Monocytic lineage|MCPcounter	0.0803086128715925
Myeloid dendritic cells|MCPcounter	0.0698070871001782
Neutrophils|MCPcounter	0.0742731702680396
Endothelial cells|MCPcounter	0.240882843544532
Fibroblasts|MCPcounter	0.300461237457313
B cells|quanTIseq	0.0128223571598733
Monocytes|quanTIseq	0.158365758103776
NK cells|quanTIseq	0.0304537064021765
T cells CD4|quanTIseq	0.12393696145527
Tregs|quanTIseq	0.00787323608263266
other|quanTIseq	0.666547980796272
Bcells|EPIC	0.00389318184528886
CAFs|EPIC	0.00424057543171033
CD4_Tcells|EPIC	0.0494355175050238
CD8_Tcells|EPIC	8.74255090147998e-09
Endothelial|EPIC	0.0652429919302985
Macrophages|EPIC	0.0589065162276505
NKcells|EPIC	2.11562642941279e-09
otherCells|EPIC	0.818281206201851
B_cell|TIMER	0.0972415077610159
T_cell.CD4|TIMER	0.0960090007773265
T_cell.CD8|TIMER	0.216007335091107
Neutrophil|TIMER	0.0887305777427121
Macrophage|TIMER	0.0340416391223987
DC|TIMER	0.46796993950544
B_cells|ConsensusTME	0.0254181683742908
Cytotoxic_cells|ConsensusTME	0.0684306246336961
Dendritic_cells|ConsensusTME	0.0559028585571862
Eosinophils|ConsensusTME	0.0464158023686509
Macrophages|ConsensusTME	0.0593027032026388
Mast_cells|ConsensusTME	0.0204543707143064
NK_cells|ConsensusTME	0.0542479579947155
Neutrophils|ConsensusTME	0.0343409458785518
T_cells_CD4|ConsensusTME	0.0494672983040098
T_cells_CD8|ConsensusTME	0.0533862419359691
T_cells_gamma_delta|ConsensusTME	0.0536381769955682
T_regulatory_cells|ConsensusTME	0.0589012868090509
Macrophages_M1|ConsensusTME	0.0583265147431789
Macrophages_M2|ConsensusTME	0.07372863721815
Endothelial|ConsensusTME	0.109762486110838
Fibroblasts|ConsensusTME	0.0939577999246216
Monocytes|ConsensusTME	0.054167340665401
Plasma_cells|ConsensusTME	0.0301507855691761
DC|ImmuCellAI	0.0842911877394636
Bcell|ImmuCellAI	0.0747126436781609
Monocyte|ImmuCellAI	0.113984674329502
Macrophage|ImmuCellAI	0.0373563218390805
NK|ImmuCellAI	0.235632183908046
Neutrophil|ImmuCellAI	0.0373563218390805
CD4_T|ImmuCellAI	0.039272030651341
CD8_T|ImmuCellAI	0.0871647509578544
NKT|ImmuCellAI	0.128352490421456
Gamma_delta|ImmuCellAI	0.120689655172414
CD4_naive|ImmuCellAI	0.00191570881226054
Tr1|ImmuCellAI	0.0028735632183908
nTreg|ImmuCellAI	0.00383141762452107
iTreg|ImmuCellAI	0.000957854406130268
Th1|ImmuCellAI	0.000957854406130268
Th2|ImmuCellAI	0.000957854406130268
Th17|ImmuCellAI	0.00191570881226054
Tfh|ImmuCellAI	0.00478927203065134
CD8_naive|ImmuCellAI	0.0028735632183908
Cytotoxic|ImmuCellAI	0.00574712643678161
Exhausted|ImmuCellAI	0.00574712643678161
MAIT|ImmuCellAI	0.00862068965517241
Monocytes C|ABIS	0.334664246823956
NK|ABIS	0.00304900181488203
T CD8 Memory|ABIS	0.130671506352087
T CD4 Naive|ABIS	0.263520871143376
T CD4 Memory|ABIS	0.0166969147005445
MAIT|ABIS	0.0132849364791289
T gd Vd2|ABIS	0.00613430127041742
Neutrophils LD|ABIS	0.0637386569872958
T gd non-Vd2|ABIS	0.0038475499092559
Basophils LD|ABIS	0.00611978221415608
Monocytes NC+I|ABIS	0.0082032667876588
B Memory|ABIS	0.065989110707804
mDCs|ABIS	0.0480580762250454
pDCs|ABIS	0.0345553539019964
Plasmablasts|ABIS	0.00146642468239564