TCGA_ACC	TCGA-OR-A5JJ
B cells naive|CIBERSORT.x	0.112688970051398
Plasma cells|CIBERSORT.x	0.0138203889260284
T cells CD8|CIBERSORT.x	0.454232594813489
T cells follicular helper|CIBERSORT.x	0.00580371764575593
T cells regulatory (Tregs)|CIBERSORT.x	0.0513135029369985
NK cells activated|CIBERSORT.x	0.124468257161099
Monocytes|CIBERSORT.x	0.0329595129236129
Macrophages M0|CIBERSORT.x	0.0434186649427248
Macrophages M1|CIBERSORT.x	0.0501711128490996
Macrophages M2|CIBERSORT.x	0.0993264398875585
Dendritic cells resting|CIBERSORT.x	0.00385263767748368
Dendritic cells activated|CIBERSORT.x	0.00164632630120202
Mast cells resting|CIBERSORT.x	0.00357151559108154
Mast cells activated|CIBERSORT.x	0.00272635829246858
B cells naive|CIBERSORT.y	0.112688970051398
Plasma cells|CIBERSORT.y	0.0138203889260284
T cells CD8|CIBERSORT.y	0.454232594813489
T cells follicular helper|CIBERSORT.y	0.00580371764575593
T cells regulatory (Tregs)|CIBERSORT.y	0.0513135029369985
NK cells activated|CIBERSORT.y	0.124468257161099
Monocytes|CIBERSORT.y	0.0329595129236129
Macrophages M0|CIBERSORT.y	0.0434186649427248
Macrophages M1|CIBERSORT.y	0.0501711128490996
Macrophages M2|CIBERSORT.y	0.0993264398875585
Dendritic cells resting|CIBERSORT.y	0.00385263767748368
Dendritic cells activated|CIBERSORT.y	0.00164632630120202
Mast cells resting|CIBERSORT.y	0.00357151559108154
Mast cells activated|CIBERSORT.y	0.00272635829246858
aDC|xCell	0.0665903367407655
Adipocytes|xCell	0.000370386693916907
Astrocytes|xCell	4.80811672610483e-18
B-cells|xCell	0.045768918441958
Basophils|xCell	0.0824536046381347
CD4+ memory T-cells|xCell	4.09918663080988e-20
CD4+ Tcm|xCell	0.0221204435995321
CD8+ naive T-cells|xCell	5.06395385496805e-05
CD8+ T-cells|xCell	0.00939515778547833
CD8+ Tcm|xCell	0.0230889128395202
CD8+ Tem|xCell	3.51505071916974e-19
Class-switched memory B-cells|xCell	0.0175717658765014
CLP|xCell	0.00742383681563663
CMP|xCell	0.00674906132216334
DC|xCell	0.000999494525728641
Endothelial cells|xCell	0.0159211468179185
Erythrocytes|xCell	8.21797085245175e-20
Fibroblasts|xCell	0.0266107795378772
Hepatocytes|xCell	2.7102298130586e-19
HSC|xCell	0.0538610927282687
iDC|xCell	0.00149157592182857
Macrophages M1|xCell	0.00187172521118967
Macrophages M2|xCell	0.00615131609362736
Mast cells|xCell	0.000350554642319638
Megakaryocytes|xCell	1.24549826904236e-19
Melanocytes|xCell	0.00282740497800454
Memory B-cells|xCell	0.0109857006934088
MEP|xCell	0.0321829472739569
Mesangial cells|xCell	0.101123586474005
Monocytes|xCell	5.65012398449821e-18
MSC|xCell	0.255885589981878
mv Endothelial cells|xCell	0.00762775201624512
Myocytes|xCell	0.00694334572330597
naive B-cells|xCell	0.00690593905848556
Neurons|xCell	0.0211510050604275
Neutrophils|xCell	7.90289998721841e-19
NKT|xCell	0.00324717890588927
Osteoblast|xCell	0.00360536791940499
pDC|xCell	0.0327665833347782
Plasma cells|xCell	0.0195490263174536
Platelets|xCell	9.23991786485244e-19
Preadipocytes|xCell	4.87105529375042e-19
pro B-cells|xCell	0.0280947889726098
Sebocytes|xCell	1.00791593490915e-20
Skeletal muscle|xCell	6.81078791331588e-19
Th1 cells|xCell	0.0302993717338405
Th2 cells|xCell	0.0479636617853905
Tregs|xCell	6.74097697290879e-18
T cells|MCPcounter	0.080918287666848
CD8 T cells|MCPcounter	0.0129674691845589
Cytotoxic lymphocytes|MCPcounter	0.0604472844876744
B lineage|MCPcounter	0.225947495993087
NK cells|MCPcounter	0.0112358906383237
Monocytic lineage|MCPcounter	0.0492927876828854
Myeloid dendritic cells|MCPcounter	0.0176027484221332
Neutrophils|MCPcounter	0.060396887998364
Endothelial cells|MCPcounter	0.162869559489659
Fibroblasts|MCPcounter	0.318321588436466
B cells|quanTIseq	0.0215120527387693
Macrophages M2|quanTIseq	0.0802622369408572
Monocytes|quanTIseq	0.0139036515242418
Neutrophils|quanTIseq	0.0371944731572635
NK cells|quanTIseq	0.0332356498627162
T cells CD4|quanTIseq	0.0429288053268073
T cells CD8|quanTIseq	0.00525394185563704
Tregs|quanTIseq	0.00657572743312031
Dendritic cells|quanTIseq	0.0189922621027011
other|quanTIseq	0.740141199057886
Bcells|EPIC	0.00346336974536306
CAFs|EPIC	0.00535844016338014
CD4_Tcells|EPIC	0.0376348447070389
CD8_Tcells|EPIC	0.00551815431785195
Endothelial|EPIC	0.0242024376131577
Macrophages|EPIC	0.0265595566169516
NKcells|EPIC	2.45022594714399e-09
otherCells|EPIC	0.897263194386031
B_cell|TIMER	0.0989827323940813
T_cell.CD4|TIMER	0.0933838066317236
T_cell.CD8|TIMER	0.205960100322247
Neutrophil|TIMER	0.106220401363218
Macrophage|TIMER	0.0352127990897032
DC|TIMER	0.460240160199027
B_cells|ConsensusTME	0.0226992758226071
Cytotoxic_cells|ConsensusTME	0.0653417340200563
Dendritic_cells|ConsensusTME	0.0486379238290415
Eosinophils|ConsensusTME	0.0378738666747839
Macrophages|ConsensusTME	0.0647810382763718
Mast_cells|ConsensusTME	0.0243921557017068
NK_cells|ConsensusTME	0.049799291628611
Neutrophils|ConsensusTME	0.0172590263306803
T_cells_CD4|ConsensusTME	0.0539122299556789
T_cells_CD8|ConsensusTME	0.0521190492941383
T_cells_gamma_delta|ConsensusTME	0.0554687052888407
T_regulatory_cells|ConsensusTME	0.0717937170586577
Macrophages_M1|ConsensusTME	0.0576301183172584
Macrophages_M2|ConsensusTME	0.0810892248450588
Endothelial|ConsensusTME	0.0927261070923456
Fibroblasts|ConsensusTME	0.0881256376484829
Monocytes|ConsensusTME	0.0464978903398835
Plasma_cells|ConsensusTME	0.0698530078757965
DC|ImmuCellAI	0.137799043062201
Bcell|ImmuCellAI	0.134928229665072
Monocyte|ImmuCellAI	0.0555023923444976
Macrophage|ImmuCellAI	0.0181818181818182
NK|ImmuCellAI	0.164593301435407
Neutrophil|ImmuCellAI	0.0650717703349282
CD4_T|ImmuCellAI	0.0411483253588517
CD8_T|ImmuCellAI	0.125358851674641
NKT|ImmuCellAI	0.0889952153110048
Gamma_delta|ImmuCellAI	0.123444976076555
Tr1|ImmuCellAI	0.00478468899521531
nTreg|ImmuCellAI	0.00478468899521531
iTreg|ImmuCellAI	0.00287081339712919
Th1|ImmuCellAI	0.00287081339712919
Th2|ImmuCellAI	0.00287081339712919
Th17|ImmuCellAI	0.00191387559808612
Tfh|ImmuCellAI	0.00287081339712919
CD8_naive|ImmuCellAI	0.00382775119617225
Cytotoxic|ImmuCellAI	0.00287081339712919
Exhausted|ImmuCellAI	0.00861244019138756
MAIT|ImmuCellAI	0.00669856459330144
Monocytes C|ABIS	0.316424359724535
NK|ABIS	0.00313723725075393
T CD8 Memory|ABIS	0.0999234820182743
T CD4 Naive|ABIS	0.216500877706261
MAIT|ABIS	0.0296619705630823
T gd Vd2|ABIS	0.00272764099563397
Neutrophils LD|ABIS	0.125579511185129
Basophils LD|ABIS	0.0146734482603412
B Memory|ABIS	0.152585857676554
mDCs|ABIS	0.00305171715353108
pDCs|ABIS	0.0329027321420534
Plasmablasts|ABIS	0.0028311653238511