TCGA_ACC	TCGA-OR-A5JR
B cells naive|CIBERSORT.x	0.00653803217666649
T cells CD8|CIBERSORT.x	0.175721130682386
T cells CD4 memory resting|CIBERSORT.x	0.160912598818408
T cells regulatory (Tregs)|CIBERSORT.x	0.00547579044187808
NK cells activated|CIBERSORT.x	0.19435035412577
Monocytes|CIBERSORT.x	0.0564273868895378
Macrophages M1|CIBERSORT.x	0.0215241970290809
Macrophages M2|CIBERSORT.x	0.305078628859041
Dendritic cells resting|CIBERSORT.x	0.0142267604100008
Mast cells activated|CIBERSORT.x	0.0597451205672313
B cells naive|CIBERSORT.y	0.00653803217666649
T cells CD8|CIBERSORT.y	0.175721130682386
T cells CD4 memory resting|CIBERSORT.y	0.160912598818408
T cells regulatory (Tregs)|CIBERSORT.y	0.00547579044187808
NK cells activated|CIBERSORT.y	0.19435035412577
Monocytes|CIBERSORT.y	0.0564273868895378
Macrophages M1|CIBERSORT.y	0.0215241970290809
Macrophages M2|CIBERSORT.y	0.305078628859041
Dendritic cells resting|CIBERSORT.y	0.0142267604100008
Mast cells activated|CIBERSORT.y	0.0597451205672313
aDC|xCell	0.0631905633197286
B-cells|xCell	0.0235076678334261
CD4+ memory T-cells|xCell	0.000742136484179282
CD4+ naive T-cells|xCell	0.0244850715994681
CD4+ Tcm|xCell	6.66530529359867e-18
CD4+ Tem|xCell	0.00263823008717121
CD8+ naive T-cells|xCell	1.21911917892112e-19
CD8+ T-cells|xCell	0.0271708614436691
CD8+ Tcm|xCell	0.0182802784215581
CD8+ Tem|xCell	0.0065981639307521
cDC|xCell	0.0383330927126816
Chondrocytes|xCell	3.60329141774389e-19
Class-switched memory B-cells|xCell	0.0357938770120068
CLP|xCell	0.0121684320637791
CMP|xCell	0.00676118143100312
DC|xCell	0.0100734363436457
Endothelial cells|xCell	0.0496372970812594
Epithelial cells|xCell	0.0222395945307157
Erythrocytes|xCell	4.80938773387594e-22
Fibroblasts|xCell	7.59472197304172e-18
HSC|xCell	0.046793817495955
iDC|xCell	0.0186149582490293
Keratinocytes|xCell	5.51086995977051e-19
ly Endothelial cells|xCell	0.0134690245890404
Macrophages|xCell	0.0174099674688768
Macrophages M1|xCell	0.0131565063243779
Macrophages M2|xCell	0.0141178597850946
Mast cells|xCell	0.00731230812894783
Megakaryocytes|xCell	0.000274535732371173
Melanocytes|xCell	2.78996999825257e-18
MEP|xCell	0.0108261109118412
Mesangial cells|xCell	2.21114016544839e-18
Monocytes|xCell	0.00753077272028885
MSC|xCell	2.02500683697299e-18
mv Endothelial cells|xCell	0.0105750736102131
naive B-cells|xCell	0.000378989024930323
Neurons|xCell	0.0134240631920863
NK cells|xCell	0.0281439363290448
NKT|xCell	0.134634306826915
Osteoblast|xCell	0.0223206781786631
pDC|xCell	0.0081032974762176
Pericytes|xCell	0.00521510952339369
Plasma cells|xCell	0.00346909922884238
Platelets|xCell	7.70265008710825e-19
Preadipocytes|xCell	2.15660829381502e-18
pro B-cells|xCell	1.09107323781975e-17
Skeletal muscle|xCell	1.96473413266046e-18
Smooth muscle|xCell	0.220644761055202
Tgd cells|xCell	2.57240563081346e-18
Th2 cells|xCell	0.0471891843374874
Tregs|xCell	0.014775755516137
T cells|MCPcounter	0.0513966342153898
CD8 T cells|MCPcounter	0.0117138210226443
Cytotoxic lymphocytes|MCPcounter	0.0809354099674303
B lineage|MCPcounter	0.0895332281999129
NK cells|MCPcounter	0.0549359894533424
Monocytic lineage|MCPcounter	0.104499712826372
Myeloid dendritic cells|MCPcounter	0.0907728447923109
Neutrophils|MCPcounter	0.102356980635048
Endothelial cells|MCPcounter	0.181445488722817
Fibroblasts|MCPcounter	0.232409890164733
B cells|quanTIseq	0.0080141076160285
Macrophages M2|quanTIseq	0.0461720781860317
Monocytes|quanTIseq	0.0300016669347335
Neutrophils|quanTIseq	0.034618376843957
NK cells|quanTIseq	0.0143539256554724
T cells CD4|quanTIseq	0.142423132287083
Tregs|quanTIseq	0.0050827482651291
other|quanTIseq	0.719333964211565
Bcells|EPIC	0.00304427260110163
CAFs|EPIC	0.000997480538128941
CD4_Tcells|EPIC	0.051724879745627
CD8_Tcells|EPIC	0.00281163795686486
Endothelial|EPIC	0.0284348948252347
Macrophages|EPIC	0.0421061281566417
NKcells|EPIC	4.94254034977045e-10
otherCells|EPIC	0.870880705682147
B_cell|TIMER	0.0988325844390337
T_cell.CD4|TIMER	0.0906530849166503
T_cell.CD8|TIMER	0.203069999228353
Neutrophil|TIMER	0.0932691770626444
Macrophage|TIMER	0.0743088189716195
DC|TIMER	0.439866335381699
B_cells|ConsensusTME	0.0266441538256793
Cytotoxic_cells|ConsensusTME	0.0633766744099359
Dendritic_cells|ConsensusTME	0.0550010650441498
Eosinophils|ConsensusTME	0.0518356819057367
Macrophages|ConsensusTME	0.0634578897946922
Mast_cells|ConsensusTME	0.0569564916402532
NK_cells|ConsensusTME	0.0545642959580221
Neutrophils|ConsensusTME	0.0403304198135257
T_cells_CD4|ConsensusTME	0.0510421307744346
T_cells_CD8|ConsensusTME	0.0549456424265024
T_cells_gamma_delta|ConsensusTME	0.0508740886060051
T_regulatory_cells|ConsensusTME	0.0581440813229332
Macrophages_M1|ConsensusTME	0.0567619807903083
Macrophages_M2|ConsensusTME	0.0808667459279529
Endothelial|ConsensusTME	0.0844501633006226
Fibroblasts|ConsensusTME	0.0594227392242843
Monocytes|ConsensusTME	0.0645070474803408
Plasma_cells|ConsensusTME	0.0268187077546211
DC|ImmuCellAI	0.0927152317880795
Bcell|ImmuCellAI	0.0614947965941344
Monocyte|ImmuCellAI	0.130558183538316
Macrophage|ImmuCellAI	0.0728476821192053
NK|ImmuCellAI	0.211920529801325
Neutrophil|ImmuCellAI	0.0255439924314097
CD4_T|ImmuCellAI	0.0577105014191107
CD8_T|ImmuCellAI	0.111636707663198
NKT|ImmuCellAI	0.123935666982025
Gamma_delta|ImmuCellAI	0.0577105014191107
CD4_naive|ImmuCellAI	0.00283822138126774
Tr1|ImmuCellAI	0.00473036896877956
nTreg|ImmuCellAI	0.00662251655629139
iTreg|ImmuCellAI	0.00189214758751183
Th1|ImmuCellAI	0.000946073793755913
Th2|ImmuCellAI	0.00283822138126774
Th17|ImmuCellAI	0.00189214758751183
Tfh|ImmuCellAI	0.00567644276253548
CD8_naive|ImmuCellAI	0.00473036896877956
Cytotoxic|ImmuCellAI	0.00946073793755913
Exhausted|ImmuCellAI	0.00567644276253548
MAIT|ImmuCellAI	0.00662251655629139
Monocytes C|ABIS	0.173253723557849
T CD8 Memory|ABIS	0.133200443380497
T CD4 Naive|ABIS	0.303659752042252
MAIT|ABIS	0.0591484486339969
T gd Vd2|ABIS	0.00244045567592239
Neutrophils LD|ABIS	0.12528293450823
T gd non-Vd2|ABIS	0.0166733422133629
Basophils LD|ABIS	0.00554225621058711
Monocytes NC+I|ABIS	0.0782436170906415
B Memory|ABIS	0.0401930009221569
mDCs|ABIS	0.0417299291150088
pDCs|ABIS	0.0206320966494965