TCGA_ACC	TCGA-OR-A5JQ
B cells naive|CIBERSORT.x	0.00933676265826865
B cells memory|CIBERSORT.x	0.00493403664258106
T cells CD8|CIBERSORT.x	0.314713065280143
T cells CD4 memory resting|CIBERSORT.x	0.140661625141466
T cells regulatory (Tregs)|CIBERSORT.x	0.0170671309601508
NK cells activated|CIBERSORT.x	0.115430175826547
Monocytes|CIBERSORT.x	0.0269804522796197
Macrophages M1|CIBERSORT.x	0.120383784119467
Macrophages M2|CIBERSORT.x	0.199767818721837
Dendritic cells resting|CIBERSORT.x	0.0397514172442549
Mast cells resting|CIBERSORT.x	0.0109737311256646
B cells naive|CIBERSORT.y	0.00933676265826865
B cells memory|CIBERSORT.y	0.00493403664258106
T cells CD8|CIBERSORT.y	0.314713065280143
T cells CD4 memory resting|CIBERSORT.y	0.140661625141466
T cells regulatory (Tregs)|CIBERSORT.y	0.0170671309601508
NK cells activated|CIBERSORT.y	0.115430175826547
Monocytes|CIBERSORT.y	0.0269804522796197
Macrophages M1|CIBERSORT.y	0.120383784119467
Macrophages M2|CIBERSORT.y	0.199767818721837
Dendritic cells resting|CIBERSORT.y	0.0397514172442549
Mast cells resting|CIBERSORT.y	0.0109737311256646
aDC|xCell	0.117179527334502
Adipocytes|xCell	0.000991715427701167
Astrocytes|xCell	2.2694291994067e-18
B-cells|xCell	0.000848446892234172
Basophils|xCell	0.0134782622867268
CD4+ memory T-cells|xCell	0.00436696820600468
CD4+ naive T-cells|xCell	0.0158448552697982
CD4+ Tcm|xCell	2.60268542776349e-19
CD4+ Tem|xCell	0.0183264776167286
CD8+ T-cells|xCell	0.025128716995771
CD8+ Tcm|xCell	0.0384630863007877
CD8+ Tem|xCell	0.00866161278306132
cDC|xCell	0.0824280256915644
Chondrocytes|xCell	0.00985433852387544
Class-switched memory B-cells|xCell	0.00391412840054167
CLP|xCell	0.00164095472638486
CMP|xCell	0.00884225122819663
DC|xCell	0.0268657011933867
Endothelial cells|xCell	0.0255497180390163
Eosinophils|xCell	3.89938230614269e-19
Epithelial cells|xCell	0.0121772062677867
Fibroblasts|xCell	0.0706661226863042
GMP|xCell	0.00503293209928575
Hepatocytes|xCell	1.52709359107911e-21
HSC|xCell	0.103600595741887
iDC|xCell	0.0885020725497925
Keratinocytes|xCell	1.02239316216645e-20
ly Endothelial cells|xCell	0.00778473477007447
Macrophages|xCell	0.00505998609742676
Macrophages M1|xCell	0.00438031516758324
Macrophages M2|xCell	0.00396354097229141
Mast cells|xCell	0.00170959968105768
Megakaryocytes|xCell	0.00201508048761287
Melanocytes|xCell	0.000724370343250264
Memory B-cells|xCell	1.13624275702251e-18
MEP|xCell	0.00664206344946398
Mesangial cells|xCell	0.000440723863692899
Monocytes|xCell	0.00659734672057182
MPP|xCell	1.58115941363003e-19
MSC|xCell	0.046542724646109
mv Endothelial cells|xCell	0.00893843008888062
Myocytes|xCell	0.00268777722713205
naive B-cells|xCell	6.02501814716632e-21
Neurons|xCell	0.00529283619506159
Neutrophils|xCell	3.50204454577194e-20
NKT|xCell	0.0285928672011448
pDC|xCell	0.0307915253097378
Pericytes|xCell	0.0390878099243817
Plasma cells|xCell	0.00821993212359985
Platelets|xCell	1.23225933148292e-18
pro B-cells|xCell	3.42915816452042e-18
Skeletal muscle|xCell	2.93208993198234e-19
Smooth muscle|xCell	0.0770570334873186
Th2 cells|xCell	0.0272769088832676
Tregs|xCell	0.00383067709900307
T cells|MCPcounter	0.0739804895806386
CD8 T cells|MCPcounter	0.0212825809898816
Cytotoxic lymphocytes|MCPcounter	0.0906810852403157
B lineage|MCPcounter	0.154327735899138
NK cells|MCPcounter	0.00921213259464481
Monocytic lineage|MCPcounter	0.0867093588236659
Myeloid dendritic cells|MCPcounter	0.0738095076945778
Neutrophils|MCPcounter	0.0543610580714155
Endothelial cells|MCPcounter	0.136186676341949
Fibroblasts|MCPcounter	0.299449374763773
B cells|quanTIseq	0.0181079929816835
Macrophages M2|quanTIseq	0.0589877224721999
Monocytes|quanTIseq	0.0157573988383634
Neutrophils|quanTIseq	0.0565627250524408
NK cells|quanTIseq	0.0267975638648232
T cells CD4|quanTIseq	0.0765284197498674
T cells CD8|quanTIseq	0.0079489702762457
Tregs|quanTIseq	0.0077394333780941
Dendritic cells|quanTIseq	0.0017634826990095
other|quanTIseq	0.729806290687273
Bcells|EPIC	0.00775002950598283
CAFs|EPIC	0.00938787381765704
CD4_Tcells|EPIC	0.0482410002350795
CD8_Tcells|EPIC	1.13953373996244e-07
Endothelial|EPIC	0.052155649264547
Macrophages|EPIC	0.0601708186814563
NKcells|EPIC	5.16172613899468e-10
otherCells|EPIC	0.822294514025731
B_cell|TIMER	0.0969706678077313
T_cell.CD4|TIMER	0.113564473100944
T_cell.CD8|TIMER	0.187132185885145
Neutrophil|TIMER	0.0896364738337467
Macrophage|TIMER	0.0958447233135349
DC|TIMER	0.416851476058898
B_cells|ConsensusTME	0.039943886260086
Cytotoxic_cells|ConsensusTME	0.0579183863637517
Dendritic_cells|ConsensusTME	0.0574144028880558
Eosinophils|ConsensusTME	0.0522058430893046
Macrophages|ConsensusTME	0.0606309246884692
Mast_cells|ConsensusTME	0.0388040675715565
NK_cells|ConsensusTME	0.0517235608285134
Neutrophils|ConsensusTME	0.0402468800111461
T_cells_CD4|ConsensusTME	0.0546990652700826
T_cells_CD8|ConsensusTME	0.0554302373730222
T_cells_gamma_delta|ConsensusTME	0.0544771018295855
T_regulatory_cells|ConsensusTME	0.0636605937586587
Macrophages_M1|ConsensusTME	0.0584942828739798
Macrophages_M2|ConsensusTME	0.0703815656494613
Endothelial|ConsensusTME	0.0703208851219112
Fibroblasts|ConsensusTME	0.0672961098993023
Monocytes|ConsensusTME	0.0583836099862326
Plasma_cells|ConsensusTME	0.0479685965368806
DC|ImmuCellAI	0.0909943714821764
Bcell|ImmuCellAI	0.0581613508442777
Monocyte|ImmuCellAI	0.121013133208255
Macrophage|ImmuCellAI	0.0534709193245779
NK|ImmuCellAI	0.196998123827392
Neutrophil|ImmuCellAI	0.00656660412757974
CD4_T|ImmuCellAI	0.0637898686679174
CD8_T|ImmuCellAI	0.131332082551595
NKT|ImmuCellAI	0.135084427767355
Gamma_delta|ImmuCellAI	0.0806754221388368
CD4_naive|ImmuCellAI	0.000938086303939962
Tr1|ImmuCellAI	0.00938086303939962
nTreg|ImmuCellAI	0.00656660412757974
iTreg|ImmuCellAI	0.00469043151969981
Th1|ImmuCellAI	0.000938086303939962
Th2|ImmuCellAI	0.00281425891181989
Tfh|ImmuCellAI	0.00656660412757974
CD8_naive|ImmuCellAI	0.00375234521575985
Cytotoxic|ImmuCellAI	0.00656660412757974
Exhausted|ImmuCellAI	0.00844277673545966
MAIT|ImmuCellAI	0.0112570356472795
Monocytes C|ABIS	0.625226983030571
NK|ABIS	0.000937128370920536
T CD8 Memory|ABIS	0.0975581966687792
T CD4 Naive|ABIS	0.148117554066468
T CD4 Memory|ABIS	0.0415868517186621
MAIT|ABIS	0.00421565346189177
T gd Vd2|ABIS	0.00281993035626544
Neutrophils LD|ABIS	0.0237842610856732
Basophils LD|ABIS	0.00415868517186621
B Memory|ABIS	0.0324719253145718
mDCs|ABIS	0.0078616240235279
pDCs|ABIS	0.0107527647423253
Plasmablasts|ABIS	0.000508441988478163