TCGA_ACC	TCGA-OR-A5KZ
B cells naive|CIBERSORT.x	0.0686667111958802
T cells CD8|CIBERSORT.x	0.0817605932089205
T cells CD4 naive|CIBERSORT.x	0.00151225988415651
T cells CD4 memory resting|CIBERSORT.x	0.0274796280081989
NK cells activated|CIBERSORT.x	0.0630730605416744
Monocytes|CIBERSORT.x	0.01901864488929
Macrophages M0|CIBERSORT.x	0.230663473004789
Macrophages M1|CIBERSORT.x	0.0712657407354116
Macrophages M2|CIBERSORT.x	0.329571919051201
Dendritic cells resting|CIBERSORT.x	0.0243217293823356
Mast cells activated|CIBERSORT.x	0.0826662400981429
B cells naive|CIBERSORT.y	0.0686667111958802
T cells CD8|CIBERSORT.y	0.0817605932089205
T cells CD4 naive|CIBERSORT.y	0.00151225988415651
T cells CD4 memory resting|CIBERSORT.y	0.0274796280081989
NK cells activated|CIBERSORT.y	0.0630730605416744
Monocytes|CIBERSORT.y	0.01901864488929
Macrophages M0|CIBERSORT.y	0.230663473004789
Macrophages M1|CIBERSORT.y	0.0712657407354116
Macrophages M2|CIBERSORT.y	0.329571919051201
Dendritic cells resting|CIBERSORT.y	0.0243217293823356
Mast cells activated|CIBERSORT.y	0.0826662400981429
aDC|xCell	0.0208520990939037
Adipocytes|xCell	4.56136293335427e-19
Astrocytes|xCell	4.41126334813203e-18
B-cells|xCell	2.20679877514281e-18
Basophils|xCell	0.0183392122128925
CD4+ memory T-cells|xCell	0.000732023815268435
CD4+ Tcm|xCell	3.06616837512732e-18
CD4+ Tem|xCell	7.27659039118964e-18
CD8+ naive T-cells|xCell	1.69350023092204e-19
CD8+ Tcm|xCell	0.00152444740048368
cDC|xCell	0.0449167236903047
CLP|xCell	0.010043256455947
DC|xCell	0.00492471783119987
Endothelial cells|xCell	0.0566026476439194
Eosinophils|xCell	8.5345672257951e-19
Epithelial cells|xCell	0.00457535835177592
Erythrocytes|xCell	1.14839644251675e-19
GMP|xCell	1.0526593698809e-18
Hepatocytes|xCell	0.00034078790225974
HSC|xCell	0.142145032220247
iDC|xCell	0.0641982944745495
Keratinocytes|xCell	0.000253373499803069
ly Endothelial cells|xCell	0.0226850871119362
Mast cells|xCell	0.00247645376560047
Melanocytes|xCell	0.000154182534751374
Memory B-cells|xCell	9.76009527998607e-19
MEP|xCell	0.0153369551200912
Mesangial cells|xCell	0.00796594054721312
Monocytes|xCell	1.94558880861473e-18
MPP|xCell	9.98147499722331e-20
MSC|xCell	0.299162350106731
mv Endothelial cells|xCell	0.0226010712373372
Myocytes|xCell	5.80060958696024e-22
Neurons|xCell	0.00424425774722139
NK cells|xCell	2.03218599730396e-18
NKT|xCell	0.0241751037715035
pDC|xCell	0.0230875511032334
Pericytes|xCell	0.0640234003253634
Plasma cells|xCell	0.00538754821689191
pro B-cells|xCell	0.00677961157823366
Skeletal muscle|xCell	0.00240903706579614
Tgd cells|xCell	6.55306315226195e-18
Th1 cells|xCell	0.011813384339433
Th2 cells|xCell	0.118250090836109
T cells|MCPcounter	0.0624735058288582
CD8 T cells|MCPcounter	0.00240231645145767
Cytotoxic lymphocytes|MCPcounter	0.0365566966879333
B lineage|MCPcounter	0.101374023357977
NK cells|MCPcounter	0.00606966795341899
Monocytic lineage|MCPcounter	0.0637079873033201
Myeloid dendritic cells|MCPcounter	0.0922202127148396
Neutrophils|MCPcounter	0.0631095794133709
Endothelial cells|MCPcounter	0.200417930144161
Fibroblasts|MCPcounter	0.371668080144663
B cells|quanTIseq	0.0165367247913759
Macrophages M2|quanTIseq	0.00600259301405512
Monocytes|quanTIseq	0.080657322825276
Neutrophils|quanTIseq	0.00414098234773064
NK cells|quanTIseq	0.02223153452793
T cells CD4|quanTIseq	0.0362966373791652
Tregs|quanTIseq	0.00209748259172332
other|quanTIseq	0.832036722522744
Bcells|EPIC	0.00224209769705769
CAFs|EPIC	0.0424974681465952
CD4_Tcells|EPIC	0.0247680063447275
CD8_Tcells|EPIC	0.00326281380293813
Endothelial|EPIC	0.0618673192779049
Macrophages|EPIC	0.0402926113739659
NKcells|EPIC	1.27584936781733e-08
otherCells|EPIC	0.825069670598317
B_cell|TIMER	0.0933124588855208
T_cell.CD4|TIMER	0.0820394974608996
T_cell.CD8|TIMER	0.214504631269605
Neutrophil|TIMER	0.103743589587878
Macrophage|TIMER	0.0732241586475118
DC|TIMER	0.433175664148586
B_cells|ConsensusTME	0.0222072934681935
Cytotoxic_cells|ConsensusTME	0.0581859442394181
Dendritic_cells|ConsensusTME	0.0654997256937162
Eosinophils|ConsensusTME	0.0487015635090901
Macrophages|ConsensusTME	0.0731343749335828
Mast_cells|ConsensusTME	0.0157445313501929
NK_cells|ConsensusTME	0.0412665938288723
Neutrophils|ConsensusTME	0.0379667152422366
T_cells_CD4|ConsensusTME	0.0434343049797155
T_cells_CD8|ConsensusTME	0.0452859452629376
T_cells_gamma_delta|ConsensusTME	0.0462019689667529
T_regulatory_cells|ConsensusTME	0.0500631795598246
Macrophages_M1|ConsensusTME	0.067056159919169
Macrophages_M2|ConsensusTME	0.085730761445879
Endothelial|ConsensusTME	0.120578799723907
Fibroblasts|ConsensusTME	0.0866855501258073
Monocytes|ConsensusTME	0.0596521657818959
Plasma_cells|ConsensusTME	0.0326044219688086
DC|ImmuCellAI	0.0923076923076923
Bcell|ImmuCellAI	0.0903846153846154
Monocyte|ImmuCellAI	0.134615384615385
Macrophage|ImmuCellAI	0.0346153846153846
NK|ImmuCellAI	0.151923076923077
Neutrophil|ImmuCellAI	0.0875
CD4_T|ImmuCellAI	0.0432692307692308
CD8_T|ImmuCellAI	0.0740384615384615
NKT|ImmuCellAI	0.138461538461538
Gamma_delta|ImmuCellAI	0.114423076923077
CD4_naive|ImmuCellAI	0.00192307692307692
Tr1|ImmuCellAI	0.00288461538461538
nTreg|ImmuCellAI	0.00384615384615385
iTreg|ImmuCellAI	0.00288461538461538
Th1|ImmuCellAI	0.00288461538461538
Th2|ImmuCellAI	0.00288461538461538
Th17|ImmuCellAI	0.000961538461538461
Tfh|ImmuCellAI	0.00288461538461538
CD8_naive|ImmuCellAI	0.00192307692307692
Cytotoxic|ImmuCellAI	0.00480769230769231
Exhausted|ImmuCellAI	0.00192307692307692
MAIT|ImmuCellAI	0.00865384615384615
Monocytes C|ABIS	0.545749349330338
T CD8 Memory|ABIS	0.0900486426395058
T CD4 Naive|ABIS	0.116244611407362
T CD4 Memory|ABIS	0.0253773447438607
MAIT|ABIS	0.0122247854249996
T gd Vd2|ABIS	0.0110241368564728
Neutrophils LD|ABIS	0.0900486426395058
Basophils LD|ABIS	0.00456246456040163
B Memory|ABIS	0.0219391238430796
mDCs|ABIS	0.0536471610391722
pDCs|ABIS	0.028979290449441
Plasmablasts|ABIS	0.000154447065860486