TCGA_ACC	TCGA-PK-A5HA
B cells naive|CIBERSORT.x	0.00478587820366945
Plasma cells|CIBERSORT.x	0.00312963751443199
T cells CD8|CIBERSORT.x	0.19465436933164
T cells CD4 memory resting|CIBERSORT.x	0.0899005705046011
NK cells activated|CIBERSORT.x	0.0754418124912432
Monocytes|CIBERSORT.x	0.0256228734696795
Macrophages M1|CIBERSORT.x	0.0225141301172534
Macrophages M2|CIBERSORT.x	0.565028190152567
Dendritic cells resting|CIBERSORT.x	0.0100402757373351
Mast cells activated|CIBERSORT.x	0.00888226247757953
B cells naive|CIBERSORT.y	0.00478587820366945
Plasma cells|CIBERSORT.y	0.00312963751443199
T cells CD8|CIBERSORT.y	0.19465436933164
T cells CD4 memory resting|CIBERSORT.y	0.0899005705046011
NK cells activated|CIBERSORT.y	0.0754418124912432
Monocytes|CIBERSORT.y	0.0256228734696795
Macrophages M1|CIBERSORT.y	0.0225141301172534
Macrophages M2|CIBERSORT.y	0.565028190152567
Dendritic cells resting|CIBERSORT.y	0.0100402757373351
Mast cells activated|CIBERSORT.y	0.00888226247757953
aDC|xCell	0.0343005246141481
B-cells|xCell	0.00427460285452163
Basophils|xCell	0.0357630124611934
CD4+ memory T-cells|xCell	0.00720245900428074
CD4+ naive T-cells|xCell	0.00663696300570156
CD4+ T-cells|xCell	9.42359137273261e-21
CD4+ Tcm|xCell	0.00703686896836507
CD4+ Tem|xCell	0.00330647629749746
CD8+ T-cells|xCell	0.0140984612273337
CD8+ Tcm|xCell	0.0180026696311262
CD8+ Tem|xCell	0.00591676861968013
cDC|xCell	0.103745279518381
Chondrocytes|xCell	0.0057025737324267
Class-switched memory B-cells|xCell	0.00143000185618115
CLP|xCell	0.000277281198214396
CMP|xCell	0.00255301344726708
DC|xCell	0.039850587167371
Endothelial cells|xCell	0.0486701865373247
Epithelial cells|xCell	0.00981210701435736
Erythrocytes|xCell	1.08841099678242e-19
Hepatocytes|xCell	0.000283753270527745
HSC|xCell	0.0235355395946065
iDC|xCell	0.366572199948167
ly Endothelial cells|xCell	0.0136063403156987
Macrophages|xCell	0.0142900106870964
Macrophages M1|xCell	0.00740145569849728
Mast cells|xCell	0.0109912825677738
Megakaryocytes|xCell	0.000313173286848271
MEP|xCell	0.00506363423640624
Mesangial cells|xCell	0.0018074317918387
Monocytes|xCell	0.0309491904217218
MSC|xCell	3.44591605782019e-19
mv Endothelial cells|xCell	0.0259436211704314
Myocytes|xCell	5.3674896570509e-19
naive B-cells|xCell	0.00261292062679576
Neurons|xCell	0.00571821886163429
Neutrophils|xCell	7.59251754484357e-19
NKT|xCell	0.0248279266477939
pDC|xCell	0.0166842386738887
Pericytes|xCell	0.0347238792103543
Plasma cells|xCell	0.000836672616225539
Preadipocytes|xCell	0.00399723253206237
pro B-cells|xCell	0.0013159215573306
Skeletal muscle|xCell	1.69347334068461e-22
Smooth muscle|xCell	0.0264901027883655
Th1 cells|xCell	0.00209231318617636
Th2 cells|xCell	0.00338435056578184
Tregs|xCell	0.0279787525886056
T cells|MCPcounter	0.0682558833897377
CD8 T cells|MCPcounter	0.0100138595965508
Cytotoxic lymphocytes|MCPcounter	0.0586224163549175
B lineage|MCPcounter	0.0592341720542954
NK cells|MCPcounter	0.0154976480536301
Monocytic lineage|MCPcounter	0.151065752890571
Myeloid dendritic cells|MCPcounter	0.0862383730433772
Neutrophils|MCPcounter	0.0600499278561869
Endothelial cells|MCPcounter	0.170332381236349
Fibroblasts|MCPcounter	0.320689585524385
B cells|quanTIseq	0.00887516205022639
Macrophages M1|quanTIseq	0.00425446698252308
Macrophages M2|quanTIseq	0.0416018904625774
Monocytes|quanTIseq	0.0601497674854425
Neutrophils|quanTIseq	0.0296214260498773
NK cells|quanTIseq	0.0252687435313765
T cells CD4|quanTIseq	0.0352641668488043
T cells CD8|quanTIseq	0.00440509537685262
Tregs|quanTIseq	0.0060384631427322
Dendritic cells|quanTIseq	0.0151695580572789
other|quanTIseq	0.769351260012309
Bcells|EPIC	0.00549095030526646
CAFs|EPIC	0.0243423927547333
CD4_Tcells|EPIC	0.095606563613252
CD8_Tcells|EPIC	4.10592542855984e-08
Endothelial|EPIC	0.0755158151480596
Macrophages|EPIC	0.168825431859673
NKcells|EPIC	6.55976805713596e-09
otherCells|EPIC	0.630218798699993
B_cell|TIMER	0.0930332108049769
T_cell.CD4|TIMER	0.0920048522083061
T_cell.CD8|TIMER	0.185871771488291
Neutrophil|TIMER	0.084666656222906
Macrophage|TIMER	0.113858578702814
DC|TIMER	0.430564930572706
B_cells|ConsensusTME	0.0268439169112933
Cytotoxic_cells|ConsensusTME	0.0568911600413143
Dendritic_cells|ConsensusTME	0.0660904021185857
Eosinophils|ConsensusTME	0.0583618376642419
Macrophages|ConsensusTME	0.0708046001679462
Mast_cells|ConsensusTME	0.046697244615806
NK_cells|ConsensusTME	0.0436216712559624
Neutrophils|ConsensusTME	0.0491837499699281
T_cells_CD4|ConsensusTME	0.0510231185634827
T_cells_CD8|ConsensusTME	0.0487213720711395
T_cells_gamma_delta|ConsensusTME	0.0491315450963124
T_regulatory_cells|ConsensusTME	0.0567967172709345
Macrophages_M1|ConsensusTME	0.0643369320671455
Macrophages_M2|ConsensusTME	0.0822954449473977
Endothelial|ConsensusTME	0.0733403813635513
Fibroblasts|ConsensusTME	0.0595669664097288
Monocytes|ConsensusTME	0.0690911707709951
Plasma_cells|ConsensusTME	0.0272017686942345
DC|ImmuCellAI	0.0954162768942937
Bcell|ImmuCellAI	0.048643592142189
Monocyte|ImmuCellAI	0.114125350795136
Macrophage|ImmuCellAI	0.0598690364826941
NK|ImmuCellAI	0.184284377923293
Neutrophil|ImmuCellAI	0.0692235734331151
CD4_T|ImmuCellAI	0.0935453695042096
CD8_T|ImmuCellAI	0.0757717492984097
NKT|ImmuCellAI	0.109448082319925
Gamma_delta|ImmuCellAI	0.0851262862488307
CD4_naive|ImmuCellAI	0.000935453695042095
Tr1|ImmuCellAI	0.0112254443405051
nTreg|ImmuCellAI	0.0121608980355472
iTreg|ImmuCellAI	0.00561272217025257
Th1|ImmuCellAI	0.00187090739008419
Th2|ImmuCellAI	0.00467726847521048
Th17|ImmuCellAI	0.00561272217025257
Tfh|ImmuCellAI	0.00654817586529467
CD8_naive|ImmuCellAI	0.000935453695042095
Cytotoxic|ImmuCellAI	0.00374181478016838
Exhausted|ImmuCellAI	0.00467726847521048
MAIT|ImmuCellAI	0.00654817586529467
Monocytes C|ABIS	0.00447797814311307
T CD8 Memory|ABIS	0.125321193866289
T CD4 Naive|ABIS	0.198710280100643
MAIT|ABIS	0.0162015736983466
T gd Vd2|ABIS	0.00202441928553237
Neutrophils LD|ABIS	0.0519321076319363
Basophils LD|ABIS	0.00382493966390908
Monocytes NC+I|ABIS	0.513101662231706
B Memory|ABIS	0.0044157840022365
mDCs|ABIS	0.0727671448255874
pDCs|ABIS	0.00696574377817589
Plasmablasts|ABIS	0.000257172772524619