TCGA_ACC	TCGA-OR-A5K9
B cells naive|CIBERSORT.x	0.0273108510170971
T cells CD8|CIBERSORT.x	0.151613422519885
T cells CD4 memory resting|CIBERSORT.x	0.255416378513768
NK cells activated|CIBERSORT.x	0.0815141139894541
Monocytes|CIBERSORT.x	0.0560407261701303
Macrophages M2|CIBERSORT.x	0.282994639485481
Dendritic cells activated|CIBERSORT.x	0.10468027943917
Mast cells resting|CIBERSORT.x	0.0378978210625932
Neutrophils|CIBERSORT.x	0.00253176780242101
B cells naive|CIBERSORT.y	0.0273108510170971
T cells CD8|CIBERSORT.y	0.151613422519885
T cells CD4 memory resting|CIBERSORT.y	0.255416378513768
NK cells activated|CIBERSORT.y	0.0815141139894541
Monocytes|CIBERSORT.y	0.0560407261701303
Macrophages M2|CIBERSORT.y	0.282994639485481
Dendritic cells activated|CIBERSORT.y	0.10468027943917
Mast cells resting|CIBERSORT.y	0.0378978210625932
Neutrophils|CIBERSORT.y	0.00253176780242101
aDC|xCell	0.0464725596105996
B-cells|xCell	0.000448765283586603
Basophils|xCell	0.00888410538914663
CD4+ memory T-cells|xCell	0.0029757450587942
CD4+ Tcm|xCell	0.00955507300536797
CD4+ Tem|xCell	0.00965880385023975
CD8+ Tcm|xCell	2.01465266303154e-19
CD8+ Tem|xCell	2.1097868765712e-19
cDC|xCell	0.00282659589430457
Class-switched memory B-cells|xCell	0.0132438058836977
CLP|xCell	0.00567507750073844
DC|xCell	0.000313770154997314
Endothelial cells|xCell	0.00203975778736339
Erythrocytes|xCell	0.000529094530590768
GMP|xCell	0.0329850926210857
Hepatocytes|xCell	2.59598503749525e-18
HSC|xCell	0.000657569314086677
iDC|xCell	3.13767930956809e-19
Macrophages|xCell	0.0050214944803693
Macrophages M1|xCell	0.0106555425582732
Mast cells|xCell	0.00336863688193398
Melanocytes|xCell	5.59008447373874e-05
Memory B-cells|xCell	4.31642357505809e-18
MEP|xCell	0.0083368061049015
Mesangial cells|xCell	0.0182357856134397
MPP|xCell	0.00687322955346558
MSC|xCell	0.48146631025275
mv Endothelial cells|xCell	2.27319867700233e-20
Neurons|xCell	0.00833269557906948
NK cells|xCell	2.60495636913248e-19
NKT|xCell	0.0439737351052464
pDC|xCell	0.029203452264239
Pericytes|xCell	0.0726052759549926
Plasma cells|xCell	0.00536834358299464
Preadipocytes|xCell	3.03538523110764e-17
pro B-cells|xCell	0.0278082474690018
Sebocytes|xCell	0.000153141187615058
Smooth muscle|xCell	5.46281241190779e-19
Tgd cells|xCell	2.26141509305643e-19
Th1 cells|xCell	0.014318239486426
Th2 cells|xCell	0.127957347195945
Tregs|xCell	3.05829007832298e-20
T cells|MCPcounter	0.0681120353304656
Cytotoxic lymphocytes|MCPcounter	0.0153342062593443
B lineage|MCPcounter	0.0574021337881813
NK cells|MCPcounter	0.00352061206336006
Monocytic lineage|MCPcounter	0.0734919022057036
Myeloid dendritic cells|MCPcounter	0.0133157002440627
Neutrophils|MCPcounter	0.131217957445601
Endothelial cells|MCPcounter	0.213010253571782
Fibroblasts|MCPcounter	0.4245951990915
B cells|quanTIseq	0.0103605109324067
Macrophages M2|quanTIseq	0.034539028120445
Monocytes|quanTIseq	0.0047639375850025
NK cells|quanTIseq	0.00591248247994386
T cells CD4|quanTIseq	0.126185299964579
T cells CD8|quanTIseq	0.000683440225561063
Tregs|quanTIseq	0.0290835597283958
Dendritic cells|quanTIseq	0.068868873075298
other|quanTIseq	0.719602867888368
Bcells|EPIC	0.000841938907416901
CAFs|EPIC	0.00392819018637398
CD4_Tcells|EPIC	0.0684912503291877
CD8_Tcells|EPIC	4.42311080072475e-08
Endothelial|EPIC	0.0145844046038942
Macrophages|EPIC	0.0646531148571762
NKcells|EPIC	1.57085306074413e-06
otherCells|EPIC	0.847499486031782
B_cell|TIMER	0.103018120490958
T_cell.CD4|TIMER	0.0871027328344386
T_cell.CD8|TIMER	0.207205429116115
Neutrophil|TIMER	0.104760746457073
Macrophage|TIMER	0.037199839886453
DC|TIMER	0.460713131214962
DC|ImmuCellAI	0.132178669097539
Bcell|ImmuCellAI	0.115770282588879
Monocyte|ImmuCellAI	0.0419325432999088
Macrophage|ImmuCellAI	0.117593436645397
NK|ImmuCellAI	0.0911577028258888
Neutrophil|ImmuCellAI	0.197812215132179
CD4_T|ImmuCellAI	0.154968094804011
NKT|ImmuCellAI	0.0592525068368277
CD4_naive|ImmuCellAI	0.00455788514129444
Tr1|ImmuCellAI	0.0154968094804011
nTreg|ImmuCellAI	0.0182315405651778
iTreg|ImmuCellAI	0.0109389243391067
Th1|ImmuCellAI	0.00638103919781222
Th2|ImmuCellAI	0.0209662716499544
Th17|ImmuCellAI	0.0127620783956244
Monocytes C|ABIS	0.723786045978329
NK|ABIS	0.00341111047411569
T CD8 Memory|ABIS	0.00988935389554549
T CD4 Naive|ABIS	0.0759617038353494
T CD8 Naive|ABIS	0.00383391618414264
MAIT|ABIS	0.00859943817003956
Neutrophils LD|ABIS	0.103909877887978
T gd non-Vd2|ABIS	0.00136157771025626
Basophils LD|ABIS	0.00496617554319784
B Memory|ABIS	0.0408473313076879
pDCs|ABIS	0.0234334690133578