TCGA_ACC	TCGA-OR-A5JS
B cells naive|CIBERSORT.x	0.0732880912955064
Plasma cells|CIBERSORT.x	0.0283625767504658
T cells CD8|CIBERSORT.x	0.154687469562465
T cells CD4 naive|CIBERSORT.x	0.0277902165224771
T cells CD4 memory resting|CIBERSORT.x	0.316726266395162
NK cells activated|CIBERSORT.x	0.106217151054784
Monocytes|CIBERSORT.x	0.0640174765622415
Macrophages M0|CIBERSORT.x	0.0085614842065009
Macrophages M1|CIBERSORT.x	0.0182374948444424
Macrophages M2|CIBERSORT.x	0.0668799778361056
Dendritic cells activated|CIBERSORT.x	0.0311155531865929
Mast cells activated|CIBERSORT.x	0.104116241783257
B cells naive|CIBERSORT.y	0.0732880912955064
Plasma cells|CIBERSORT.y	0.0283625767504658
T cells CD8|CIBERSORT.y	0.154687469562465
T cells CD4 naive|CIBERSORT.y	0.0277902165224771
T cells CD4 memory resting|CIBERSORT.y	0.316726266395162
NK cells activated|CIBERSORT.y	0.106217151054784
Monocytes|CIBERSORT.y	0.0640174765622415
Macrophages M0|CIBERSORT.y	0.0085614842065009
Macrophages M1|CIBERSORT.y	0.0182374948444424
Macrophages M2|CIBERSORT.y	0.0668799778361056
Dendritic cells activated|CIBERSORT.y	0.0311155531865929
Mast cells activated|CIBERSORT.y	0.104116241783257
aDC|xCell	0.0574838983994873
B-cells|xCell	3.4690488840303e-20
Basophils|xCell	0.0392441737478141
CD4+ memory T-cells|xCell	0.00159390788451133
CD4+ Tcm|xCell	0.0350274218804764
CD4+ Tem|xCell	0.0652052380844034
CD8+ naive T-cells|xCell	2.39126200113642e-20
CD8+ T-cells|xCell	0.00140197826846899
CD8+ Tcm|xCell	0.00729054421263397
cDC|xCell	5.91511369087836e-19
Class-switched memory B-cells|xCell	0.00911222021671787
CLP|xCell	0.00582929937300551
CMP|xCell	0.00614732454321415
DC|xCell	0.00105608417758014
Endothelial cells|xCell	0.0316267774867875
Eosinophils|xCell	6.78543140221074e-19
Epithelial cells|xCell	0.0148085601817727
Erythrocytes|xCell	0.000172525715853649
GMP|xCell	0.00254527308565064
Hepatocytes|xCell	2.67425990441223e-18
HSC|xCell	0.0268289068843741
iDC|xCell	0.0036007892027506
ly Endothelial cells|xCell	0.00412572322726614
Macrophages|xCell	0.0091652197245265
Macrophages M1|xCell	0.0139596712715951
Macrophages M2|xCell	0.00251308371621715
Mast cells|xCell	0.00892108738114654
Megakaryocytes|xCell	1.06943584827262e-19
Melanocytes|xCell	0.000677265999490969
Memory B-cells|xCell	1.41824114470883e-19
MEP|xCell	0.023893686014644
Mesangial cells|xCell	0.0535493880119167
Monocytes|xCell	2.83916383252443e-19
MPP|xCell	0.0151913937792698
MSC|xCell	0.281139224113502
mv Endothelial cells|xCell	0.0248682585049106
Myocytes|xCell	1.0522756818311e-18
Neurons|xCell	0.0179147318045729
Neutrophils|xCell	1.98453136530866e-20
NK cells|xCell	1.25351276334073e-17
NKT|xCell	0.0294906166010694
pDC|xCell	0.0103684171668185
Plasma cells|xCell	0.0247111642482476
Platelets|xCell	0.000410012996822081
pro B-cells|xCell	0.0277792825614053
Sebocytes|xCell	0.000673039274143484
Smooth muscle|xCell	0.0387254728631438
Tgd cells|xCell	4.87282720795799e-18
Th2 cells|xCell	0.10294833739379
Tregs|xCell	2.40788259887718e-18
T cells|MCPcounter	0.0860079503906341
CD8 T cells|MCPcounter	0.00415600732999326
Cytotoxic lymphocytes|MCPcounter	0.0382367613303453
B lineage|MCPcounter	0.109922666426041
NK cells|MCPcounter	0.00655667823405152
Monocytic lineage|MCPcounter	0.0459456818357157
Myeloid dendritic cells|MCPcounter	0.031300422513267
Neutrophils|MCPcounter	0.108384192484834
Endothelial cells|MCPcounter	0.199261840518893
Fibroblasts|MCPcounter	0.370227798936225
B cells|quanTIseq	0.00505576450490823
Macrophages M2|quanTIseq	0.0244297440174555
Monocytes|quanTIseq	0.00273554106530836
Neutrophils|quanTIseq	0.0482627022768879
NK cells|quanTIseq	0.0141943538792198
T cells CD4|quanTIseq	0.106317671444846
Tregs|quanTIseq	0.00480226240605326
Dendritic cells|quanTIseq	0.0181431473485668
other|quanTIseq	0.776058813056754
Bcells|EPIC	0.00206542310524117
CAFs|EPIC	0.00463968073827545
CD4_Tcells|EPIC	0.0806456363178956
CD8_Tcells|EPIC	0.0108759523146124
Endothelial|EPIC	0.0224689097991698
Macrophages|EPIC	0.0134683033627004
NKcells|EPIC	9.94755634021207e-10
otherCells|EPIC	0.86583609336735
B_cell|TIMER	0.095233183142366
T_cell.CD4|TIMER	0.0818471545119786
T_cell.CD8|TIMER	0.208256847784317
Neutrophil|TIMER	0.109667777377442
Macrophage|TIMER	0.0395820731985655
DC|TIMER	0.46541296398533
B_cells|ConsensusTME	0.00817552535017566
Cytotoxic_cells|ConsensusTME	0.0700901193424476
Dendritic_cells|ConsensusTME	0.0514501313554625
Eosinophils|ConsensusTME	0.0412265079630639
Macrophages|ConsensusTME	0.0743171053585622
Mast_cells|ConsensusTME	0.00566457348719472
NK_cells|ConsensusTME	0.0428864705855862
Neutrophils|ConsensusTME	0.0342058953837548
T_cells_CD4|ConsensusTME	0.0442821538875435
T_cells_CD8|ConsensusTME	0.0405282979865589
T_cells_gamma_delta|ConsensusTME	0.0485497055267208
T_regulatory_cells|ConsensusTME	0.0544054575738674
Macrophages_M1|ConsensusTME	0.0612333830954267
Macrophages_M2|ConsensusTME	0.0840521877485946
Endothelial|ConsensusTME	0.159589592256811
Fibroblasts|ConsensusTME	0.0861279192507753
Monocytes|ConsensusTME	0.0622666430241004
Plasma_cells|ConsensusTME	0.0309483308233537
DC|ImmuCellAI	0.0538243626062323
Bcell|ImmuCellAI	0.0868744098205855
Monocyte|ImmuCellAI	0.0745986779981114
Macrophage|ImmuCellAI	0.0500472143531634
NK|ImmuCellAI	0.126534466477809
Neutrophil|ImmuCellAI	0.141643059490085
CD4_T|ImmuCellAI	0.0878186968838527
CD8_T|ImmuCellAI	0.0585457979225685
NKT|ImmuCellAI	0.140698772426818
Gamma_delta|ImmuCellAI	0.12275731822474
CD4_naive|ImmuCellAI	0.0028328611898017
Tr1|ImmuCellAI	0.0056657223796034
nTreg|ImmuCellAI	0.00944287063267233
iTreg|ImmuCellAI	0.00472143531633617
Th2|ImmuCellAI	0.012275731822474
Th17|ImmuCellAI	0.00755429650613787
Tfh|ImmuCellAI	0.0028328611898017
CD8_naive|ImmuCellAI	0.000944287063267233
Cytotoxic|ImmuCellAI	0.0028328611898017
Exhausted|ImmuCellAI	0.0028328611898017
MAIT|ImmuCellAI	0.00472143531633617
Monocytes C|ABIS	0.316432842118067
NK|ABIS	0.00294577120290092
T CD8 Memory|ABIS	0.129233833417589
T CD4 Naive|ABIS	0.309781100692161
MAIT|ABIS	0.0136835823618623
Neutrophils LD|ABIS	0.0775403000505532
Basophils LD|ABIS	0.017009453074815
B Memory|ABIS	0.0734542303174971
mDCs|ABIS	0.0310731349467291
pDCs|ABIS	0.028317413498854
Plasmablasts|ABIS	0.000528338318971907