TCGA_ACC	TCGA-P6-A5OF
B cells naive|CIBERSORT.x	0.00203219229401515
B cells memory|CIBERSORT.x	0.0380247296313297
T cells CD8|CIBERSORT.x	0.0853243528341178
T cells CD4 memory resting|CIBERSORT.x	0.296688010025193
NK cells resting|CIBERSORT.x	0.0305312519389906
NK cells activated|CIBERSORT.x	0.0254012858798896
Monocytes|CIBERSORT.x	0.119733400775576
Macrophages M1|CIBERSORT.x	0.0112602628740662
Macrophages M2|CIBERSORT.x	0.330190860875787
Dendritic cells activated|CIBERSORT.x	0.0499107744130332
Neutrophils|CIBERSORT.x	0.0109028784580019
B cells naive|CIBERSORT.y	0.00203219229401515
B cells memory|CIBERSORT.y	0.0380247296313297
T cells CD8|CIBERSORT.y	0.0853243528341178
T cells CD4 memory resting|CIBERSORT.y	0.296688010025193
NK cells resting|CIBERSORT.y	0.0305312519389906
NK cells activated|CIBERSORT.y	0.0254012858798896
Monocytes|CIBERSORT.y	0.119733400775576
Macrophages M1|CIBERSORT.y	0.0112602628740662
Macrophages M2|CIBERSORT.y	0.330190860875787
Dendritic cells activated|CIBERSORT.y	0.0499107744130332
Neutrophils|CIBERSORT.y	0.0109028784580019
aDC|xCell	0.0470426238737684
Adipocytes|xCell	0.0237167467830867
Basophils|xCell	0.0560245722428323
CD4+ naive T-cells|xCell	6.75403581419591e-18
CD4+ T-cells|xCell	1.72409572169626e-18
CD4+ Tcm|xCell	0.023077991512736
CD4+ Tem|xCell	0.00384715953901546
CD8+ T-cells|xCell	4.7987269813614e-18
CD8+ Tcm|xCell	5.10717760340376e-18
CD8+ Tem|xCell	2.0632282875213e-18
cDC|xCell	0.00295952438334543
Class-switched memory B-cells|xCell	0.0178863885362167
CLP|xCell	0.00437743633391448
CMP|xCell	0.00701515814276682
DC|xCell	1.46181373030737e-19
Endothelial cells|xCell	0.0344373980445278
Epithelial cells|xCell	0.0326998445606369
Fibroblasts|xCell	0.0780301912570653
Hepatocytes|xCell	4.86856355624872e-20
HSC|xCell	0.101175621918572
iDC|xCell	4.98123321680512e-18
Keratinocytes|xCell	0.00162950130861997
ly Endothelial cells|xCell	0.00182395597070157
Macrophages|xCell	0.0100225997933053
Macrophages M1|xCell	0.0201552640947012
Macrophages M2|xCell	0.00987609701224399
Mast cells|xCell	0.000312213814697641
Megakaryocytes|xCell	0.000640963337668261
Melanocytes|xCell	0.00168913401307794
Memory B-cells|xCell	7.2065538480687e-18
Mesangial cells|xCell	0.0510479567361802
Monocytes|xCell	0.0104297993873476
MPP|xCell	3.01533042274275e-17
MSC|xCell	0.223491108866538
mv Endothelial cells|xCell	0.0156984536075971
Myocytes|xCell	0.000355978296371633
Neurons|xCell	0.0252368555208686
Neutrophils|xCell	0.00194303714570372
NK cells|xCell	1.5069207084644e-17
NKT|xCell	0.0369851301533836
Osteoblast|xCell	7.41179610520985e-18
Pericytes|xCell	0.0675943023741451
Plasma cells|xCell	0.0054918188409138
Platelets|xCell	1.93591824680683e-19
Skeletal muscle|xCell	6.08733229395782e-20
Smooth muscle|xCell	0.0776407897735389
Tgd cells|xCell	6.78033469289225e-18
Th1 cells|xCell	0.00438594007777515
Th2 cells|xCell	0.00125844274613672
T cells|MCPcounter	0.0632693114544816
CD8 T cells|MCPcounter	0.000324956065547656
Cytotoxic lymphocytes|MCPcounter	0.0401610965572215
B lineage|MCPcounter	0.0766159445115326
NK cells|MCPcounter	0.00456387280461448
Monocytic lineage|MCPcounter	0.093969891322663
Myeloid dendritic cells|MCPcounter	0.0491509113217606
Neutrophils|MCPcounter	0.106173428278821
Endothelial cells|MCPcounter	0.188326402087314
Fibroblasts|MCPcounter	0.377444185596043
B cells|quanTIseq	0.0164398869699648
Macrophages M2|quanTIseq	0.0326695007151678
Monocytes|quanTIseq	0.0822910321136252
NK cells|quanTIseq	0.0203843900523806
T cells CD4|quanTIseq	0.101512288428824
Tregs|quanTIseq	0.00866639199686248
other|quanTIseq	0.738036509723175
Bcells|EPIC	0.00139895630619591
CAFs|EPIC	0.020204235432907
CD4_Tcells|EPIC	0.0437296168469405
CD8_Tcells|EPIC	1.91314035916056e-06
Endothelial|EPIC	0.0320232056269993
Macrophages|EPIC	0.0181969316218339
NKcells|EPIC	1.28353871033542e-09
otherCells|EPIC	0.884445139741226
B_cell|TIMER	0.0922458363792418
T_cell.CD4|TIMER	0.0989619715176456
T_cell.CD8|TIMER	0.19788823854226
Neutrophil|TIMER	0.103144881287378
Macrophage|TIMER	0.0565221833524792
DC|TIMER	0.451236888920995
B_cells|ConsensusTME	0.0100957312019588
Cytotoxic_cells|ConsensusTME	0.0421500272022796
Dendritic_cells|ConsensusTME	0.0631014839658183
Eosinophils|ConsensusTME	0.0610551504961776
Macrophages|ConsensusTME	0.100166811274189
Mast_cells|ConsensusTME	0.00789232930413697
NK_cells|ConsensusTME	0.00343948175765697
Neutrophils|ConsensusTME	0.0657913714952385
T_cells_CD4|ConsensusTME	0.0336763113065232
T_cells_CD8|ConsensusTME	0.0227481009070483
T_cells_gamma_delta|ConsensusTME	0.0212476403094937
T_regulatory_cells|ConsensusTME	0.0311993526637041
Macrophages_M1|ConsensusTME	0.0745279014995351
Macrophages_M2|ConsensusTME	0.118102780878827
Endothelial|ConsensusTME	0.122279231983051
Fibroblasts|ConsensusTME	0.116458694216574
Monocytes|ConsensusTME	0.0947456848054554
Plasma_cells|ConsensusTME	0.0113219147323324
DC|ImmuCellAI	0.117762512266928
Bcell|ImmuCellAI	0.111874386653582
Monocyte|ImmuCellAI	0.0785083415112856
Macrophage|ImmuCellAI	0.126594700686948
NK|ImmuCellAI	0.157016683022571
Neutrophil|ImmuCellAI	0.150147203140334
CD4_T|ImmuCellAI	0.0186457311089303
CD8_T|ImmuCellAI	0.0372914622178607
NKT|ImmuCellAI	0.125613346418057
Gamma_delta|ImmuCellAI	0.0588812561334642
CD4_naive|ImmuCellAI	0.00098135426889107
Tr1|ImmuCellAI	0.00196270853778214
nTreg|ImmuCellAI	0.00196270853778214
iTreg|ImmuCellAI	0.00098135426889107
Th1|ImmuCellAI	0.00098135426889107
Th2|ImmuCellAI	0.00098135426889107
Th17|ImmuCellAI	0.00098135426889107
CD8_naive|ImmuCellAI	0.00196270853778214
Cytotoxic|ImmuCellAI	0.00196270853778214
Exhausted|ImmuCellAI	0.00196270853778214
MAIT|ImmuCellAI	0.00294406280667321
Monocytes C|ABIS	0.744769874476988
NK|ABIS	0.00435146443514644
T CD8 Memory|ABIS	0.0230125523012552
T CD4 Naive|ABIS	0.096792189679219
MAIT|ABIS	0.00373779637377964
Neutrophils LD|ABIS	0.0669456066945607
Basophils LD|ABIS	0.00644351464435146
B Memory|ABIS	0.0343096234309623
pDCs|ABIS	0.0196373779637378