TCGA_ACC	TCGA-OR-A5LB
B cells memory|CIBERSORT.x	0.0102197972942831
Plasma cells|CIBERSORT.x	0.00505484700609358
T cells CD8|CIBERSORT.x	0.0618645904263243
T cells CD4 naive|CIBERSORT.x	0.0520180569930681
T cells CD4 memory resting|CIBERSORT.x	0.252716313316871
NK cells resting|CIBERSORT.x	0.0200842030149564
NK cells activated|CIBERSORT.x	0.0852815255440782
Monocytes|CIBERSORT.x	0.0588649492443427
Macrophages M0|CIBERSORT.x	0.140321542899136
Macrophages M1|CIBERSORT.x	0.0238089397820696
Macrophages M2|CIBERSORT.x	0.289765234478777
B cells memory|CIBERSORT.y	0.0102197972942831
Plasma cells|CIBERSORT.y	0.00505484700609358
T cells CD8|CIBERSORT.y	0.0618645904263243
T cells CD4 naive|CIBERSORT.y	0.0520180569930681
T cells CD4 memory resting|CIBERSORT.y	0.252716313316871
NK cells resting|CIBERSORT.y	0.0200842030149564
NK cells activated|CIBERSORT.y	0.0852815255440782
Monocytes|CIBERSORT.y	0.0588649492443427
Macrophages M0|CIBERSORT.y	0.140321542899136
Macrophages M1|CIBERSORT.y	0.0238089397820696
Macrophages M2|CIBERSORT.y	0.289765234478777
aDC|xCell	0.00590553074085064
Adipocytes|xCell	2.19546646152414e-19
Basophils|xCell	0.10764940968408
CD4+ memory T-cells|xCell	2.15347117934556e-19
CD4+ Tcm|xCell	0.00995107457764169
CD8+ T-cells|xCell	4.74759305332596e-18
CD8+ Tcm|xCell	1.21837406499657e-17
CLP|xCell	0.0215740180043021
CMP|xCell	0.00312272006447952
DC|xCell	2.43494784930167e-19
Endothelial cells|xCell	0.0907818960786935
Epithelial cells|xCell	0.0045559066811287
Fibroblasts|xCell	7.83630824191261e-19
GMP|xCell	0.0112012915150185
Hepatocytes|xCell	0.00247092346285241
HSC|xCell	0.159065393139293
iDC|xCell	4.65893611774867e-19
Keratinocytes|xCell	3.36882562333045e-19
ly Endothelial cells|xCell	0.0150234555381657
Macrophages M1|xCell	0.00177459109598307
Macrophages M2|xCell	0.00697235082600156
Megakaryocytes|xCell	0.00419392289246329
Melanocytes|xCell	0.00487317507208548
Memory B-cells|xCell	3.52438123648109e-19
MEP|xCell	0.00982131386513292
Mesangial cells|xCell	0.0178041459001543
Monocytes|xCell	1.09782063592328e-17
MPP|xCell	6.58533786067534e-18
MSC|xCell	0.147625663544425
mv Endothelial cells|xCell	0.046489936039572
Myocytes|xCell	5.69686222056681e-19
Neurons|xCell	0.027369045414034
NK cells|xCell	1.03535931359384e-17
NKT|xCell	0.0107451751306683
Osteoblast|xCell	0.077617525626986
Pericytes|xCell	0.00620788337832375
Plasma cells|xCell	0.0252725271071851
Skeletal muscle|xCell	7.96768560425572e-19
Smooth muscle|xCell	0.162579647727471
Tgd cells|xCell	8.60306113561594e-18
Th1 cells|xCell	0.00629406281656778
Th2 cells|xCell	0.0130574140764409
T cells|MCPcounter	0.0532538433573369
CD8 T cells|MCPcounter	0.0027266961755862
Cytotoxic lymphocytes|MCPcounter	0.0108866606773647
B lineage|MCPcounter	0.0856239970691207
NK cells|MCPcounter	0.00688126677343481
Monocytic lineage|MCPcounter	0.070818966881162
Myeloid dendritic cells|MCPcounter	0.0174039238731511
Neutrophils|MCPcounter	0.124129287372713
Endothelial cells|MCPcounter	0.260038407179546
Fibroblasts|MCPcounter	0.368236950640584
B cells|quanTIseq	0.00560681282370299
Macrophages M2|quanTIseq	0.119942427195656
Neutrophils|quanTIseq	0.0302575799394868
NK cells|quanTIseq	0.0101339100284197
T cells CD4|quanTIseq	0.0680192935715231
Tregs|quanTIseq	0.00821298205237642
other|quanTIseq	0.757826994388835
Bcells|EPIC	0.00340804570927598
CAFs|EPIC	0.00659642703358484
CD4_Tcells|EPIC	0.0536075979113854
CD8_Tcells|EPIC	0.0129989048073848
Endothelial|EPIC	0.0365845840418373
Macrophages|EPIC	0.00902014114191749
NKcells|EPIC	1.49225885420259e-10
otherCells|EPIC	0.877784299205388
B_cell|TIMER	0.0980965982204071
T_cell.CD4|TIMER	0.0883745175248609
T_cell.CD8|TIMER	0.204630945089779
Neutrophil|TIMER	0.106348756767723
Macrophage|TIMER	0.0414684679907247
DC|TIMER	0.461080714406506
DC|ImmuCellAI	0.120772946859903
Bcell|ImmuCellAI	0.11304347826087
Monocyte|ImmuCellAI	0.0946859903381643
Macrophage|ImmuCellAI	0.11304347826087
NK|ImmuCellAI	0.128502415458937
Neutrophil|ImmuCellAI	0.118840579710145
CD4_T|ImmuCellAI	0.0531400966183575
CD8_T|ImmuCellAI	0.0260869565217391
NKT|ImmuCellAI	0.110144927536232
Gamma_delta|ImmuCellAI	0.0879227053140097
CD4_naive|ImmuCellAI	0.00193236714975845
Tr1|ImmuCellAI	0.00579710144927536
nTreg|ImmuCellAI	0.00289855072463768
iTreg|ImmuCellAI	0.00289855072463768
Th1|ImmuCellAI	0.00193236714975845
Th2|ImmuCellAI	0.00579710144927536
Th17|ImmuCellAI	0.00579710144927536
Tfh|ImmuCellAI	0.00193236714975845
CD8_naive|ImmuCellAI	0.000966183574879227
Cytotoxic|ImmuCellAI	0.00289855072463768
MAIT|ImmuCellAI	0.000966183574879227
Monocytes C|ABIS	0.455745761156595
NK|ABIS	0.0056076100366024
T CD8 Memory|ABIS	0.0213089181390891
T CD4 Naive|ABIS	0.181482652093678
T CD8 Naive|ABIS	0.00448608802928192
MAIT|ABIS	0.0106034807964845
Neutrophils LD|ABIS	0.0856434987408367
T gd non-Vd2|ABIS	0.0016415003925327
Basophils LD|ABIS	0.0328300078506541
Monocytes NC+I|ABIS	0.0614797973103863
B Memory|ABIS	0.0737145828447915
mDCs|ABIS	0.0308928334743732
pDCs|ABIS	0.0345632691346948