TCGA_ACC	TCGA-OR-A5K5
B cells memory|CIBERSORT.x	0.0620813653740492
Plasma cells|CIBERSORT.x	0.0232814699978749
T cells CD8|CIBERSORT.x	0.0488246520531437
T cells follicular helper|CIBERSORT.x	0.0186915769765461
T cells regulatory (Tregs)|CIBERSORT.x	0.0639195616495859
NK cells resting|CIBERSORT.x	0.0555186745445062
Monocytes|CIBERSORT.x	0.0687942966457406
Macrophages M0|CIBERSORT.x	0.309006258072778
Macrophages M2|CIBERSORT.x	0.020507066292524
Dendritic cells activated|CIBERSORT.x	0.25933141620295
Mast cells resting|CIBERSORT.x	0.070043662190301
B cells memory|CIBERSORT.y	0.0620813653740492
Plasma cells|CIBERSORT.y	0.0232814699978749
T cells CD8|CIBERSORT.y	0.0488246520531437
T cells follicular helper|CIBERSORT.y	0.0186915769765461
T cells regulatory (Tregs)|CIBERSORT.y	0.0639195616495859
NK cells resting|CIBERSORT.y	0.0555186745445062
Monocytes|CIBERSORT.y	0.0687942966457406
Macrophages M0|CIBERSORT.y	0.309006258072778
Macrophages M2|CIBERSORT.y	0.020507066292524
Dendritic cells activated|CIBERSORT.y	0.25933141620295
Mast cells resting|CIBERSORT.y	0.070043662190301
aDC|xCell	0.0755883592524813
Astrocytes|xCell	2.77912430794857e-18
B-cells|xCell	0.00561202312136968
Basophils|xCell	0.0339620808876269
CD4+ naive T-cells|xCell	5.86788799794227e-18
CD4+ Tcm|xCell	0.0229582019766935
CD4+ Tem|xCell	0.00173135884839463
CD8+ naive T-cells|xCell	6.73484478386473e-20
CD8+ T-cells|xCell	0.00367790293449041
CD8+ Tcm|xCell	1.245397471611e-18
cDC|xCell	0.0012316397274135
Class-switched memory B-cells|xCell	0.00591695145264181
CLP|xCell	0.00164388366173122
CMP|xCell	6.97786514732292e-19
DC|xCell	0.00118402950250058
Endothelial cells|xCell	0.038540812599738
Epithelial cells|xCell	0.0130402552666604
Fibroblasts|xCell	1.10369578729644e-17
GMP|xCell	2.52221266640593e-18
Hepatocytes|xCell	1.21788683361443e-18
HSC|xCell	0.0230759506465949
iDC|xCell	1.9652222522362e-18
Keratinocytes|xCell	3.29915080305739e-20
ly Endothelial cells|xCell	0.00652541192716292
Macrophages|xCell	0.017769919897265
Macrophages M1|xCell	0.0298669142888201
Macrophages M2|xCell	0.00776940031620488
Mast cells|xCell	0.00878392319312243
Megakaryocytes|xCell	2.86642899314839e-05
Melanocytes|xCell	0.00170086656942263
Memory B-cells|xCell	4.87754907388483e-19
MEP|xCell	0.0263754107214554
Mesangial cells|xCell	0.108752381992187
MPP|xCell	0.0100056316112338
MSC|xCell	0.331759373205702
mv Endothelial cells|xCell	0.0217045411105635
Myocytes|xCell	0.00300431874062563
naive B-cells|xCell	6.27568675177065e-20
Neurons|xCell	0.0117872058537883
NKT|xCell	0.01398063002288
Osteoblast|xCell	1.25387596674192e-18
pDC|xCell	0.00774520715365708
Pericytes|xCell	7.96726225614158e-19
Plasma cells|xCell	0.0241939112220673
pro B-cells|xCell	0.0398856246192677
Sebocytes|xCell	0.000152145457411927
Skeletal muscle|xCell	2.70834839377524e-19
Smooth muscle|xCell	0.0368310000991479
Th1 cells|xCell	0.0317039100266556
Th2 cells|xCell	0.0315101578030907
T cells|MCPcounter	0.0682593623210289
CD8 T cells|MCPcounter	0.00042573707533
Cytotoxic lymphocytes|MCPcounter	0.0375369282429653
B lineage|MCPcounter	0.0784180420854038
NK cells|MCPcounter	0.00639521800234881
Monocytic lineage|MCPcounter	0.0622035435396073
Myeloid dendritic cells|MCPcounter	0.0587835640997347
Neutrophils|MCPcounter	0.117405368072875
Endothelial cells|MCPcounter	0.195843735238666
Fibroblasts|MCPcounter	0.37472850132204
B cells|quanTIseq	0.0286417687593913
Macrophages M2|quanTIseq	0.0222511630235384
Neutrophils|quanTIseq	0.0277715906890646
NK cells|quanTIseq	0.0356840248333321
T cells CD4|quanTIseq	0.0487139998883656
Tregs|quanTIseq	0.0061867744955723
Dendritic cells|quanTIseq	0.0541188720399882
other|quanTIseq	0.776631806270748
Bcells|EPIC	0.00232719175171383
CAFs|EPIC	0.00390119871681446
CD4_Tcells|EPIC	0.0288547182252778
CD8_Tcells|EPIC	0.0084658966084396
Endothelial|EPIC	0.0172862941024258
Macrophages|EPIC	0.0128797775493649
NKcells|EPIC	1.21872304585853e-09
otherCells|EPIC	0.926284921827241
B_cell|TIMER	0.0989580593479847
T_cell.CD4|TIMER	0.0871095334829165
T_cell.CD8|TIMER	0.206170411089922
Neutrophil|TIMER	0.108136565122805
Macrophage|TIMER	0.0340274099175401
DC|TIMER	0.465598021038832
B_cells|ConsensusTME	0.00907090530042733
Cytotoxic_cells|ConsensusTME	0.0509145800326831
Dendritic_cells|ConsensusTME	0.0621192234329659
Eosinophils|ConsensusTME	0.0538053692889589
Macrophages|ConsensusTME	0.0999041436404857
Mast_cells|ConsensusTME	0.0359092072311727
NK_cells|ConsensusTME	0.0318629365370421
Neutrophils|ConsensusTME	0.0381310440113122
T_cells_CD4|ConsensusTME	0.041450796525417
T_cells_CD8|ConsensusTME	0.0390833005446492
T_cells_gamma_delta|ConsensusTME	0.0311512578754691
T_regulatory_cells|ConsensusTME	0.0394782241087943
Macrophages_M1|ConsensusTME	0.0696566261802463
Macrophages_M2|ConsensusTME	0.122094610435466
Endothelial|ConsensusTME	0.114678520003323
Fibroblasts|ConsensusTME	0.0793303552388456
Monocytes|ConsensusTME	0.0752146157062982
Plasma_cells|ConsensusTME	0.00614428390644321
DC|ImmuCellAI	0.136100386100386
Bcell|ImmuCellAI	0.144787644787645
Macrophage|ImmuCellAI	0.0733590733590734
NK|ImmuCellAI	0.0955598455598456
Neutrophil|ImmuCellAI	0.150579150579151
CD4_T|ImmuCellAI	0.0202702702702703
CD8_T|ImmuCellAI	0.0772200772200772
NKT|ImmuCellAI	0.182432432432432
Gamma_delta|ImmuCellAI	0.0859073359073359
CD4_naive|ImmuCellAI	0.000965250965250965
Tr1|ImmuCellAI	0.000965250965250965
nTreg|ImmuCellAI	0.00193050193050193
iTreg|ImmuCellAI	0.000965250965250965
Th1|ImmuCellAI	0.00193050193050193
Th2|ImmuCellAI	0.0028957528957529
Tfh|ImmuCellAI	0.000965250965250965
CD8_naive|ImmuCellAI	0.00482625482625483
Cytotoxic|ImmuCellAI	0.00868725868725869
Exhausted|ImmuCellAI	0.0028957528957529
MAIT|ImmuCellAI	0.00675675675675676
Monocytes C|ABIS	0.402370112464206
NK|ABIS	0.00405889384584884
T CD8 Memory|ABIS	0.0272157043999113
T CD4 Naive|ABIS	0.144290156947806
MAIT|ABIS	0.00764855140894059
Neutrophils LD|ABIS	0.273330134706006
T gd non-Vd2|ABIS	0.00101941582428978
Basophils LD|ABIS	0.0144290156947806
B Memory|ABIS	0.0554871904360261
mDCs|ABIS	0.0184175240982158
pDCs|ABIS	0.0517333001739694