TCGA_ACC	TCGA-OR-A5JT
B cells memory|CIBERSORT.x	0.0685865741783348
Plasma cells|CIBERSORT.x	0.0237270508626
T cells CD8|CIBERSORT.x	0.121214773799359
T cells CD4 memory resting|CIBERSORT.x	0.358334210452917
NK cells activated|CIBERSORT.x	0.162870133767886
Monocytes|CIBERSORT.x	0.0665699594479702
Macrophages M0|CIBERSORT.x	0.00874124356135282
Macrophages M2|CIBERSORT.x	0.0800909074647208
Dendritic cells activated|CIBERSORT.x	0.0112762137052144
Mast cells resting|CIBERSORT.x	0.0816472600712475
Neutrophils|CIBERSORT.x	0.0169416726883971
B cells memory|CIBERSORT.y	0.0685865741783348
Plasma cells|CIBERSORT.y	0.0237270508626
T cells CD8|CIBERSORT.y	0.121214773799359
T cells CD4 memory resting|CIBERSORT.y	0.358334210452917
NK cells activated|CIBERSORT.y	0.162870133767886
Monocytes|CIBERSORT.y	0.0665699594479702
Macrophages M0|CIBERSORT.y	0.00874124356135282
Macrophages M2|CIBERSORT.y	0.0800909074647208
Dendritic cells activated|CIBERSORT.y	0.0112762137052144
Mast cells resting|CIBERSORT.y	0.0816472600712475
Neutrophils|CIBERSORT.y	0.0169416726883971
aDC|xCell	0.0113395710120381
Basophils|xCell	1.17151526702359e-18
CD4+ memory T-cells|xCell	3.37033690240091e-22
CD4+ naive T-cells|xCell	0.00815395492467744
CD8+ T-cells|xCell	0.00839170563600326
cDC|xCell	0.0167315698610609
Chondrocytes|xCell	0.0034068096890614
Class-switched memory B-cells|xCell	0.0230955500024214
CLP|xCell	0.00724634443421367
DC|xCell	0.00179392212491481
Endothelial cells|xCell	0.0714320155577374
Epithelial cells|xCell	0.0733193294416425
Erythrocytes|xCell	3.99987325124133e-20
Fibroblasts|xCell	0.0289797442791154
GMP|xCell	2.27863040574384e-20
HSC|xCell	0.0654577584453937
iDC|xCell	0.0403016777112626
ly Endothelial cells|xCell	0.0177459087623442
Macrophages|xCell	0.0088015054100255
Macrophages M1|xCell	0.00464015072419753
Macrophages M2|xCell	0.00853026843764992
Mast cells|xCell	0.00136268170467946
Megakaryocytes|xCell	0.00284735341188115
Melanocytes|xCell	3.6393648311288e-19
Memory B-cells|xCell	6.06683578963649e-18
MEP|xCell	0.0114182695728453
MPP|xCell	2.05669155576638e-18
MSC|xCell	1.80355321796911e-18
mv Endothelial cells|xCell	0.0298243998218782
Myocytes|xCell	3.69889477214e-19
naive B-cells|xCell	2.11935843557992e-18
Neurons|xCell	0.0139902451187933
NK cells|xCell	2.47724545738551e-20
NKT|xCell	0.142816366096152
Osteoblast|xCell	0.0375934594742541
pDC|xCell	0.0111968401367328
Pericytes|xCell	0.0480999689969029
Plasma cells|xCell	0.00348337666753255
Platelets|xCell	3.6101525000034e-18
Preadipocytes|xCell	2.17157838653763e-18
pro B-cells|xCell	1.24695493809923e-17
Smooth muscle|xCell	0.246929416037519
Tgd cells|xCell	1.08528576726661e-17
Th2 cells|xCell	0.0271605915745827
Tregs|xCell	0.0239092449324864
T cells|MCPcounter	0.0354603583572556
CD8 T cells|MCPcounter	0.00321927338536376
Cytotoxic lymphocytes|MCPcounter	0.048472113281709
B lineage|MCPcounter	0.0950128047445378
NK cells|MCPcounter	0.0115119810388596
Monocytic lineage|MCPcounter	0.0900921473092259
Myeloid dendritic cells|MCPcounter	0.0940336329316872
Neutrophils|MCPcounter	0.0990639886715179
Endothelial cells|MCPcounter	0.214098847641222
Fibroblasts|MCPcounter	0.309034852638621
B cells|quanTIseq	0.0203250761816003
Macrophages M2|quanTIseq	0.0386232545697072
Monocytes|quanTIseq	0.0401233678001724
Neutrophils|quanTIseq	0.0101260696728533
NK cells|quanTIseq	0.0164448151837438
T cells CD4|quanTIseq	0.0592784730952221
Tregs|quanTIseq	4.12304478867949e-05
other|quanTIseq	0.815037713048814
Bcells|EPIC	0.0025530694336309
CAFs|EPIC	0.00332648563245429
CD4_Tcells|EPIC	0.0991642717293376
CD8_Tcells|EPIC	2.59650179188846e-08
Endothelial|EPIC	0.0293683338480535
Macrophages|EPIC	0.0158372058516396
NKcells|EPIC	1.00872644440716e-08
otherCells|EPIC	0.849750597452602
B_cell|TIMER	0.100727051218272
T_cell.CD4|TIMER	0.0876186275117542
T_cell.CD8|TIMER	0.211971354187983
Neutrophil|TIMER	0.102078563662009
Macrophage|TIMER	0.059196019087019
DC|TIMER	0.438408384332963
B_cells|ConsensusTME	0.0145764292106589
Cytotoxic_cells|ConsensusTME	0.0589023959417868
Dendritic_cells|ConsensusTME	0.0600130910722783
Eosinophils|ConsensusTME	0.0454548460719109
Macrophages|ConsensusTME	0.0739550611430363
Mast_cells|ConsensusTME	0.0390761680671224
NK_cells|ConsensusTME	0.0397924255163366
Neutrophils|ConsensusTME	0.0443728765850377
T_cells_CD4|ConsensusTME	0.0449703641895724
T_cells_CD8|ConsensusTME	0.0436603077009457
T_cells_gamma_delta|ConsensusTME	0.0433566865813294
T_regulatory_cells|ConsensusTME	0.0564578739609498
Macrophages_M1|ConsensusTME	0.0685860821000722
Macrophages_M2|ConsensusTME	0.0854282835372571
Endothelial|ConsensusTME	0.124447001634538
Fibroblasts|ConsensusTME	0.0810388209144361
Monocytes|ConsensusTME	0.0638126778040448
Plasma_cells|ConsensusTME	0.0120986079686868
DC|ImmuCellAI	0.0666023166023166
Bcell|ImmuCellAI	0.0666023166023166
Monocyte|ImmuCellAI	0.082046332046332
Macrophage|ImmuCellAI	0.0704633204633205
NK|ImmuCellAI	0.180501930501931
Neutrophil|ImmuCellAI	0.118725868725869
CD4_T|ImmuCellAI	0.0415057915057915
CD8_T|ImmuCellAI	0.0588803088803089
NKT|ImmuCellAI	0.224903474903475
Gamma_delta|ImmuCellAI	0.055019305019305
CD4_naive|ImmuCellAI	0.00193050193050193
Tr1|ImmuCellAI	0.00482625482625483
nTreg|ImmuCellAI	0.00482625482625483
iTreg|ImmuCellAI	0.0028957528957529
Th1|ImmuCellAI	0.0028957528957529
Th17|ImmuCellAI	0.00193050193050193
CD8_naive|ImmuCellAI	0.00482625482625483
Cytotoxic|ImmuCellAI	0.00386100386100386
Exhausted|ImmuCellAI	0.0028957528957529
MAIT|ImmuCellAI	0.00386100386100386
Monocytes C|ABIS	0.534222056288227
NK|ABIS	0.00275072199589313
T CD8 Memory|ABIS	0.0289347403560016
T CD4 Naive|ABIS	0.142752039707029
MAIT|ABIS	0.00834550385979554
T gd Vd2|ABIS	0.00148791549079249
Neutrophils LD|ABIS	0.188871929458531
T gd non-Vd2|ABIS	6.58855567878595e-05
Basophils LD|ABIS	0.00603950937222045
B Memory|ABIS	0.0479866471938243
mDCs|ABIS	0.0143301086013594
pDCs|ABIS	0.0242129421195384