TCGA_ACC	TCGA-PK-A5H9
B cells naive|CIBERSORT.x	0.0196643686802716
Plasma cells|CIBERSORT.x	0.0102312109419787
T cells CD8|CIBERSORT.x	0.14973019650872
T cells CD4 memory resting|CIBERSORT.x	0.101680548225543
T cells follicular helper|CIBERSORT.x	0.0152110025456024
T cells regulatory (Tregs)|CIBERSORT.x	0.00297333450098762
NK cells activated|CIBERSORT.x	0.147693689154264
Monocytes|CIBERSORT.x	0.149102230903972
Macrophages M1|CIBERSORT.x	0.0451518049111893
Macrophages M2|CIBERSORT.x	0.32663632443705
Mast cells resting|CIBERSORT.x	0.000440795757180772
Mast cells activated|CIBERSORT.x	0.0314844934332414
B cells naive|CIBERSORT.y	0.0196643686802716
Plasma cells|CIBERSORT.y	0.0102312109419787
T cells CD8|CIBERSORT.y	0.14973019650872
T cells CD4 memory resting|CIBERSORT.y	0.101680548225543
T cells follicular helper|CIBERSORT.y	0.0152110025456024
T cells regulatory (Tregs)|CIBERSORT.y	0.00297333450098762
NK cells activated|CIBERSORT.y	0.147693689154264
Monocytes|CIBERSORT.y	0.149102230903972
Macrophages M1|CIBERSORT.y	0.0451518049111893
Macrophages M2|CIBERSORT.y	0.32663632443705
Mast cells resting|CIBERSORT.y	0.000440795757180772
Mast cells activated|CIBERSORT.y	0.0314844934332414
aDC|xCell	0.0392810569557157
Adipocytes|xCell	0.00144020030276251
Astrocytes|xCell	3.91433672833543e-18
B-cells|xCell	0.000696308446407344
Basophils|xCell	0.017813565871907
CD4+ naive T-cells|xCell	7.91066788709989e-19
CD4+ T-cells|xCell	1.47579536262639e-18
CD4+ Tcm|xCell	3.31642522728664e-18
CD4+ Tem|xCell	4.11220362600685e-19
CD8+ naive T-cells|xCell	8.95963894593927e-05
CD8+ T-cells|xCell	0.00946198703640052
CD8+ Tcm|xCell	0.00987288973357907
CD8+ Tem|xCell	1.07768415171455e-19
cDC|xCell	0.0996590514929693
Class-switched memory B-cells|xCell	0.010540878375263
CLP|xCell	4.66513412960518e-20
CMP|xCell	0.00797885887901732
DC|xCell	0.0133941144718732
Endothelial cells|xCell	0.0622483050081077
Eosinophils|xCell	2.12722505170098e-19
Epithelial cells|xCell	0.0534070298332015
Fibroblasts|xCell	0.077568309585462
Hepatocytes|xCell	0.0136119824573784
HSC|xCell	0.0936354169635708
iDC|xCell	0.0732310044923934
ly Endothelial cells|xCell	0.0350692500983118
Macrophages|xCell	0.00324091767733414
Macrophages M1|xCell	0.00834330051710111
Macrophages M2|xCell	0.00901007014427739
Mast cells|xCell	0.0147565201494273
Megakaryocytes|xCell	0.00165503427993612
MEP|xCell	0.00805308656193839
Mesangial cells|xCell	0.0253413094847762
Monocytes|xCell	0.0209654919886354
MPP|xCell	1.06158017114941e-19
MSC|xCell	1.31181750535626e-18
mv Endothelial cells|xCell	0.0293222811141757
Myocytes|xCell	0.0136294160186315
Neurons|xCell	0.00150006508605584
Neutrophils|xCell	0.000745397007582715
NK cells|xCell	2.10107259050197e-20
NKT|xCell	0.0126157597792327
Osteoblast|xCell	7.38347522156752e-19
pDC|xCell	0.0133227843681159
Pericytes|xCell	0.0947762261826975
Plasma cells|xCell	0.00586585470984302
Platelets|xCell	0.00110410765488132
Preadipocytes|xCell	0.0234565254765996
Sebocytes|xCell	0.00105873620324327
Skeletal muscle|xCell	1.28177874454733e-20
Smooth muscle|xCell	0.0723753882002643
Th2 cells|xCell	0.00102310381319132
Tregs|xCell	0.0188388171882794
T cells|MCPcounter	0.0424140258146739
CD8 T cells|MCPcounter	0.00507442135596237
Cytotoxic lymphocytes|MCPcounter	0.0491830907904961
B lineage|MCPcounter	0.0933092860848349
NK cells|MCPcounter	0.0140032274735168
Monocytic lineage|MCPcounter	0.106672314837688
Myeloid dendritic cells|MCPcounter	0.116681343386203
Neutrophils|MCPcounter	0.121556693099349
Endothelial cells|MCPcounter	0.193943483663787
Fibroblasts|MCPcounter	0.257162113493488
B cells|quanTIseq	0.0205324403921528
Macrophages M2|quanTIseq	0.148183789617622
Monocytes|quanTIseq	0.0555470453167016
Neutrophils|quanTIseq	0.0573421551869523
NK cells|quanTIseq	0.0274836398291536
Tregs|quanTIseq	0.00521023560516154
other|quanTIseq	0.685700694052256
Bcells|EPIC	0.00181260799249631
CAFs|EPIC	0.0156273442917794
CD4_Tcells|EPIC	0.0544012084494034
CD8_Tcells|EPIC	4.50617882124126e-07
Endothelial|EPIC	0.0811651214602923
Macrophages|EPIC	0.380605284334661
NKcells|EPIC	4.4710018001161e-08
otherCells|EPIC	0.466387938143468
B_cell|TIMER	0.0694555995913428
T_cell.CD4|TIMER	0.0679442129200219
T_cell.CD8|TIMER	0.178160089027944
Neutrophil|TIMER	0.0568568680774345
Macrophage|TIMER	0.103556278529025
DC|TIMER	0.524026951854232
B_cells|ConsensusTME	0.0291026222007564
Cytotoxic_cells|ConsensusTME	0.0533155054070248
Dendritic_cells|ConsensusTME	0.0583474048006274
Eosinophils|ConsensusTME	0.0539675582123604
Macrophages|ConsensusTME	0.0639051922594826
Mast_cells|ConsensusTME	0.0381659458460837
NK_cells|ConsensusTME	0.0435836153212136
Neutrophils|ConsensusTME	0.0524409495654936
T_cells_CD4|ConsensusTME	0.046932709665704
T_cells_CD8|ConsensusTME	0.047538504754982
T_cells_gamma_delta|ConsensusTME	0.0487077861249394
T_regulatory_cells|ConsensusTME	0.0531754721833526
Macrophages_M1|ConsensusTME	0.0589779353655552
Macrophages_M2|ConsensusTME	0.0766858642097702
Endothelial|ConsensusTME	0.0974153452559641
Fibroblasts|ConsensusTME	0.0821454618980386
Monocytes|ConsensusTME	0.0669728936239595
Plasma_cells|ConsensusTME	0.0286192333046919
DC|ImmuCellAI	0.111645813282002
Bcell|ImmuCellAI	0.10009624639076
Monocyte|ImmuCellAI	0.175168431183831
Macrophage|ImmuCellAI	0.0577478344562079
NK|ImmuCellAI	0.189605389797883
Neutrophil|ImmuCellAI	0.0317613089509143
CD4_T|ImmuCellAI	0.0394610202117421
CD8_T|ImmuCellAI	0.0702598652550529
NKT|ImmuCellAI	0.139557266602502
Gamma_delta|ImmuCellAI	0.0471607314725698
Tr1|ImmuCellAI	0.00384985563041386
nTreg|ImmuCellAI	0.00192492781520693
iTreg|ImmuCellAI	0.00288739172281039
Th1|ImmuCellAI	0.000962463907603465
Th2|ImmuCellAI	0.000962463907603465
Th17|ImmuCellAI	0.00481231953801732
Tfh|ImmuCellAI	0.00288739172281039
CD8_naive|ImmuCellAI	0.00481231953801732
Cytotoxic|ImmuCellAI	0.00673724735322425
Exhausted|ImmuCellAI	0.00192492781520693
MAIT|ImmuCellAI	0.00577478344562079
Monocytes C|ABIS	0.367702439118596
T CD8 Memory|ABIS	0.115872617369305
T CD4 Naive|ABIS	0.208956953322647
MAIT|ABIS	0.00625712133794249
T gd Vd2|ABIS	0.00505977095845967
Neutrophils LD|ABIS	0.0822695583322068
T gd non-Vd2|ABIS	0.0192734786890945
Basophils LD|ABIS	0.00757034433479462
Monocytes NC+I|ABIS	0.0606400030899365
B Memory|ABIS	0.0167242811069697
mDCs|ABIS	0.0830420424480022
pDCs|ABIS	0.0259554662907244
Plasmablasts|ABIS	0.000675923601320948