TCGA_ACC	TCGA-OR-A5JX
B cells naive|CIBERSORT.x	0.127803003228767
T cells CD8|CIBERSORT.x	0.200603638831182
T cells CD4 naive|CIBERSORT.x	0.023858273486611
T cells regulatory (Tregs)|CIBERSORT.x	0.00810706426612495
NK cells activated|CIBERSORT.x	0.128660073834357
Monocytes|CIBERSORT.x	0.16005036091443
Macrophages M1|CIBERSORT.x	0.110427291859639
Macrophages M2|CIBERSORT.x	0.170682568993873
Mast cells resting|CIBERSORT.x	0.0698077245850162
B cells naive|CIBERSORT.y	0.127803003228767
T cells CD8|CIBERSORT.y	0.200603638831182
T cells CD4 naive|CIBERSORT.y	0.023858273486611
T cells regulatory (Tregs)|CIBERSORT.y	0.00810706426612495
NK cells activated|CIBERSORT.y	0.128660073834357
Monocytes|CIBERSORT.y	0.16005036091443
Macrophages M1|CIBERSORT.y	0.110427291859639
Macrophages M2|CIBERSORT.y	0.170682568993873
Mast cells resting|CIBERSORT.y	0.0698077245850162
aDC|xCell	0.0434145662683898
Adipocytes|xCell	2.78648844111022e-19
Astrocytes|xCell	1.59516949288613e-18
B-cells|xCell	0.0139626290278582
Basophils|xCell	0.108515157523157
CD4+ naive T-cells|xCell	6.46625592367621e-19
CD4+ T-cells|xCell	1.55101765503871e-18
CD4+ Tcm|xCell	0.0359576423013999
CD4+ Tem|xCell	1.20665610901837e-18
CD8+ naive T-cells|xCell	5.98227976644398e-20
CD8+ T-cells|xCell	4.33858685753134e-18
CD8+ Tem|xCell	6.80191803883286e-19
cDC|xCell	0.0184788540635513
Chondrocytes|xCell	1.69743724478501e-19
CLP|xCell	5.30243196015829e-20
CMP|xCell	0.00398346686474089
DC|xCell	0.00338696002206111
Endothelial cells|xCell	0.0811438056668937
Eosinophils|xCell	0.00177432888519696
Epithelial cells|xCell	0.0140872904099496
Erythrocytes|xCell	1.55763167545721e-19
Fibroblasts|xCell	4.24937017426935e-19
Hepatocytes|xCell	0.00259404402819659
HSC|xCell	0.0206829566420553
iDC|xCell	0.0200044838551474
Keratinocytes|xCell	8.3326448483578e-19
ly Endothelial cells|xCell	0.0194332827100376
Macrophages|xCell	0.00699983698935659
Macrophages M1|xCell	0.00967114898329548
Macrophages M2|xCell	0.0164208944314332
Mast cells|xCell	0.00144486993371884
Megakaryocytes|xCell	9.16281889013432e-21
Melanocytes|xCell	0.00195928124902372
Memory B-cells|xCell	0.0153938404653359
MEP|xCell	0.00133666272585836
Monocytes|xCell	0.00425296077818013
MPP|xCell	3.71273050931252e-19
MSC|xCell	0.203095093040473
mv Endothelial cells|xCell	0.0330100504667665
Myocytes|xCell	9.16897983868832e-20
naive B-cells|xCell	0.00860125622765957
Neurons|xCell	0.0244428025798702
NK cells|xCell	3.13424774161685e-17
NKT|xCell	0.0609718196105948
Osteoblast|xCell	4.02338891377356e-18
pDC|xCell	0.0250184283830449
Pericytes|xCell	0.101683108485457
Plasma cells|xCell	0.0148796782957146
Platelets|xCell	1.73842939622636e-18
Preadipocytes|xCell	0.0209598741352119
pro B-cells|xCell	0.0127980298640979
Sebocytes|xCell	3.52994030660081e-20
Smooth muscle|xCell	0.0361973570936065
Tgd cells|xCell	9.99455699379201e-19
Th1 cells|xCell	0.00932464075744103
Th2 cells|xCell	1.46131539434772e-19
Tregs|xCell	0.00411889723522476
T cells|MCPcounter	0.05887774706512
CD8 T cells|MCPcounter	0.0029555019786151
Cytotoxic lymphocytes|MCPcounter	0.0543785387540908
B lineage|MCPcounter	0.0968041998849058
NK cells|MCPcounter	0.0273198294158766
Monocytic lineage|MCPcounter	0.0864519579633708
Myeloid dendritic cells|MCPcounter	0.0905523414007835
Neutrophils|MCPcounter	0.0898157785703144
Endothelial cells|MCPcounter	0.219358741712512
Fibroblasts|MCPcounter	0.273485363254411
B cells|quanTIseq	0.0265271709793064
Macrophages M2|quanTIseq	0.0553876000710588
Monocytes|quanTIseq	0.00889966546984357
Neutrophils|quanTIseq	0.0209111700508669
NK cells|quanTIseq	0.0237930438363341
T cells CD4|quanTIseq	0.0551176464602971
Tregs|quanTIseq	0.00456923786896544
other|quanTIseq	0.804794465263328
Bcells|EPIC	0.00198364067252316
CAFs|EPIC	0.00176887270334689
CD4_Tcells|EPIC	0.0255828472586431
CD8_Tcells|EPIC	0.00221680006424043
Endothelial|EPIC	0.0410516220019629
Macrophages|EPIC	0.0255251034508847
NKcells|EPIC	2.07604878308072e-09
otherCells|EPIC	0.90187111177235
B_cell|TIMER	0.0968952784000166
T_cell.CD4|TIMER	0.0983473278696859
T_cell.CD8|TIMER	0.197909339628079
Neutrophil|TIMER	0.106016700570641
Macrophage|TIMER	0.0370393324000858
DC|TIMER	0.463792021131492
B_cells|ConsensusTME	0.0225043446307122
Cytotoxic_cells|ConsensusTME	0.0683672398891488
Dendritic_cells|ConsensusTME	0.0548203999649231
Eosinophils|ConsensusTME	0.0429296849324752
Macrophages|ConsensusTME	0.07315570188532
Mast_cells|ConsensusTME	0.0241015564483118
NK_cells|ConsensusTME	0.0455953749557158
Neutrophils|ConsensusTME	0.0438740401589173
T_cells_CD4|ConsensusTME	0.0424120808507432
T_cells_CD8|ConsensusTME	0.0463082047426479
T_cells_gamma_delta|ConsensusTME	0.0455680152205342
T_regulatory_cells|ConsensusTME	0.0525544477278538
Macrophages_M1|ConsensusTME	0.0623051483369956
Macrophages_M2|ConsensusTME	0.0913389108588846
Endothelial|ConsensusTME	0.103776794483355
Fibroblasts|ConsensusTME	0.0652006807386254
Monocytes|ConsensusTME	0.0780602465221527
Plasma_cells|ConsensusTME	0.0371271276526839
DC|ImmuCellAI	0.0891472868217054
Bcell|ImmuCellAI	0.173449612403101
Monocyte|ImmuCellAI	0.0978682170542636
Macrophage|ImmuCellAI	0.0484496124031008
NK|ImmuCellAI	0.132751937984496
Neutrophil|ImmuCellAI	0.0707364341085271
CD4_T|ImmuCellAI	0.0358527131782946
CD8_T|ImmuCellAI	0.0513565891472868
NKT|ImmuCellAI	0.163759689922481
Gamma_delta|ImmuCellAI	0.104651162790698
CD4_naive|ImmuCellAI	0.000968992248062015
Tr1|ImmuCellAI	0.00387596899224806
nTreg|ImmuCellAI	0.00484496124031008
iTreg|ImmuCellAI	0.00193798449612403
Th1|ImmuCellAI	0.00193798449612403
Th2|ImmuCellAI	0.00193798449612403
Tfh|ImmuCellAI	0.000968992248062015
CD8_naive|ImmuCellAI	0.000968992248062015
Cytotoxic|ImmuCellAI	0.00581395348837209
Exhausted|ImmuCellAI	0.00484496124031008
MAIT|ImmuCellAI	0.00387596899224806
Monocytes C|ABIS	0.680225834977212
NK|ABIS	0.0038138504680183
T CD8 Memory|ABIS	0.0405078306222385
T CD4 Naive|ABIS	0.110441160847424
MAIT|ABIS	0.00561759537874439
T gd Vd2|ABIS	0.000266740243153986
Neutrophils LD|ABIS	0.0898050961908118
Basophils LD|ABIS	0.00351195248507898
B Memory|ABIS	0.0466222201501235
mDCs|ABIS	0.000959194857186968
pDCs|ABIS	0.0182285237800073