TCGA_ACC	TCGA-OR-A5JD
B cells naive|CIBERSORT.x	0.00801040139682565
T cells CD8|CIBERSORT.x	0.196959133323666
T cells CD4 memory resting|CIBERSORT.x	0.157822543313546
NK cells activated|CIBERSORT.x	0.0792720478269155
Monocytes|CIBERSORT.x	0.0922931598604487
Macrophages M1|CIBERSORT.x	0.0121212300762507
Macrophages M2|CIBERSORT.x	0.240694909035191
Dendritic cells resting|CIBERSORT.x	0.00664897913030318
Dendritic cells activated|CIBERSORT.x	0.000193601706721708
Mast cells activated|CIBERSORT.x	0.205983994330131
B cells naive|CIBERSORT.y	0.00801040139682565
T cells CD8|CIBERSORT.y	0.196959133323666
T cells CD4 memory resting|CIBERSORT.y	0.157822543313546
NK cells activated|CIBERSORT.y	0.0792720478269155
Monocytes|CIBERSORT.y	0.0922931598604487
Macrophages M1|CIBERSORT.y	0.0121212300762507
Macrophages M2|CIBERSORT.y	0.240694909035191
Dendritic cells resting|CIBERSORT.y	0.00664897913030318
Dendritic cells activated|CIBERSORT.y	0.000193601706721708
Mast cells activated|CIBERSORT.y	0.205983994330131
aDC|xCell	0.0767509427586263
Adipocytes|xCell	0.00705896199755635
B-cells|xCell	0.00647710433593214
CD4+ memory T-cells|xCell	0.00708952392268309
CD4+ naive T-cells|xCell	0.0189051224428577
CD4+ Tcm|xCell	9.47736131170395e-21
CD4+ Tem|xCell	0.025393165902107
CD8+ T-cells|xCell	0.0186047844842012
CD8+ Tcm|xCell	0.0233657062630291
CD8+ Tem|xCell	0.0156717093564686
cDC|xCell	0.105647025103967
Chondrocytes|xCell	0.00211622312697125
Class-switched memory B-cells|xCell	0.00496303241353414
CLP|xCell	0.00805820686670371
CMP|xCell	0.0099081909937323
DC|xCell	0.0183137165564649
Endothelial cells|xCell	0.0354820592388477
Epithelial cells|xCell	0.0123513161192469
Fibroblasts|xCell	0.0179576784887685
HSC|xCell	0.0479039026008748
iDC|xCell	0.0319574470711438
ly Endothelial cells|xCell	0.0114053156853285
Macrophages|xCell	0.0216749222006094
Macrophages M1|xCell	0.0166432569213199
Macrophages M2|xCell	0.0153281048525621
Mast cells|xCell	0.00978954752350319
Megakaryocytes|xCell	0.0024073229601729
Memory B-cells|xCell	1.07557281781e-06
MEP|xCell	0.013569743039041
Monocytes|xCell	0.0273376289086262
MSC|xCell	1.39657365969616e-17
mv Endothelial cells|xCell	0.0109457864649409
Myocytes|xCell	8.87194461979924e-19
naive B-cells|xCell	0.00187576314002485
Neurons|xCell	0.010521634780114
NK cells|xCell	0.00165025355709367
NKT|xCell	0.11193697050149
Osteoblast|xCell	0.0206462317025647
pDC|xCell	0.0137306056054696
Pericytes|xCell	0.0530589350733448
Plasma cells|xCell	0.00261643320047073
Platelets|xCell	0.00071533923917942
Preadipocytes|xCell	1.6744172710878e-18
Smooth muscle|xCell	0.110413640361259
Tgd cells|xCell	3.82794588584808e-18
Th2 cells|xCell	0.027170569776702
Tregs|xCell	0.0225850988896492
T cells|MCPcounter	0.073328560882635
CD8 T cells|MCPcounter	0.0175764333416873
Cytotoxic lymphocytes|MCPcounter	0.0805428402431062
B lineage|MCPcounter	0.0884696356316741
NK cells|MCPcounter	0.010394514038268
Monocytic lineage|MCPcounter	0.14278142714271
Myeloid dendritic cells|MCPcounter	0.12687368886578
Neutrophils|MCPcounter	0.0912154068568646
Endothelial cells|MCPcounter	0.167552169039273
Fibroblasts|MCPcounter	0.201265323958002
B cells|quanTIseq	0.0203173031980189
Macrophages M2|quanTIseq	0.0617249328307072
Monocytes|quanTIseq	0.0353495667999852
Neutrophils|quanTIseq	0.0482668992063971
NK cells|quanTIseq	0.0321769470669601
T cells CD4|quanTIseq	0.0369683436763723
T cells CD8|quanTIseq	0.00109027732005613
Tregs|quanTIseq	0.0152785520989177
other|quanTIseq	0.748827177802585
Bcells|EPIC	0.00249445197323048
CAFs|EPIC	0.000710311490149547
CD4_Tcells|EPIC	0.0455163859626305
CD8_Tcells|EPIC	3.13739193489098e-08
Endothelial|EPIC	0.0331893579876896
Macrophages|EPIC	0.104980042931451
NKcells|EPIC	2.21144593274218e-09
otherCells|EPIC	0.813109416069484
B_cell|TIMER	0.108227275367463
T_cell.CD4|TIMER	0.0775582760920638
T_cell.CD8|TIMER	0.199584667580455
Neutrophil|TIMER	0.0997679779955061
Macrophage|TIMER	0.0756524062529557
DC|TIMER	0.439209396711556
B_cells|ConsensusTME	0.0336314129510691
Cytotoxic_cells|ConsensusTME	0.0566051425866986
Dendritic_cells|ConsensusTME	0.0593058618432483
Eosinophils|ConsensusTME	0.0579535295061363
Macrophages|ConsensusTME	0.0652204958685161
Mast_cells|ConsensusTME	0.0446612759953288
NK_cells|ConsensusTME	0.0484080070886032
Neutrophils|ConsensusTME	0.0466151920254886
T_cells_CD4|ConsensusTME	0.052007080285016
T_cells_CD8|ConsensusTME	0.0526412816639842
T_cells_gamma_delta|ConsensusTME	0.0514399468125448
T_regulatory_cells|ConsensusTME	0.0592855729121759
Macrophages_M1|ConsensusTME	0.0600303107737671
Macrophages_M2|ConsensusTME	0.0779437797362097
Endothelial|ConsensusTME	0.0785637230234519
Fibroblasts|ConsensusTME	0.0562547750504363
Monocytes|ConsensusTME	0.0682058167610741
Plasma_cells|ConsensusTME	0.0312267951162512
DC|ImmuCellAI	0.0970220941402498
Bcell|ImmuCellAI	0.0557156580211335
Monocyte|ImmuCellAI	0.131604226705091
Macrophage|ImmuCellAI	0.0720461095100865
NK|ImmuCellAI	0.213256484149856
Neutrophil|ImmuCellAI	0.0336215177713737
CD4_T|ImmuCellAI	0.0230547550432277
CD8_T|ImmuCellAI	0.111431316042267
NKT|ImmuCellAI	0.153698366954851
Gamma_delta|ImmuCellAI	0.069164265129683
CD4_naive|ImmuCellAI	0.000960614793467819
Tr1|ImmuCellAI	0.00288184438040346
nTreg|ImmuCellAI	0.00288184438040346
iTreg|ImmuCellAI	0.00192122958693564
Th1|ImmuCellAI	0.000960614793467819
Th2|ImmuCellAI	0.000960614793467819
Th17|ImmuCellAI	0.000960614793467819
Tfh|ImmuCellAI	0.00192122958693564
CD8_naive|ImmuCellAI	0.0048030739673391
Cytotoxic|ImmuCellAI	0.00864553314121038
Exhausted|ImmuCellAI	0.00576368876080692
MAIT|ImmuCellAI	0.00672430355427474
Monocytes C|ABIS	0.126869391315659
T CD8 Memory|ABIS	0.198324565734823
T CD4 Naive|ABIS	0.26861312506143
T CD4 Memory|ABIS	0.000225156712863652
MAIT|ABIS	0.0072621789511722
T gd Vd2|ABIS	0.00232448057192138
Neutrophils LD|ABIS	0.121327969626009
Basophils LD|ABIS	0.00507477565262636
Monocytes NC+I|ABIS	0.162451151638671
B Memory|ABIS	0.0300403386333629
mDCs|ABIS	0.0624139074518414
pDCs|ABIS	0.0150493346939954
Plasmablasts|ABIS	2.36239556242951e-05