TCGA_ACC	TCGA-OR-A5LC
B cells naive|CIBERSORT.x	0.0611685800444746
Plasma cells|CIBERSORT.x	0.0073157680198555
T cells CD8|CIBERSORT.x	0.0618216872950679
T cells CD4 memory resting|CIBERSORT.x	0.00057954050542533
T cells follicular helper|CIBERSORT.x	0.0451910483822932
T cells regulatory (Tregs)|CIBERSORT.x	0.00759061247925036
NK cells activated|CIBERSORT.x	0.0534509861601845
Macrophages M0|CIBERSORT.x	0.401187218945609
Macrophages M1|CIBERSORT.x	0.0601256995337247
Macrophages M2|CIBERSORT.x	0.282697282194569
Mast cells activated|CIBERSORT.x	0.0188715764395459
B cells naive|CIBERSORT.y	0.0611685800444746
Plasma cells|CIBERSORT.y	0.0073157680198555
T cells CD8|CIBERSORT.y	0.0618216872950679
T cells CD4 memory resting|CIBERSORT.y	0.00057954050542533
T cells follicular helper|CIBERSORT.y	0.0451910483822932
T cells regulatory (Tregs)|CIBERSORT.y	0.00759061247925036
NK cells activated|CIBERSORT.y	0.0534509861601845
Macrophages M0|CIBERSORT.y	0.401187218945609
Macrophages M1|CIBERSORT.y	0.0601256995337247
Macrophages M2|CIBERSORT.y	0.282697282194569
Mast cells activated|CIBERSORT.y	0.0188715764395459
aDC|xCell	0.0785150193930105
Astrocytes|xCell	3.95450967760752e-18
Basophils|xCell	0.00698162561701575
CD4+ naive T-cells|xCell	2.04222227518155e-18
CD4+ T-cells|xCell	5.48232818104277e-18
CD4+ Tcm|xCell	0.0152707600756684
cDC|xCell	0.00202689705313952
Chondrocytes|xCell	1.45285393566154e-18
Class-switched memory B-cells|xCell	0.00448534015212159
CLP|xCell	0.00476339246914454
CMP|xCell	0.00493433912830279
DC|xCell	0.000865931849585348
Endothelial cells|xCell	0.0279153057331854
Erythrocytes|xCell	0.000193931744099564
GMP|xCell	0.00470157720812922
HSC|xCell	0.133641593116066
iDC|xCell	0.00826541431609296
ly Endothelial cells|xCell	0.0155212153230825
Macrophages|xCell	0.00331204208699839
Macrophages M1|xCell	0.00629799522799924
Mast cells|xCell	0.000699702183748685
Megakaryocytes|xCell	0.000237311758347459
Memory B-cells|xCell	6.64910103469119e-18
MEP|xCell	0.0225339512866322
Mesangial cells|xCell	0.0668606968002926
Monocytes|xCell	0.000730906887434485
MPP|xCell	5.80731946339525e-18
MSC|xCell	0.395805478067811
mv Endothelial cells|xCell	0.0155210845380721
Neurons|xCell	0.0100178065257784
NKT|xCell	0.0427961206399788
pDC|xCell	0.0255815244204119
Pericytes|xCell	7.79023702915261e-05
Plasma cells|xCell	0.00495120918690993
pro B-cells|xCell	0.00498924719711353
Sebocytes|xCell	7.46995412956354e-05
Skeletal muscle|xCell	4.85835337691437e-18
Tgd cells|xCell	5.41377680003632e-18
Th1 cells|xCell	0.00931256673459476
Th2 cells|xCell	0.0821174113676447
T cells|MCPcounter	0.0393619690692096
CD8 T cells|MCPcounter	0.000479694432947471
Cytotoxic lymphocytes|MCPcounter	0.0211160531216857
B lineage|MCPcounter	0.124123024549378
NK cells|MCPcounter	0.00535531255201702
Monocytic lineage|MCPcounter	0.0795029543838253
Myeloid dendritic cells|MCPcounter	0.0448289252566721
Neutrophils|MCPcounter	0.0727389002150206
Endothelial cells|MCPcounter	0.172334430420995
Fibroblasts|MCPcounter	0.44015873599825
B cells|quanTIseq	0.0107264845617888
Monocytes|quanTIseq	0.166612598788221
NK cells|quanTIseq	0.0211244803595301
T cells CD4|quanTIseq	0.0613890539112987
T cells CD8|quanTIseq	0.000458805670375751
Tregs|quanTIseq	0.00548200050709169
other|quanTIseq	0.734206576201694
Bcells|EPIC	0.00137670825411024
CAFs|EPIC	0.0460299500604258
CD4_Tcells|EPIC	0.0353342128841477
CD8_Tcells|EPIC	0.00276846785994226
Endothelial|EPIC	0.0339122928224837
Macrophages|EPIC	0.0383742727258755
NKcells|EPIC	3.00373229637219e-09
otherCells|EPIC	0.842204092389283
B_cell|TIMER	0.0882154077290025
T_cell.CD4|TIMER	0.107132048566704
T_cell.CD8|TIMER	0.203464922645432
Neutrophil|TIMER	0.102571564171748
Macrophage|TIMER	0.0468838386303996
DC|TIMER	0.451732218256714
B_cells|ConsensusTME	0.000653048748382865
Cytotoxic_cells|ConsensusTME	0.0528870218200659
Dendritic_cells|ConsensusTME	0.0605039519535986
Eosinophils|ConsensusTME	0.0477125338323313
Macrophages|ConsensusTME	0.0943949936128816
Mast_cells|ConsensusTME	0.0412014558758204
NK_cells|ConsensusTME	0.0254199883160627
Neutrophils|ConsensusTME	0.0481268456793438
T_cells_CD4|ConsensusTME	0.0348787442043686
T_cells_CD8|ConsensusTME	0.0314830570511927
T_cells_gamma_delta|ConsensusTME	0.0404108785329724
T_regulatory_cells|ConsensusTME	0.0376138894178322
Macrophages_M1|ConsensusTME	0.0803819445779382
Macrophages_M2|ConsensusTME	0.0979818952558942
Endothelial|ConsensusTME	0.128814903249908
Fibroblasts|ConsensusTME	0.102675615040324
Monocytes|ConsensusTME	0.0676358731478557
Plasma_cells|ConsensusTME	0.00722335968322672
DC|ImmuCellAI	0.117424242424242
Bcell|ImmuCellAI	0.0729166666666667
Monocyte|ImmuCellAI	0.0918560606060606
Macrophage|ImmuCellAI	0.0899621212121212
NK|ImmuCellAI	0.0681818181818182
Neutrophil|ImmuCellAI	0.116477272727273
CD4_T|ImmuCellAI	0.0823863636363636
CD8_T|ImmuCellAI	0.0568181818181818
NKT|ImmuCellAI	0.126893939393939
Gamma_delta|ImmuCellAI	0.123106060606061
CD4_naive|ImmuCellAI	0.00568181818181818
Tr1|ImmuCellAI	0.00946969696969697
nTreg|ImmuCellAI	0.00568181818181818
iTreg|ImmuCellAI	0.00473484848484848
Th1|ImmuCellAI	0.00284090909090909
Th2|ImmuCellAI	0.0142045454545455
CD8_naive|ImmuCellAI	0.00189393939393939
Cytotoxic|ImmuCellAI	0.00473484848484848
MAIT|ImmuCellAI	0.00473484848484848
Monocytes C|ABIS	0.735693951316252
NK|ABIS	0.00466091820088557
T CD8 Memory|ABIS	0.0552912845399171
T CD4 Naive|ABIS	0.124291152023615
B Naive|ABIS	0.00552912845399171
Neutrophils LD|ABIS	0.0520926151863682
Basophils LD|ABIS	0.00339515904240979
B Memory|ABIS	0.00603177649526369
pDCs|ABIS	0.0123834199258823
Plasmablasts|ABIS	0.000630594815413931