TCGA_ACC	TCGA-OR-A5LM
B cells memory|CIBERSORT.x	0.0431297019851283
Plasma cells|CIBERSORT.x	0.0103590060727304
T cells CD8|CIBERSORT.x	0.135691295516542
T cells CD4 memory resting|CIBERSORT.x	0.335937046651597
NK cells resting|CIBERSORT.x	0.0436135871895134
NK cells activated|CIBERSORT.x	0.0324939658386323
Monocytes|CIBERSORT.x	0.0839752740227316
Macrophages M0|CIBERSORT.x	0.0922964238458721
Macrophages M1|CIBERSORT.x	0.000567164771834037
Macrophages M2|CIBERSORT.x	0.145543211318852
Dendritic cells resting|CIBERSORT.x	0.00352950301652559
Mast cells resting|CIBERSORT.x	0.0456874847091707
Eosinophils|CIBERSORT.x	0.0271763350608698
B cells memory|CIBERSORT.y	0.0431297019851283
Plasma cells|CIBERSORT.y	0.0103590060727304
T cells CD8|CIBERSORT.y	0.135691295516542
T cells CD4 memory resting|CIBERSORT.y	0.335937046651597
NK cells resting|CIBERSORT.y	0.0436135871895134
NK cells activated|CIBERSORT.y	0.0324939658386323
Monocytes|CIBERSORT.y	0.0839752740227316
Macrophages M0|CIBERSORT.y	0.0922964238458721
Macrophages M1|CIBERSORT.y	0.000567164771834037
Macrophages M2|CIBERSORT.y	0.145543211318852
Dendritic cells resting|CIBERSORT.y	0.00352950301652559
Mast cells resting|CIBERSORT.y	0.0456874847091707
Eosinophils|CIBERSORT.y	0.0271763350608698
aDC|xCell	0.0187905921434222
Adipocytes|xCell	0.00138615683793678
Astrocytes|xCell	6.51925278047125e-19
Basophils|xCell	0.0409799610966244
CD4+ memory T-cells|xCell	2.75925338770154e-21
CD4+ naive T-cells|xCell	8.48093948553643e-19
CD4+ T-cells|xCell	1.47201185694081e-18
CD4+ Tem|xCell	3.0027422860059e-18
CD8+ T-cells|xCell	3.73502989005696e-20
CD8+ Tcm|xCell	0.000855148830209704
cDC|xCell	0.0347663959119307
Class-switched memory B-cells|xCell	0.0197880446850851
CLP|xCell	0.0230734716206877
CMP|xCell	0.00303473525276603
DC|xCell	0.00690709847624953
Endothelial cells|xCell	0.0653858538217548
Eosinophils|xCell	1.04868768079029e-18
Epithelial cells|xCell	0.0499360384954544
Erythrocytes|xCell	8.45329592503863e-05
Fibroblasts|xCell	0.0456183203991823
Hepatocytes|xCell	0.00211747568447839
HSC|xCell	0.0214723654405422
iDC|xCell	0.127448511280747
Keratinocytes|xCell	0.00835719129605976
ly Endothelial cells|xCell	0.00980629929819653
Macrophages|xCell	0.0296696275588708
Macrophages M1|xCell	0.0243346737912105
Macrophages M2|xCell	0.0162596660305106
Mast cells|xCell	0.00309506547993139
Megakaryocytes|xCell	4.07153838742035e-19
Melanocytes|xCell	0.00410464337615008
MEP|xCell	0.0209300966480919
Mesangial cells|xCell	0.0336578374584982
Monocytes|xCell	0.00204859259210957
MPP|xCell	1.24250992671838e-20
MSC|xCell	2.29995209133046e-19
mv Endothelial cells|xCell	0.0282011104269697
Myocytes|xCell	0.00250948135673687
naive B-cells|xCell	0.00151441513249153
Neurons|xCell	0.0346397153554427
Neutrophils|xCell	0.000285099147341598
NKT|xCell	0.0244845726958999
Osteoblast|xCell	0.0253402392874542
Pericytes|xCell	0.0212361732162148
Plasma cells|xCell	0.00868811371610728
Platelets|xCell	0.00420537485968929
Preadipocytes|xCell	0.0601390428395447
pro B-cells|xCell	0.00772835366413606
Sebocytes|xCell	0.00123088980617873
Skeletal muscle|xCell	0.000273435403523467
Smooth muscle|xCell	0.134728940090812
Tgd cells|xCell	3.33517161812667e-18
Th1 cells|xCell	0.0147486094214312
Th2 cells|xCell	0.0157883008864623
Tregs|xCell	0.000349736227612236
T cells|MCPcounter	0.0534972908189551
CD8 T cells|MCPcounter	0.00228221599918397
Cytotoxic lymphocytes|MCPcounter	0.0333506695184664
B lineage|MCPcounter	0.117012138400311
NK cells|MCPcounter	0.00710168816538586
Monocytic lineage|MCPcounter	0.104917217622651
Myeloid dendritic cells|MCPcounter	0.110166287380954
Neutrophils|MCPcounter	0.0917591281354605
Endothelial cells|MCPcounter	0.213014720324147
Fibroblasts|MCPcounter	0.266898643634486
B cells|quanTIseq	0.00631697665441533
Macrophages M2|quanTIseq	0.00586159121757545
Monocytes|quanTIseq	0.127277009396154
Neutrophils|quanTIseq	0.0313669253098195
NK cells|quanTIseq	0.00282536998616537
T cells CD4|quanTIseq	0.125470063791939
T cells CD8|quanTIseq	0.000156912249646924
Tregs|quanTIseq	0.00274548814549283
other|quanTIseq	0.697979663248791
Bcells|EPIC	0.00364342471293449
CAFs|EPIC	0.00321898332756349
CD4_Tcells|EPIC	0.0528783280990915
CD8_Tcells|EPIC	0.00842495081753411
Endothelial|EPIC	0.028038149738029
Macrophages|EPIC	0.0243798246846306
NKcells|EPIC	5.94863023243622e-10
otherCells|EPIC	0.879416338025354
B_cell|TIMER	0.0986256256567852
T_cell.CD4|TIMER	0.0897262826384918
T_cell.CD8|TIMER	0.201413407974537
Neutrophil|TIMER	0.106382470086953
Macrophage|TIMER	0.0446511814792254
DC|TIMER	0.459201032164007
B_cells|ConsensusTME	0.017168603860256
Cytotoxic_cells|ConsensusTME	0.0466708390693321
Dendritic_cells|ConsensusTME	0.0661490650766797
Eosinophils|ConsensusTME	0.0598807328156043
Macrophages|ConsensusTME	0.0857467635495591
Mast_cells|ConsensusTME	0.0490027175851519
NK_cells|ConsensusTME	0.0262687789048147
Neutrophils|ConsensusTME	0.0408854698182256
T_cells_CD4|ConsensusTME	0.0364442823402488
T_cells_CD8|ConsensusTME	0.0367198968819789
T_cells_gamma_delta|ConsensusTME	0.0319420440431902
T_regulatory_cells|ConsensusTME	0.0382563457004733
Macrophages_M1|ConsensusTME	0.0768534217574666
Macrophages_M2|ConsensusTME	0.102714656968666
Endothelial|ConsensusTME	0.115817333576662
Fibroblasts|ConsensusTME	0.0656278106823401
Monocytes|ConsensusTME	0.0740997976481742
Plasma_cells|ConsensusTME	0.0297514397211771
DC|ImmuCellAI	0.116438356164384
Bcell|ImmuCellAI	0.155577299412916
Monocyte|ImmuCellAI	0.129158512720157
Macrophage|ImmuCellAI	0.0998043052837573
NK|ImmuCellAI	0.164383561643836
Neutrophil|ImmuCellAI	0.0949119373776908
CD4_T|ImmuCellAI	0.0420743639921722
NKT|ImmuCellAI	0.135029354207436
Gamma_delta|ImmuCellAI	0.0410958904109589
CD4_naive|ImmuCellAI	0.00195694716242661
Tr1|ImmuCellAI	0.000978473581213307
nTreg|ImmuCellAI	0.00489236790606654
iTreg|ImmuCellAI	0.000978473581213307
Th1|ImmuCellAI	0.00293542074363992
Th2|ImmuCellAI	0.00195694716242661
Th17|ImmuCellAI	0.00391389432485323
Tfh|ImmuCellAI	0.00391389432485323
Monocytes C|ABIS	0.456100342075257
NK|ABIS	0.00379744258022479
T CD8 Memory|ABIS	0.0451009936471738
T CD4 Naive|ABIS	0.164929141553999
T CD4 Memory|ABIS	0.0219905522071999
MAIT|ABIS	0.0157802573709073
Neutrophils LD|ABIS	0.0975321713634142
T gd non-Vd2|ABIS	0.00224995927675517
Basophils LD|ABIS	0.00997719498289624
Monocytes NC+I|ABIS	0.0367527284574035
B Memory|ABIS	0.070756637888907
mDCs|ABIS	0.0314587066297443
pDCs|ABIS	0.0435738719661183