TCGA_ACC	TCGA-OR-A5LR
B cells naive|CIBERSORT.x	0.0275405650716759
Plasma cells|CIBERSORT.x	0.00511176013051004
T cells CD8|CIBERSORT.x	0.132817842771078
T cells CD4 memory resting|CIBERSORT.x	0.176389766463535
NK cells activated|CIBERSORT.x	0.124023391986407
Monocytes|CIBERSORT.x	0.0221946192924398
Macrophages M1|CIBERSORT.x	0.0360822857418628
Macrophages M2|CIBERSORT.x	0.438755514172653
Mast cells activated|CIBERSORT.x	0.0370842543698395
B cells naive|CIBERSORT.y	0.0275405650716759
Plasma cells|CIBERSORT.y	0.00511176013051004
T cells CD8|CIBERSORT.y	0.132817842771078
T cells CD4 memory resting|CIBERSORT.y	0.176389766463535
NK cells activated|CIBERSORT.y	0.124023391986407
Monocytes|CIBERSORT.y	0.0221946192924398
Macrophages M1|CIBERSORT.y	0.0360822857418628
Macrophages M2|CIBERSORT.y	0.438755514172653
Mast cells activated|CIBERSORT.y	0.0370842543698395
aDC|xCell	0.0328577244764867
Adipocytes|xCell	0.00869404086112417
B-cells|xCell	9.45602663718416e-20
Basophils|xCell	0.00762462504091973
CD4+ memory T-cells|xCell	6.01009289077721e-22
CD4+ naive T-cells|xCell	0.0015968288292846
CD4+ T-cells|xCell	2.07182909423725e-18
CD4+ Tem|xCell	2.77731937302321e-19
CD8+ naive T-cells|xCell	4.70478409805569e-19
CD8+ T-cells|xCell	0.0192259712388761
CD8+ Tcm|xCell	0.0145133872885459
cDC|xCell	0.0700042436264588
Chondrocytes|xCell	0.00149078679061331
Class-switched memory B-cells|xCell	0.0095860366374222
CLP|xCell	0.00638758484100128
CMP|xCell	0.00426367436386907
DC|xCell	0.00522876085670494
Endothelial cells|xCell	0.0436007038895769
Epithelial cells|xCell	0.0585707572530938
Erythrocytes|xCell	3.32874060152435e-20
Fibroblasts|xCell	0.102466272365051
HSC|xCell	0.0633569777534358
iDC|xCell	0.0595667608491366
Keratinocytes|xCell	1.17356284064747e-21
ly Endothelial cells|xCell	0.015389314195699
Macrophages|xCell	0.00602910604970358
Macrophages M1|xCell	0.01134718185957
Macrophages M2|xCell	0.00610956916792904
Mast cells|xCell	0.0148374856150156
Megakaryocytes|xCell	0.00100635935647422
Melanocytes|xCell	0.000376634655883426
MEP|xCell	0.00641853972185881
Mesangial cells|xCell	0.0275357528611053
Monocytes|xCell	0.0077900365291601
MPP|xCell	2.55626678644546e-18
mv Endothelial cells|xCell	0.0263565322046347
naive B-cells|xCell	1.43389854608503e-18
Neurons|xCell	0.0100700850703886
NKT|xCell	0.0375327728971958
Osteoblast|xCell	1.58156148060467e-18
pDC|xCell	0.0152854375338708
Pericytes|xCell	0.07026301406448
Plasma cells|xCell	3.73580176611685e-20
Sebocytes|xCell	0.00034633311326705
Smooth muscle|xCell	0.181913681417915
Th1 cells|xCell	5.00684508510019e-18
Th2 cells|xCell	0.0365408188627741
Tregs|xCell	0.0158162078614736
T cells|MCPcounter	0.0456894324511401
CD8 T cells|MCPcounter	0.00470151256515828
Cytotoxic lymphocytes|MCPcounter	0.0344133321931902
B lineage|MCPcounter	0.118521216799706
NK cells|MCPcounter	0.0160718827621876
Monocytic lineage|MCPcounter	0.0917595617057391
Myeloid dendritic cells|MCPcounter	0.111145824892055
Neutrophils|MCPcounter	0.0951597536087807
Endothelial cells|MCPcounter	0.18531885901455
Fibroblasts|MCPcounter	0.297218624007493
B cells|quanTIseq	0.0110194514600491
Macrophages M2|quanTIseq	0.068072607156342
Neutrophils|quanTIseq	0.0258166721326284
NK cells|quanTIseq	0.0193347694629068
T cells CD4|quanTIseq	0.0585158465378885
Tregs|quanTIseq	0.00397430501759524
Dendritic cells|quanTIseq	0.0101361178085248
other|quanTIseq	0.803130230424065
Bcells|EPIC	7.54596015134184e-05
CAFs|EPIC	0.00420433587036179
CD4_Tcells|EPIC	0.243827326427285
CD8_Tcells|EPIC	6.12055079895722e-09
Endothelial|EPIC	0.0326459348827824
Macrophages|EPIC	0.0490377485094455
NKcells|EPIC	6.45631120949377e-11
otherCells|EPIC	0.670209188523498
B_cell|TIMER	0.0864686187696771
T_cell.CD4|TIMER	0.106171570509425
T_cell.CD8|TIMER	0.201974827858723
Neutrophil|TIMER	0.0966744410242867
Macrophage|TIMER	0.0643362115886448
DC|TIMER	0.444374330249244
B_cells|ConsensusTME	0.0254021831949933
Cytotoxic_cells|ConsensusTME	0.0484646508404425
Dendritic_cells|ConsensusTME	0.0602452026241441
Eosinophils|ConsensusTME	0.0526040390776454
Macrophages|ConsensusTME	0.0665907252689622
Mast_cells|ConsensusTME	0.0357948226561279
NK_cells|ConsensusTME	0.0365512611636159
Neutrophils|ConsensusTME	0.0431771895023963
T_cells_CD4|ConsensusTME	0.0449550884358703
T_cells_CD8|ConsensusTME	0.0429658569874735
T_cells_gamma_delta|ConsensusTME	0.0408383492868685
T_regulatory_cells|ConsensusTME	0.0550249223672597
Macrophages_M1|ConsensusTME	0.062472167862473
Macrophages_M2|ConsensusTME	0.0823551508734548
Endothelial|ConsensusTME	0.0987173269691139
Fibroblasts|ConsensusTME	0.104852255830986
Monocytes|ConsensusTME	0.0656019858685946
Plasma_cells|ConsensusTME	0.0333868211895779
DC|ImmuCellAI	0.0824544582933845
Bcell|ImmuCellAI	0.0958772770853308
Monocyte|ImmuCellAI	0.148609779482263
Macrophage|ImmuCellAI	0.0882070949185043
NK|ImmuCellAI	0.175455417066155
Neutrophil|ImmuCellAI	0.0441035474592522
CD4_T|ImmuCellAI	0.0345158197507191
CD8_T|ImmuCellAI	0.0920421860019175
NKT|ImmuCellAI	0.157238734419942
Gamma_delta|ImmuCellAI	0.0412272291466922
CD4_naive|ImmuCellAI	0.00191754554170662
Tr1|ImmuCellAI	0.00287631831255992
nTreg|ImmuCellAI	0.00383509108341323
iTreg|ImmuCellAI	0.00191754554170662
Th1|ImmuCellAI	0.000958772770853308
Th2|ImmuCellAI	0.00191754554170662
Th17|ImmuCellAI	0.00191754554170662
Tfh|ImmuCellAI	0.00287631831255992
CD8_naive|ImmuCellAI	0.00575263662511985
Cytotoxic|ImmuCellAI	0.00383509108341323
Exhausted|ImmuCellAI	0.00287631831255992
MAIT|ImmuCellAI	0.00958772770853308
Monocytes C|ABIS	0.546478223594824
NK|ABIS	0.000882386856446688
T CD8 Memory|ABIS	0.0626695210544523
T CD4 Naive|ABIS	0.187005850826486
T CD4 Memory|ABIS	0.0286274372176738
MAIT|ABIS	0.0187005850826486
T gd Vd2|ABIS	0.00394065948390396
Neutrophils LD|ABIS	0.0546478223594824
Basophils LD|ABIS	0.00922495349921538
Monocytes NC+I|ABIS	0.00942549596658963
B Memory|ABIS	0.0346938468557448
mDCs|ABIS	0.0191016700173971
pDCs|ABIS	0.0227615700469771
Plasmablasts|ABIS	0.00183997713815872