TCGA_ACC	TCGA-OR-A5JF
B cells memory|CIBERSORT.x	0.011271944256931
Plasma cells|CIBERSORT.x	0.00847721768793657
T cells CD8|CIBERSORT.x	0.173748222930638
T cells CD4 naive|CIBERSORT.x	0.0430563820238601
T cells CD4 memory resting|CIBERSORT.x	0.132365028030149
NK cells activated|CIBERSORT.x	0.125477004224508
Monocytes|CIBERSORT.x	0.0254772035799898
Macrophages M0|CIBERSORT.x	0.0830529529510112
Macrophages M1|CIBERSORT.x	0.0451480547094879
Macrophages M2|CIBERSORT.x	0.211549051588145
Dendritic cells activated|CIBERSORT.x	0.00872145016628496
Mast cells activated|CIBERSORT.x	0.131655487851059
B cells memory|CIBERSORT.y	0.011271944256931
Plasma cells|CIBERSORT.y	0.00847721768793657
T cells CD8|CIBERSORT.y	0.173748222930638
T cells CD4 naive|CIBERSORT.y	0.0430563820238601
T cells CD4 memory resting|CIBERSORT.y	0.132365028030149
NK cells activated|CIBERSORT.y	0.125477004224508
Monocytes|CIBERSORT.y	0.0254772035799898
Macrophages M0|CIBERSORT.y	0.0830529529510112
Macrophages M1|CIBERSORT.y	0.0451480547094879
Macrophages M2|CIBERSORT.y	0.211549051588145
Dendritic cells activated|CIBERSORT.y	0.00872145016628496
Mast cells activated|CIBERSORT.y	0.131655487851059
aDC|xCell	0.00946122728686734
Astrocytes|xCell	1.01892860849741e-18
B-cells|xCell	0.00728783750011351
CD4+ T-cells|xCell	4.35748063289191e-18
CD4+ Tcm|xCell	0.0276211761283994
CD4+ Tem|xCell	0.0148021797964558
CD8+ T-cells|xCell	0.000544692635441306
Chondrocytes|xCell	2.26894477045336e-18
Class-switched memory B-cells|xCell	0.0147701743498915
CLP|xCell	0.00797127402691425
Endothelial cells|xCell	0.0671045178992567
Eosinophils|xCell	2.15852568681251e-20
Epithelial cells|xCell	0.00758484775012877
Fibroblasts|xCell	0.0565407196237512
GMP|xCell	0.0219977389200314
Hepatocytes|xCell	0.000780830323712608
HSC|xCell	0.115233396203433
iDC|xCell	0.000935122127819095
ly Endothelial cells|xCell	0.0141226198937168
Macrophages|xCell	0.00852306650696103
Macrophages M1|xCell	0.00732021045285046
Macrophages M2|xCell	0.00664487024611984
Mast cells|xCell	0.00350375804476606
Megakaryocytes|xCell	0.0026583142299415
Melanocytes|xCell	0.00571789039240669
Memory B-cells|xCell	8.57760716962961e-20
MEP|xCell	0.0192793348340668
Mesangial cells|xCell	0.0686388821143875
MPP|xCell	5.79144849923654e-20
MSC|xCell	0.159384471586008
mv Endothelial cells|xCell	0.0295694723471687
Myocytes|xCell	0.00762073128674297
naive B-cells|xCell	0.000429365831416847
Neurons|xCell	0.0369264428184356
NK cells|xCell	5.74456637965306e-18
NKT|xCell	0.0303022749376755
Osteoblast|xCell	0.0165799906937767
Pericytes|xCell	0.0714218029961825
Plasma cells|xCell	0.0148711889201589
Platelets|xCell	0.00270801951849373
Preadipocytes|xCell	2.25487194104471e-19
pro B-cells|xCell	0.00124751893214591
Skeletal muscle|xCell	5.25314272373874e-19
Smooth muscle|xCell	0.131478997237338
Th1 cells|xCell	0.00640656439862998
Th2 cells|xCell	0.00200847720839359
T cells|MCPcounter	0.0615284269248281
CD8 T cells|MCPcounter	0.00166556989752239
Cytotoxic lymphocytes|MCPcounter	0.0481833297203402
B lineage|MCPcounter	0.114215816820845
NK cells|MCPcounter	0.00554378517799041
Monocytic lineage|MCPcounter	0.0644597892407082
Myeloid dendritic cells|MCPcounter	0.0345298422915687
Neutrophils|MCPcounter	0.108187951289189
Endothelial cells|MCPcounter	0.211201588967876
Fibroblasts|MCPcounter	0.350483899669132
B cells|quanTIseq	0.0209810291346806
Macrophages M2|quanTIseq	0.0492948673381882
Monocytes|quanTIseq	0.0164293383612856
Neutrophils|quanTIseq	0.0163835044675668
NK cells|quanTIseq	0.0205586888731476
T cells CD4|quanTIseq	0.0907062958582418
Tregs|quanTIseq	0.00652453086553704
Dendritic cells|quanTIseq	0.0146930544270245
other|quanTIseq	0.764428690674328
Bcells|EPIC	6.73187595022476e-07
CAFs|EPIC	0.00657928782246572
CD4_Tcells|EPIC	0.16562446498581
CD8_Tcells|EPIC	2.1836496848468e-09
Endothelial|EPIC	0.0370908137279817
Macrophages|EPIC	0.0179112267749282
NKcells|EPIC	3.06197512076485e-10
otherCells|EPIC	0.772793531011372
B_cell|TIMER	0.0974027437172825
T_cell.CD4|TIMER	0.0893906563869482
T_cell.CD8|TIMER	0.205642647531491
Neutrophil|TIMER	0.106700317982973
Macrophage|TIMER	0.0480559347519208
DC|TIMER	0.452807699629384
DC|ImmuCellAI	0.115273775216138
Bcell|ImmuCellAI	0.125840537944284
Monocyte|ImmuCellAI	0.0682036503362152
Macrophage|ImmuCellAI	0.110470701248799
NK|ImmuCellAI	0.151777137367915
Neutrophil|ImmuCellAI	0.101825168107589
CD4_T|ImmuCellAI	0.048030739673391
CD8_T|ImmuCellAI	0.0682036503362152
NKT|ImmuCellAI	0.108549471661864
Gamma_delta|ImmuCellAI	0.0624399615754083
CD4_naive|ImmuCellAI	0.000960614793467819
Tr1|ImmuCellAI	0.00768491834774256
nTreg|ImmuCellAI	0.00384245917387128
iTreg|ImmuCellAI	0.00288184438040346
Th1|ImmuCellAI	0.00192122958693564
Th2|ImmuCellAI	0.00288184438040346
Th17|ImmuCellAI	0.00288184438040346
Tfh|ImmuCellAI	0.00192122958693564
CD8_naive|ImmuCellAI	0.00384245917387128
Cytotoxic|ImmuCellAI	0.0048030739673391
Exhausted|ImmuCellAI	0.00192122958693564
MAIT|ImmuCellAI	0.00384245917387128
Monocytes C|ABIS	0.578408647851962
NK|ABIS	0.00419453382405237
T CD8 Memory|ABIS	0.0281492208621288
T CD4 Naive|ABIS	0.139246526334732
MAIT|ABIS	0.0118252434671957
Neutrophils LD|ABIS	0.156813011195421
Basophils LD|ABIS	0.0119109336372478
B Memory|ABIS	0.0406171406047155
pDCs|ABIS	0.0288347422225459