TCGA_ACC	TCGA-OR-A5JW
B cells memory|CIBERSORT.x	0.0157038265154437
T cells CD8|CIBERSORT.x	0.0855444251735961
T cells CD4 memory resting|CIBERSORT.x	0.214727980735529
T cells follicular helper|CIBERSORT.x	0.00295263328344819
NK cells activated|CIBERSORT.x	0.0944438246431447
Monocytes|CIBERSORT.x	0.122210965981897
Macrophages M1|CIBERSORT.x	0.0204828175776619
Macrophages M2|CIBERSORT.x	0.388093994300453
Dendritic cells activated|CIBERSORT.x	0.0293951092044106
Mast cells activated|CIBERSORT.x	0.0264444225844155
B cells memory|CIBERSORT.y	0.0157038265154437
T cells CD8|CIBERSORT.y	0.0855444251735961
T cells CD4 memory resting|CIBERSORT.y	0.214727980735529
T cells follicular helper|CIBERSORT.y	0.00295263328344819
NK cells activated|CIBERSORT.y	0.0944438246431447
Monocytes|CIBERSORT.y	0.122210965981897
Macrophages M1|CIBERSORT.y	0.0204828175776619
Macrophages M2|CIBERSORT.y	0.388093994300453
Dendritic cells activated|CIBERSORT.y	0.0293951092044106
Mast cells activated|CIBERSORT.y	0.0264444225844155
aDC|xCell	0.041243871206362
Astrocytes|xCell	1.35787626071352e-17
B-cells|xCell	0.0372576672981051
Basophils|xCell	0.0473552440618503
CD4+ T-cells|xCell	1.09024886517353e-18
CD4+ Tcm|xCell	0.012780940254353
CD4+ Tem|xCell	0.0181188646706902
CD8+ naive T-cells|xCell	6.8051809461619e-19
CD8+ T-cells|xCell	0.00362758273600768
CD8+ Tcm|xCell	6.25172551259242e-19
CD8+ Tem|xCell	4.92001779639353e-18
cDC|xCell	0.00277119694088077
Chondrocytes|xCell	4.95819898947628e-18
Class-switched memory B-cells|xCell	0.0213965009309776
CLP|xCell	0.0100445473437455
CMP|xCell	0.0114045376814676
DC|xCell	0.000371207518165956
Endothelial cells|xCell	0.0859176821911653
Eosinophils|xCell	0.00134167576488647
Epithelial cells|xCell	0.0065292415970978
Fibroblasts|xCell	0.0497655014728838
GMP|xCell	0.0228320739686911
Hepatocytes|xCell	0.00125566409279684
HSC|xCell	0.0250192004521193
iDC|xCell	5.99333601898703e-18
Keratinocytes|xCell	4.15131515880464e-19
ly Endothelial cells|xCell	0.011843510027443
Macrophages|xCell	0.0142556941956885
Macrophages M1|xCell	0.0142776750428528
Macrophages M2|xCell	0.0120479352885402
Mast cells|xCell	0.0118936130683117
Melanocytes|xCell	0.00168262993580751
MEP|xCell	0.00490322602992635
Mesangial cells|xCell	0.0320142328998699
Monocytes|xCell	0.0100296199857831
MPP|xCell	2.27204172717637e-18
MSC|xCell	0.0572226356491786
mv Endothelial cells|xCell	0.0418306065899295
Myocytes|xCell	6.30855195460077e-19
Neurons|xCell	0.0162835447693024
Neutrophils|xCell	0.000712424364247299
NK cells|xCell	1.55803337828906e-19
NKT|xCell	0.0212577331011712
Osteoblast|xCell	0.0773944556933134
pDC|xCell	0.0131400574125426
Pericytes|xCell	0.125715340884575
Plasma cells|xCell	0.0144165164506392
Platelets|xCell	0.00751648822514468
Preadipocytes|xCell	0.0599124014729535
Skeletal muscle|xCell	3.47202838314806e-19
Smooth muscle|xCell	0.0250781409489135
Tgd cells|xCell	1.5222520841692e-18
Th1 cells|xCell	0.0107044522498831
Tregs|xCell	0.0168338655317363
T cells|MCPcounter	0.025994213066459
CD8 T cells|MCPcounter	0.000462709051985865
Cytotoxic lymphocytes|MCPcounter	0.0259357235236299
B lineage|MCPcounter	0.132976471148751
NK cells|MCPcounter	0.0054757457555873
Monocytic lineage|MCPcounter	0.0963065096650462
Myeloid dendritic cells|MCPcounter	0.0459710503478381
Neutrophils|MCPcounter	0.105859424782221
Endothelial cells|MCPcounter	0.248267674909038
Fibroblasts|MCPcounter	0.312750477749443
B cells|quanTIseq	0.0142481972788755
Macrophages M2|quanTIseq	0.106204025255952
Neutrophils|quanTIseq	0.0420233142190854
NK cells|quanTIseq	0.0187476880150523
T cells CD4|quanTIseq	0.0517770545745798
Tregs|quanTIseq	0.00163215890946579
Dendritic cells|quanTIseq	0.000565518064276489
other|quanTIseq	0.764802043682713
Bcells|EPIC	6.19312747288772e-05
CAFs|EPIC	0.00287415906049
CD4_Tcells|EPIC	0.282212801128614
CD8_Tcells|EPIC	2.0265826087107e-09
Endothelial|EPIC	0.027257773484838
Macrophages|EPIC	0.0147684094405072
NKcells|EPIC	2.23938095667963e-10
otherCells|EPIC	0.672824923360301
B_cell|TIMER	0.100409407278765
T_cell.CD4|TIMER	0.0945643293257199
T_cell.CD8|TIMER	0.197171656791075
Neutrophil|TIMER	0.10431339394953
Macrophage|TIMER	0.044805929351067
DC|TIMER	0.458735283303842
B_cells|ConsensusTME	0.0124625949278464
Cytotoxic_cells|ConsensusTME	0.0367781834281055
Dendritic_cells|ConsensusTME	0.0607003363547598
Eosinophils|ConsensusTME	0.0623145669970422
Macrophages|ConsensusTME	0.0958142131147701
Mast_cells|ConsensusTME	0.0207441387313472
NK_cells|ConsensusTME	0.0134372982823135
Neutrophils|ConsensusTME	0.0677550297793036
T_cells_CD4|ConsensusTME	0.0254033563409646
T_cells_CD8|ConsensusTME	0.0280453405255789
T_cells_gamma_delta|ConsensusTME	0.0174838977469233
T_regulatory_cells|ConsensusTME	0.0258108328453237
Macrophages_M1|ConsensusTME	0.0732781033477134
Macrophages_M2|ConsensusTME	0.118145961160626
Endothelial|ConsensusTME	0.149496155128615
Fibroblasts|ConsensusTME	0.087213370556768
Monocytes|ConsensusTME	0.0991103524005382
Plasma_cells|ConsensusTME	0.00600626833146015
DC|ImmuCellAI	0.103710751665081
Bcell|ImmuCellAI	0.113225499524263
Monocyte|ImmuCellAI	0.0532825880114177
Macrophage|ImmuCellAI	0.118934348239772
NK|ImmuCellAI	0.15128449096099
Neutrophil|ImmuCellAI	0.116079923882017
CD4_T|ImmuCellAI	0.0837297811607992
CD8_T|ImmuCellAI	0.0180780209324453
NKT|ImmuCellAI	0.153187440532826
Gamma_delta|ImmuCellAI	0.0409134157944814
CD4_naive|ImmuCellAI	0.00380589914367269
Tr1|ImmuCellAI	0.0104662226450999
nTreg|ImmuCellAI	0.00380589914367269
iTreg|ImmuCellAI	0.00285442435775452
Th1|ImmuCellAI	0.00285442435775452
Th2|ImmuCellAI	0.00951474785918173
Th17|ImmuCellAI	0.0104662226450999
Tfh|ImmuCellAI	0.000951474785918173
CD8_naive|ImmuCellAI	0.000951474785918173
Cytotoxic|ImmuCellAI	0.00190294957183635
Monocytes C|ABIS	0.367193605182137
NK|ABIS	0.00332357288793063
T CD8 Memory|ABIS	0.00528193878223536
T CD4 Naive|ABIS	0.13652069936259
T CD8 Naive|ABIS	0.00636468915649038
MAIT|ABIS	0.0291871840016571
Neutrophils LD|ABIS	0.0921750101213622
T gd non-Vd2|ABIS	0.00208076376269878
Basophils LD|ABIS	0.031540989163081
Monocytes NC+I|ABIS	0.128047000781463
B Memory|ABIS	0.0796527666625867
mDCs|ABIS	0.0780521791528185
pDCs|ABIS	0.040579600982949