TCGA_ACC	TCGA-PA-A5YG
B cells naive|CIBERSORT.x	0.0139454703261247
T cells CD8|CIBERSORT.x	0.245749662932833
T cells CD4 memory resting|CIBERSORT.x	0.20599001894184
NK cells activated|CIBERSORT.x	0.142047466322022
Monocytes|CIBERSORT.x	0.055743576745238
Macrophages M1|CIBERSORT.x	0.0124771621274725
Macrophages M2|CIBERSORT.x	0.272371559214037
Dendritic cells resting|CIBERSORT.x	0.00296714732699044
Mast cells resting|CIBERSORT.x	0.00921616611440796
Mast cells activated|CIBERSORT.x	0.0394917699490337
B cells naive|CIBERSORT.y	0.0139454703261247
T cells CD8|CIBERSORT.y	0.245749662932833
T cells CD4 memory resting|CIBERSORT.y	0.20599001894184
NK cells activated|CIBERSORT.y	0.142047466322022
Monocytes|CIBERSORT.y	0.055743576745238
Macrophages M1|CIBERSORT.y	0.0124771621274725
Macrophages M2|CIBERSORT.y	0.272371559214037
Dendritic cells resting|CIBERSORT.y	0.00296714732699044
Mast cells resting|CIBERSORT.y	0.00921616611440796
Mast cells activated|CIBERSORT.y	0.0394917699490337
aDC|xCell	0.0287491174088959
Adipocytes|xCell	0.00990421782310069
Astrocytes|xCell	2.83045023193787e-18
B-cells|xCell	0.0114532120178205
Basophils|xCell	3.46710146628841e-19
CD4+ memory T-cells|xCell	0.00979528414422346
CD4+ naive T-cells|xCell	0.00612170677749247
CD4+ T-cells|xCell	8.5197655931944e-20
CD4+ Tcm|xCell	0.00113561281725522
CD4+ Tem|xCell	0.0520474923951081
CD8+ naive T-cells|xCell	1.39741560373535e-19
CD8+ T-cells|xCell	0.026506641532187
CD8+ Tcm|xCell	0.0471734477025339
CD8+ Tem|xCell	0.0165709585718482
cDC|xCell	0.0772653992319978
Chondrocytes|xCell	0.000547129711168209
Class-switched memory B-cells|xCell	0.0110068878395176
CLP|xCell	0.00580633102156213
CMP|xCell	0.0137204319649594
DC|xCell	0.0142681563840144
Endothelial cells|xCell	0.0433089086663371
Epithelial cells|xCell	0.014652571398136
Fibroblasts|xCell	0.0401565959168767
GMP|xCell	0.0176569528620963
Hepatocytes|xCell	1.98418723406228e-19
HSC|xCell	0.0494417718158896
iDC|xCell	0.130333139100343
Keratinocytes|xCell	6.07468428893877e-20
ly Endothelial cells|xCell	0.0139940405287125
Macrophages|xCell	0.0232560186528923
Macrophages M1|xCell	0.0164664056392956
Macrophages M2|xCell	0.00947756625463193
Mast cells|xCell	0.0311230371685488
Megakaryocytes|xCell	0.000485284477104029
Melanocytes|xCell	0.00234175282459626
Memory B-cells|xCell	0.00180481297629658
MEP|xCell	0.0203262295021834
Mesangial cells|xCell	0.00457939374494102
Monocytes|xCell	0.0241767677403691
MSC|xCell	1.20528079341858e-19
mv Endothelial cells|xCell	0.0172015410796879
Myocytes|xCell	1.47524071388085e-19
naive B-cells|xCell	0.000505728385478219
Neurons|xCell	0.00502471799127395
NKT|xCell	0.069992243515665
Osteoblast|xCell	1.52345650882068e-19
pDC|xCell	0.00859731191445859
Pericytes|xCell	0.0212859420275021
Plasma cells|xCell	0.00481634711586846
Preadipocytes|xCell	2.92763077111231e-18
pro B-cells|xCell	3.37716471656939e-19
Skeletal muscle|xCell	1.52235149459861e-18
Smooth muscle|xCell	0.0766890024363997
Th1 cells|xCell	4.9868862832688e-19
Th2 cells|xCell	0.00226076778934452
Tregs|xCell	0.0179731211313858
T cells|MCPcounter	0.0697742453552233
CD8 T cells|MCPcounter	0.0271272523968806
Cytotoxic lymphocytes|MCPcounter	0.0754080284373369
B lineage|MCPcounter	0.132118719783436
NK cells|MCPcounter	0.0164717911505427
Monocytic lineage|MCPcounter	0.140774254201828
Myeloid dendritic cells|MCPcounter	0.0941138862530337
Neutrophils|MCPcounter	0.0540367409714268
Endothelial cells|MCPcounter	0.166198392654589
Fibroblasts|MCPcounter	0.223976688795703
B cells|quanTIseq	0.0254120138905914
Macrophages M1|quanTIseq	0.00274884748188244
Macrophages M2|quanTIseq	0.0677462082899684
Neutrophils|quanTIseq	0.128554120068342
NK cells|quanTIseq	0.0244364055258756
T cells CD4|quanTIseq	0.0128519761252881
T cells CD8|quanTIseq	0.0066013334144445
Tregs|quanTIseq	0.00399743529819112
other|quanTIseq	0.727651659905416
Bcells|EPIC	0.00343555148947375
CAFs|EPIC	0.0038435051822215
CD4_Tcells|EPIC	0.0595487363701798
CD8_Tcells|EPIC	2.08016385198727e-07
Endothelial|EPIC	0.0671057784068594
Macrophages|EPIC	0.225009741291082
NKcells|EPIC	1.83397468452907e-08
otherCells|EPIC	0.641056460904051
B_cell|TIMER	0.0821494053375414
T_cell.CD4|TIMER	0.107076193675931
T_cell.CD8|TIMER	0.198879585373512
Neutrophil|TIMER	0.0967256593205371
Macrophage|TIMER	0.137103301368637
DC|TIMER	0.378065854923841
B_cells|ConsensusTME	0.0321122339211741
Cytotoxic_cells|ConsensusTME	0.0520486151151283
Dendritic_cells|ConsensusTME	0.0578004062584527
Eosinophils|ConsensusTME	0.0610591964636511
Macrophages|ConsensusTME	0.0630737737498577
Mast_cells|ConsensusTME	0.0516378220398484
NK_cells|ConsensusTME	0.0490572977127544
Neutrophils|ConsensusTME	0.0470899937259125
T_cells_CD4|ConsensusTME	0.0542204720325693
T_cells_CD8|ConsensusTME	0.054017909874311
T_cells_gamma_delta|ConsensusTME	0.0538086405016981
T_regulatory_cells|ConsensusTME	0.0596106020582313
Macrophages_M1|ConsensusTME	0.0590097216882733
Macrophages_M2|ConsensusTME	0.0737350600876703
Endothelial|ConsensusTME	0.0748425149346682
Fibroblasts|ConsensusTME	0.0609883248029065
Monocytes|ConsensusTME	0.065205235794244
Plasma_cells|ConsensusTME	0.030682179238649
DC|ImmuCellAI	0.0483412322274882
Bcell|ImmuCellAI	0.0691943127962085
Monocyte|ImmuCellAI	0.13175355450237
Macrophage|ImmuCellAI	0.0805687203791469
NK|ImmuCellAI	0.177251184834123
Neutrophil|ImmuCellAI	0.0369668246445498
CD4_T|ImmuCellAI	0.0549763033175356
CD8_T|ImmuCellAI	0.107109004739337
NKT|ImmuCellAI	0.16303317535545
Gamma_delta|ImmuCellAI	0.0777251184834123
CD4_naive|ImmuCellAI	0.0018957345971564
Tr1|ImmuCellAI	0.00758293838862559
nTreg|ImmuCellAI	0.004739336492891
iTreg|ImmuCellAI	0.0037914691943128
Th1|ImmuCellAI	0.000947867298578199
Th2|ImmuCellAI	0.0028436018957346
Th17|ImmuCellAI	0.0018957345971564
Tfh|ImmuCellAI	0.004739336492891
CD8_naive|ImmuCellAI	0.0028436018957346
Cytotoxic|ImmuCellAI	0.00758293838862559
Exhausted|ImmuCellAI	0.004739336492891
MAIT|ImmuCellAI	0.00947867298578199
Monocytes C|ABIS	0.165365335285776
T CD8 Memory|ABIS	0.140944294209818
T CD4 Naive|ABIS	0.253513664502807
T CD4 Memory|ABIS	0.00921022120579006
MAIT|ABIS	0.0290726679475697
T gd Vd2|ABIS	0.00196763816669151
Neutrophils LD|ABIS	0.0420972231880809
T gd non-Vd2|ABIS	0.012536134418992
Basophils LD|ABIS	0.00453533619982087
Monocytes NC+I|ABIS	0.207927721161018
B Memory|ABIS	0.0460511060289503
mDCs|ABIS	0.0746586112893589
pDCs|ABIS	0.0119779391943987
Plasmablasts|ABIS	0.00014210720092772