TCGA_ACC	TCGA-OR-A5KW
B cells memory|CIBERSORT.x	0.0316526334962091
T cells CD8|CIBERSORT.x	0.126920114577206
T cells CD4 naive|CIBERSORT.x	0.0507846967083284
T cells CD4 memory resting|CIBERSORT.x	0.29446713507096
NK cells resting|CIBERSORT.x	0.085608484019201
NK cells activated|CIBERSORT.x	0.0422391185519175
Monocytes|CIBERSORT.x	0.133330213663645
Macrophages M0|CIBERSORT.x	0.0797005940383787
Macrophages M2|CIBERSORT.x	0.0235455058996637
Dendritic cells activated|CIBERSORT.x	0.0258825746321214
Mast cells resting|CIBERSORT.x	0.0515772107642345
Eosinophils|CIBERSORT.x	0.0542917185781343
B cells memory|CIBERSORT.y	0.0316526334962091
T cells CD8|CIBERSORT.y	0.126920114577206
T cells CD4 naive|CIBERSORT.y	0.0507846967083284
T cells CD4 memory resting|CIBERSORT.y	0.29446713507096
NK cells resting|CIBERSORT.y	0.085608484019201
NK cells activated|CIBERSORT.y	0.0422391185519175
Monocytes|CIBERSORT.y	0.133330213663645
Macrophages M0|CIBERSORT.y	0.0797005940383787
Macrophages M2|CIBERSORT.y	0.0235455058996637
Dendritic cells activated|CIBERSORT.y	0.0258825746321214
Mast cells resting|CIBERSORT.y	0.0515772107642345
Eosinophils|CIBERSORT.y	0.0542917185781343
aDC|xCell	0.0191107324539983
Adipocytes|xCell	0.00225754466782911
Basophils|xCell	0.0519489072053545
CD4+ T-cells|xCell	7.57791045213765e-18
CD4+ Tem|xCell	8.73649103773667e-19
CD8+ T-cells|xCell	8.35540663855001e-19
CD8+ Tcm|xCell	7.49429124733622e-19
CD8+ Tem|xCell	1.70542710238733e-17
cDC|xCell	0.0136821747692161
Chondrocytes|xCell	0.00940592804774864
CLP|xCell	0.0262671502225157
CMP|xCell	0.00214071589126085
DC|xCell	0.000209135255127143
Endothelial cells|xCell	0.0306341928586639
Epithelial cells|xCell	0.019003700638693
Erythrocytes|xCell	4.69654585644096e-20
Fibroblasts|xCell	0.0499040440893275
GMP|xCell	0.0520329534106507
HSC|xCell	0.147107836597321
iDC|xCell	0.00212713332411983
ly Endothelial cells|xCell	4.58258405708339e-05
Macrophages|xCell	0.0126142590828114
Macrophages M1|xCell	0.0133615440421219
Macrophages M2|xCell	0.00348274563990906
Mast cells|xCell	0.000223931755124395
Megakaryocytes|xCell	3.36579273271804e-21
Melanocytes|xCell	0.00845801056158591
MEP|xCell	1.48816925256135e-18
Mesangial cells|xCell	0.025389962877171
MSC|xCell	0.136335927575366
mv Endothelial cells|xCell	0.00993353134850863
Myocytes|xCell	0.0188149477088002
naive B-cells|xCell	4.74050358195869e-19
Neurons|xCell	0.0328259994343507
Neutrophils|xCell	1.17528894681729e-21
NKT|xCell	0.04858707621257
Osteoblast|xCell	0.00375783507503787
Plasma cells|xCell	0.0148125091616332
Platelets|xCell	5.47373019870144e-18
pro B-cells|xCell	4.26990770159797e-18
Sebocytes|xCell	2.91374279743409e-05
Skeletal muscle|xCell	0.00479703946803635
Smooth muscle|xCell	0.201887700794706
Tgd cells|xCell	1.46780629954443e-18
Th1 cells|xCell	0.0240849567837712
Th2 cells|xCell	0.0147249097781244
T cells|MCPcounter	0.042885844336765
CD8 T cells|MCPcounter	0.00131602246666607
Cytotoxic lymphocytes|MCPcounter	0.0260848489657493
B lineage|MCPcounter	0.106955140425874
NK cells|MCPcounter	0.00414600943402034
Monocytic lineage|MCPcounter	0.0648903942477491
Myeloid dendritic cells|MCPcounter	0.0694059811986249
Neutrophils|MCPcounter	0.116835465803361
Endothelial cells|MCPcounter	0.19453554821853
Fibroblasts|MCPcounter	0.372944744902661
Macrophages M2|quanTIseq	0.0301504640979396
Monocytes|quanTIseq	0.0766782222843543
NK cells|quanTIseq	0.0183119212489058
T cells CD4|quanTIseq	0.101639364229215
Tregs|quanTIseq	0.0066775438858037
other|quanTIseq	0.766542484253782
Bcells|EPIC	0.00157700531751866
CAFs|EPIC	0.00758301063431649
CD4_Tcells|EPIC	0.0382596726893402
CD8_Tcells|EPIC	0.00666002979440288
Endothelial|EPIC	0.0186703093023483
Macrophages|EPIC	0.0126529416803801
NKcells|EPIC	5.07764128876367e-11
otherCells|EPIC	0.914597030530917
B_cell|TIMER	0.0959229843468663
T_cell.CD4|TIMER	0.0875486895524037
T_cell.CD8|TIMER	0.206835470400979
Neutrophil|TIMER	0.106570191641472
Macrophage|TIMER	0.0418997395109438
DC|TIMER	0.461222924547335
B_cells|ConsensusTME	0.00672694523820285
Cytotoxic_cells|ConsensusTME	0.0548607813448278
Dendritic_cells|ConsensusTME	0.060071070855516
Eosinophils|ConsensusTME	0.0538424097517818
Macrophages|ConsensusTME	0.0896344825193526
Mast_cells|ConsensusTME	0.0374072162555148
NK_cells|ConsensusTME	0.0186628758765268
Neutrophils|ConsensusTME	0.0249090934594796
T_cells_CD4|ConsensusTME	0.0310157506806553
T_cells_CD8|ConsensusTME	0.0289203120289943
T_cells_gamma_delta|ConsensusTME	0.0310027388953239
T_regulatory_cells|ConsensusTME	0.0425944897199312
Macrophages_M1|ConsensusTME	0.0741842528454371
Macrophages_M2|ConsensusTME	0.108050079013866
Endothelial|ConsensusTME	0.133825155081949
Fibroblasts|ConsensusTME	0.112948790595596
Monocytes|ConsensusTME	0.0652516052874792
Plasma_cells|ConsensusTME	0.0260919505495652
DC|ImmuCellAI	0.151873767258383
Bcell|ImmuCellAI	0.111439842209073
Monocyte|ImmuCellAI	0.0976331360946746
Macrophage|ImmuCellAI	0.0848126232741617
NK|ImmuCellAI	0.146942800788955
Neutrophil|ImmuCellAI	0.11439842209073
CD4_T|ImmuCellAI	0.019723865877712
CD8_T|ImmuCellAI	0.0305719921104536
NKT|ImmuCellAI	0.126232741617357
Gamma_delta|ImmuCellAI	0.102564102564103
CD4_naive|ImmuCellAI	0.000986193293885602
Tr1|ImmuCellAI	0.0019723865877712
nTreg|ImmuCellAI	0.0019723865877712
iTreg|ImmuCellAI	0.000986193293885602
Th1|ImmuCellAI	0.000986193293885602
Th2|ImmuCellAI	0.0019723865877712
Th17|ImmuCellAI	0.000986193293885602
Tfh|ImmuCellAI	0.000986193293885602
CD8_naive|ImmuCellAI	0.000986193293885602
Cytotoxic|ImmuCellAI	0.0019723865877712
Monocytes C|ABIS	0.351464935764175
NK|ABIS	0.00399656345396142
T CD8 Memory|ABIS	0.043289180031474
T CD4 Naive|ABIS	0.186949433917114
MAIT|ABIS	0.00531767278697569
Neutrophils LD|ABIS	0.278346934943259
Basophils LD|ABIS	0.0148728660760726
Monocytes NC+I|ABIS	0.0215199570597922
B Memory|ABIS	0.0293302889656628
mDCs|ABIS	0.0181964115679324
pDCs|ABIS	0.0465296368860373
Plasmablasts|ABIS	0.000186118547544149