TCGA_ACC	TCGA-OU-A5PI
B cells naive|CIBERSORT.x	0.00124892061446093
T cells CD8|CIBERSORT.x	0.202971311537994
T cells CD4 memory resting|CIBERSORT.x	0.152701190855764
NK cells activated|CIBERSORT.x	0.135857172019623
Monocytes|CIBERSORT.x	0.0805842189299805
Macrophages M1|CIBERSORT.x	0.0310347301332776
Macrophages M2|CIBERSORT.x	0.287710638332084
Mast cells activated|CIBERSORT.x	0.103940123162383
Eosinophils|CIBERSORT.x	0.00395169441443308
B cells naive|CIBERSORT.y	0.00124892061446093
T cells CD8|CIBERSORT.y	0.202971311537994
T cells CD4 memory resting|CIBERSORT.y	0.152701190855764
NK cells activated|CIBERSORT.y	0.135857172019623
Monocytes|CIBERSORT.y	0.0805842189299805
Macrophages M1|CIBERSORT.y	0.0310347301332776
Macrophages M2|CIBERSORT.y	0.287710638332084
Mast cells activated|CIBERSORT.y	0.103940123162383
Eosinophils|CIBERSORT.y	0.00395169441443308
aDC|xCell	0.0390479732075818
Adipocytes|xCell	0.00301420062209495
Basophils|xCell	0.0586869819429906
CD4+ memory T-cells|xCell	1.23041452181678e-18
CD4+ naive T-cells|xCell	1.9865425908261e-18
CD4+ T-cells|xCell	3.44325679760923e-18
CD4+ Tcm|xCell	0.0137011517220066
CD8+ Tcm|xCell	0.00327320090520793
CD8+ Tem|xCell	5.67825620510159e-18
cDC|xCell	0.017713750532981
Chondrocytes|xCell	0.0162266390720837
Class-switched memory B-cells|xCell	0.00484886606228128
CLP|xCell	0.00526436640516224
CMP|xCell	0.00402521181896262
DC|xCell	4.60395990191921e-20
Endothelial cells|xCell	0.0108310442303674
Eosinophils|xCell	6.03416116992512e-19
Epithelial cells|xCell	0.00103681202225867
Fibroblasts|xCell	0.165956302309192
GMP|xCell	0.0228370670746698
Hepatocytes|xCell	0.00046236926336119
HSC|xCell	0.180517808229816
Keratinocytes|xCell	9.50540073207039e-20
ly Endothelial cells|xCell	0.00010908486724488
Macrophages|xCell	0.00750587113721657
Macrophages M1|xCell	0.00952689089434277
Macrophages M2|xCell	1.93645990354474e-21
Mast cells|xCell	0.00484756386746991
Melanocytes|xCell	0.00488107115022249
MEP|xCell	0.0242454278156394
Mesangial cells|xCell	0.00823385825004514
MSC|xCell	0.0764773255197908
mv Endothelial cells|xCell	0.000743947848823519
Myocytes|xCell	1.27865426595404e-18
Neurons|xCell	0.0334249795104733
NKT|xCell	0.0199858867144035
Osteoblast|xCell	0.0553126551302863
Pericytes|xCell	0.0505052623820529
Plasma cells|xCell	0.00490552828753495
Platelets|xCell	2.48316378574494e-18
Preadipocytes|xCell	1.49741024631228e-17
pro B-cells|xCell	3.20632520787146e-18
Smooth muscle|xCell	0.140416969293517
Th1 cells|xCell	0.0076793218405631
Th2 cells|xCell	0.00106419928344119
Tregs|xCell	0.00269041078591475
T cells|MCPcounter	0.0670786943534888
CD8 T cells|MCPcounter	0.00543236519125199
Cytotoxic lymphocytes|MCPcounter	0.032634195683667
B lineage|MCPcounter	0.103632789193421
NK cells|MCPcounter	0.00486363990473833
Monocytic lineage|MCPcounter	0.0905234065868307
Myeloid dendritic cells|MCPcounter	0.0598484319077111
Neutrophils|MCPcounter	0.0738609649872525
Endothelial cells|MCPcounter	0.172269746381119
Fibroblasts|MCPcounter	0.389855765810519
B cells|quanTIseq	0.023107139776847
Macrophages M2|quanTIseq	0.046659027222728
Monocytes|quanTIseq	0.0616373046914866
NK cells|quanTIseq	0.0304915929536596
T cells CD4|quanTIseq	0.0372682974345316
T cells CD8|quanTIseq	0.00378899775020568
Tregs|quanTIseq	0.00149745627397079
other|quanTIseq	0.795550183896571
Bcells|EPIC	0.00246812088049282
CAFs|EPIC	0.0265915146109909
CD4_Tcells|EPIC	0.155454635232924
CD8_Tcells|EPIC	1.93165857317123e-07
Endothelial|EPIC	0.0270517343336062
Macrophages|EPIC	0.0435891525066472
NKcells|EPIC	5.2198318080217e-10
otherCells|EPIC	0.744844648747498
B_cell|TIMER	0.104504238025015
T_cell.CD4|TIMER	0.0895809278201473
T_cell.CD8|TIMER	0.200153138494721
Neutrophil|TIMER	0.102514420869501
Macrophage|TIMER	0.0431990197034487
DC|TIMER	0.460048255087166
B_cells|ConsensusTME	0.00932190982514873
Cytotoxic_cells|ConsensusTME	0.0409896537319217
Dendritic_cells|ConsensusTME	0.0567396103407044
Eosinophils|ConsensusTME	0.057900196942861
Macrophages|ConsensusTME	0.0779569254185112
Mast_cells|ConsensusTME	0.0330930025042064
NK_cells|ConsensusTME	0.0309255597102726
Neutrophils|ConsensusTME	0.0465393862663727
T_cells_CD4|ConsensusTME	0.041371392057949
T_cells_CD8|ConsensusTME	0.0397882672334958
T_cells_gamma_delta|ConsensusTME	0.0357545646377783
T_regulatory_cells|ConsensusTME	0.0466492390581521
Macrophages_M1|ConsensusTME	0.0666252463901431
Macrophages_M2|ConsensusTME	0.104253075466243
Endothelial|ConsensusTME	0.113302107889681
Fibroblasts|ConsensusTME	0.119182840093161
Monocytes|ConsensusTME	0.0783075403539791
Plasma_cells|ConsensusTME	0.00129948207941784
DC|ImmuCellAI	0.0913461538461538
Bcell|ImmuCellAI	0.110576923076923
Monocyte|ImmuCellAI	0.119230769230769
Macrophage|ImmuCellAI	0.0692307692307692
NK|ImmuCellAI	0.169230769230769
Neutrophil|ImmuCellAI	0.0846153846153846
CD4_T|ImmuCellAI	0.0336538461538462
CD8_T|ImmuCellAI	0.103846153846154
NKT|ImmuCellAI	0.119230769230769
Gamma_delta|ImmuCellAI	0.0605769230769231
Tr1|ImmuCellAI	0.00384615384615385
nTreg|ImmuCellAI	0.00288461538461538
iTreg|ImmuCellAI	0.00288461538461538
Th1|ImmuCellAI	0.00192307692307692
Th2|ImmuCellAI	0.00192307692307692
Th17|ImmuCellAI	0.000961538461538461
Tfh|ImmuCellAI	0.00192307692307692
CD8_naive|ImmuCellAI	0.00192307692307692
Cytotoxic|ImmuCellAI	0.00480769230769231
Exhausted|ImmuCellAI	0.00673076923076923
MAIT|ImmuCellAI	0.00865384615384615
Monocytes C|ABIS	0.78329783119809
NK|ABIS	0.0042970884156635
T CD8 Memory|ABIS	0.026764722131847
T CD4 Naive|ABIS	0.140207856305363
MAIT|ABIS	0.000739099207494122
Neutrophils LD|ABIS	0.000753832082062111
Basophils LD|ABIS	0.00586859503624901
B Memory|ABIS	0.0213872229145309
pDCs|ABIS	0.0165990386799344
Plasmablasts|ABIS	8.47140287659376e-05