TCGA_ACC	TCGA-OR-A5JI
B cells naive|CIBERSORT.x	0.0568685351284083
T cells CD8|CIBERSORT.x	0.332138101626233
T cells regulatory (Tregs)|CIBERSORT.x	0.0994522538848951
NK cells activated|CIBERSORT.x	0.0961456320350408
Monocytes|CIBERSORT.x	0.0312515856210985
Macrophages M1|CIBERSORT.x	0.037800964320698
Macrophages M2|CIBERSORT.x	0.306045898556776
Dendritic cells resting|CIBERSORT.x	0.0315943847398622
Mast cells resting|CIBERSORT.x	0.00870264408698725
B cells naive|CIBERSORT.y	0.0568685351284083
T cells CD8|CIBERSORT.y	0.332138101626233
T cells regulatory (Tregs)|CIBERSORT.y	0.0994522538848951
NK cells activated|CIBERSORT.y	0.0961456320350408
Monocytes|CIBERSORT.y	0.0312515856210985
Macrophages M1|CIBERSORT.y	0.037800964320698
Macrophages M2|CIBERSORT.y	0.306045898556776
Dendritic cells resting|CIBERSORT.y	0.0315943847398622
Mast cells resting|CIBERSORT.y	0.00870264408698725
aDC|xCell	0.110907262621452
Adipocytes|xCell	0.00236342144189442
Astrocytes|xCell	1.59730417178881e-18
Basophils|xCell	0.00118012678203078
CD4+ memory T-cells|xCell	0.000837086779866198
CD4+ naive T-cells|xCell	0.0091615714701615
CD4+ T-cells|xCell	1.54522838477475e-19
CD4+ Tem|xCell	0.00506903210402337
CD8+ T-cells|xCell	0.0117118657253921
CD8+ Tcm|xCell	0.0280717177799301
CD8+ Tem|xCell	0.00982582418972102
cDC|xCell	0.0817008687062492
Chondrocytes|xCell	0.0224942322332014
Class-switched memory B-cells|xCell	0.00634436968387093
CLP|xCell	0.00141839172396546
CMP|xCell	0.00747529340832033
DC|xCell	0.0229881360489946
Endothelial cells|xCell	0.048105259050952
Epithelial cells|xCell	0.00842533350529088
Fibroblasts|xCell	0.119284013049372
GMP|xCell	0.00243156272340454
HSC|xCell	0.0985250657876726
iDC|xCell	0.100937436487471
Keratinocytes|xCell	0.000291474846708728
ly Endothelial cells|xCell	0.0190465861592379
Macrophages|xCell	0.00388009740599655
Macrophages M1|xCell	0.00337115178947756
Macrophages M2|xCell	0.0062637064647949
Mast cells|xCell	7.47312174315702e-21
Megakaryocytes|xCell	0.00282729628831715
Melanocytes|xCell	0.000778398391114268
Memory B-cells|xCell	4.00837971017278e-18
MEP|xCell	0.003710897825168
Mesangial cells|xCell	0.00614127126204346
Monocytes|xCell	0.0102697664180138
MPP|xCell	2.53324490056704e-19
MSC|xCell	0.011768049476294
mv Endothelial cells|xCell	0.0196886226839622
Neurons|xCell	0.00518456346512292
Neutrophils|xCell	2.19000530240122e-21
NK cells|xCell	0.00581911555096438
NKT|xCell	0.0158087072831881
Osteoblast|xCell	2.75129762375276e-18
pDC|xCell	0.0106002185419275
Pericytes|xCell	0.0936259977286426
Plasma cells|xCell	0.00066278019072264
Platelets|xCell	6.95528693869434e-19
Preadipocytes|xCell	5.7578856103998e-19
pro B-cells|xCell	1.03044161948677e-18
Skeletal muscle|xCell	8.80124494205344e-20
Smooth muscle|xCell	0.0580693737568743
Tgd cells|xCell	2.24077320489366e-20
Th1 cells|xCell	0.000648380481707271
Th2 cells|xCell	0.0076645738843894
Tregs|xCell	0.0146210988020962
T cells|MCPcounter	0.0658301426157121
CD8 T cells|MCPcounter	0.0152884035294039
Cytotoxic lymphocytes|MCPcounter	0.0807092755783716
B lineage|MCPcounter	0.119826034581791
NK cells|MCPcounter	0.0273777691199426
Monocytic lineage|MCPcounter	0.0913338909572871
Myeloid dendritic cells|MCPcounter	0.0655686623849621
Neutrophils|MCPcounter	0.0691262504966502
Endothelial cells|MCPcounter	0.156442305445006
Fibroblasts|MCPcounter	0.308497265290873
B cells|quanTIseq	0.0116226390236156
Macrophages M2|quanTIseq	0.0757477128180585
Neutrophils|quanTIseq	0.062246402713471
NK cells|quanTIseq	0.0303415370968229
T cells CD4|quanTIseq	0.0777530144394081
T cells CD8|quanTIseq	0.00319462239246143
Tregs|quanTIseq	0.0168883292578987
Dendritic cells|quanTIseq	0.0161939154818599
other|quanTIseq	0.706011826776404
Bcells|EPIC	0.00484778835191762
CAFs|EPIC	0.00828290512717484
CD4_Tcells|EPIC	0.0452295887221168
CD8_Tcells|EPIC	0.00658122597565039
Endothelial|EPIC	0.0449144525912156
Macrophages|EPIC	0.0406024813129447
NKcells|EPIC	3.78493275155024e-10
otherCells|EPIC	0.849541557540487
B_cell|TIMER	0.0998872141544596
T_cell.CD4|TIMER	0.101606590943207
T_cell.CD8|TIMER	0.194040715379605
Neutrophil|TIMER	0.0944714188663979
Macrophage|TIMER	0.0806807017033935
DC|TIMER	0.429313358952937
B_cells|ConsensusTME	0.0333818754022032
Cytotoxic_cells|ConsensusTME	0.0593606074097241
Dendritic_cells|ConsensusTME	0.0550182844182124
Eosinophils|ConsensusTME	0.0487592318196482
Macrophages|ConsensusTME	0.0635296713316206
Mast_cells|ConsensusTME	0.0450347296433765
NK_cells|ConsensusTME	0.0528693319862375
Neutrophils|ConsensusTME	0.0343698801887258
T_cells_CD4|ConsensusTME	0.0522121055837584
T_cells_CD8|ConsensusTME	0.0549581282789249
T_cells_gamma_delta|ConsensusTME	0.0541466101231252
T_regulatory_cells|ConsensusTME	0.0610395722591694
Macrophages_M1|ConsensusTME	0.0552691278235982
Macrophages_M2|ConsensusTME	0.0733448493556914
Endothelial|ConsensusTME	0.0853870427267808
Fibroblasts|ConsensusTME	0.0723825175121835
Monocytes|ConsensusTME	0.05608105285301
Plasma_cells|ConsensusTME	0.0428553812840098
DC|ImmuCellAI	0.0968045112781955
Bcell|ImmuCellAI	0.0704887218045113
Monocyte|ImmuCellAI	0.12312030075188
Macrophage|ImmuCellAI	0.0507518796992481
NK|ImmuCellAI	0.205827067669173
Neutrophil|ImmuCellAI	0.0075187969924812
CD4_T|ImmuCellAI	0.0639097744360902
CD8_T|ImmuCellAI	0.104323308270677
NKT|ImmuCellAI	0.121240601503759
Gamma_delta|ImmuCellAI	0.0977443609022556
CD4_naive|ImmuCellAI	0.00093984962406015
Tr1|ImmuCellAI	0.0075187969924812
nTreg|ImmuCellAI	0.00845864661654135
iTreg|ImmuCellAI	0.00469924812030075
Th1|ImmuCellAI	0.00281954887218045
Th2|ImmuCellAI	0.00281954887218045
Th17|ImmuCellAI	0.00093984962406015
Tfh|ImmuCellAI	0.0056390977443609
CD8_naive|ImmuCellAI	0.00469924812030075
Cytotoxic|ImmuCellAI	0.0037593984962406
Exhausted|ImmuCellAI	0.0075187969924812
MAIT|ImmuCellAI	0.00845864661654135
Monocytes C|ABIS	0.668986782552248
NK|ABIS	0.00225399859350488
T CD8 Memory|ABIS	0.0977333790143715
T CD4 Naive|ABIS	0.1480426276214
B Naive|ABIS	0.00218187063851272
T CD4 Memory|ABIS	0.00427358133328525
T gd Vd2|ABIS	0.00243431848098527
Neutrophils LD|ABIS	0.0420145337829309
Basophils LD|ABIS	0.00380474962583623
B Memory|ABIS	0.0163730457832194
mDCs|ABIS	0.00521124474818328
pDCs|ABIS	0.00421948536704113
Plasmablasts|ABIS	0.00247038245848135