TCGA_ACC	TCGA-OR-A5J3
B cells naive|CIBERSORT.x	0.0975344123007709
Plasma cells|CIBERSORT.x	0.00937717793947854
T cells CD8|CIBERSORT.x	0.0697456601313619
T cells CD4 naive|CIBERSORT.x	0.106625402410141
T cells CD4 memory resting|CIBERSORT.x	0.0565185542465911
NK cells activated|CIBERSORT.x	0.151379874318046
Monocytes|CIBERSORT.x	0.0295631541502099
Macrophages M2|CIBERSORT.x	0.269032668959771
Dendritic cells activated|CIBERSORT.x	0.156423648582126
Mast cells resting|CIBERSORT.x	0.0537994469615038
B cells naive|CIBERSORT.y	0.0975344123007709
Plasma cells|CIBERSORT.y	0.00937717793947854
T cells CD8|CIBERSORT.y	0.0697456601313619
T cells CD4 naive|CIBERSORT.y	0.106625402410141
T cells CD4 memory resting|CIBERSORT.y	0.0565185542465911
NK cells activated|CIBERSORT.y	0.151379874318046
Monocytes|CIBERSORT.y	0.0295631541502099
Macrophages M2|CIBERSORT.y	0.269032668959771
Dendritic cells activated|CIBERSORT.y	0.156423648582126
Mast cells resting|CIBERSORT.y	0.0537994469615038
aDC|xCell	0.0328012575693645
Adipocytes|xCell	0.00263190589378755
Astrocytes|xCell	4.73781366678136e-18
B-cells|xCell	0.0043065981889817
Basophils|xCell	0.0452509622621107
CD4+ T-cells|xCell	2.99203394060554e-18
CD4+ Tcm|xCell	0.0185075768478542
CD4+ Tem|xCell	0.0090691796791105
CD8+ T-cells|xCell	3.25007701049624e-19
CD8+ Tcm|xCell	3.54209293171624e-18
CD8+ Tem|xCell	3.71259171052818e-18
cDC|xCell	4.32895703922387e-05
Chondrocytes|xCell	0.009898972738512
Class-switched memory B-cells|xCell	4.60699490090321e-20
CMP|xCell	0.00206706443376384
DC|xCell	0.00278296866097399
Endothelial cells|xCell	0.0357421372710237
Eosinophils|xCell	9.43885897719284e-19
Epithelial cells|xCell	0.0351720448406676
Fibroblasts|xCell	0.107758881013063
GMP|xCell	0.0697603186352596
Hepatocytes|xCell	0.00341369153126078
iDC|xCell	0.0155619560995297
Keratinocytes|xCell	0.000179073698346014
ly Endothelial cells|xCell	0.00182732814062003
Macrophages|xCell	0.00200244568776083
Macrophages M1|xCell	0.00572717951559453
Macrophages M2|xCell	0.00112813562174816
Mast cells|xCell	0.00164122104957559
Melanocytes|xCell	0.00241772815055297
Memory B-cells|xCell	0.00097441133054611
MEP|xCell	0.0131886809520999
Mesangial cells|xCell	0.0261547755905134
Monocytes|xCell	0.00734081270736121
MPP|xCell	0.0188996190632422
MSC|xCell	0.0585495537342458
mv Endothelial cells|xCell	0.0201412646548543
Myocytes|xCell	0.0321738134603185
Neurons|xCell	0.02841264527054
Neutrophils|xCell	0.000648019425358604
NK cells|xCell	8.51343920860234e-18
NKT|xCell	0.0599531964618932
Osteoblast|xCell	0.010849833347724
Pericytes|xCell	0.122393308443046
Plasma cells|xCell	0.0252550711157115
Platelets|xCell	0.00197383717591995
Preadipocytes|xCell	0.0301805261269363
pro B-cells|xCell	0.0267926603905791
Sebocytes|xCell	0.0040564500352128
Skeletal muscle|xCell	0.018846993396916
Smooth muscle|xCell	0.0675781928594971
Tgd cells|xCell	2.05433899228587e-18
Th1 cells|xCell	0.0159444173576304
T cells|MCPcounter	0.0353037449763085
Cytotoxic lymphocytes|MCPcounter	0.0581046146774516
B lineage|MCPcounter	0.0921927791554071
NK cells|MCPcounter	0.00714331344611704
Monocytic lineage|MCPcounter	0.0550190671264011
Myeloid dendritic cells|MCPcounter	0.0482239213989653
Neutrophils|MCPcounter	0.140060582440675
Endothelial cells|MCPcounter	0.22420846238953
Fibroblasts|MCPcounter	0.339743514389145
B cells|quanTIseq	0.00427054778706473
Macrophages M2|quanTIseq	0.0800552125603757
Monocytes|quanTIseq	0.0118631499186912
Neutrophils|quanTIseq	0.0434388921786664
NK cells|quanTIseq	0.018929893719307
T cells CD4|quanTIseq	0.125398924839601
Tregs|quanTIseq	0.0041143372099895
other|quanTIseq	0.711929041786304
Bcells|EPIC	0.00219342654552792
CAFs|EPIC	0.0025663415226997
CD4_Tcells|EPIC	0.0653697879194674
CD8_Tcells|EPIC	1.74279155292328e-07
Endothelial|EPIC	0.0178826269952764
Macrophages|EPIC	0.0163886643018829
NKcells|EPIC	4.56587880774247e-09
otherCells|EPIC	0.895598973870112
B_cell|TIMER	0.0985325052987779
T_cell.CD4|TIMER	0.088093006581513
T_cell.CD8|TIMER	0.206426183327507
Neutrophil|TIMER	0.107107954274901
Macrophage|TIMER	0.0351131498169976
DC|TIMER	0.464727200700304
B_cells|ConsensusTME	0.00951347395454203
Cytotoxic_cells|ConsensusTME	0.0743833771924273
Dendritic_cells|ConsensusTME	0.0578109759639066
Eosinophils|ConsensusTME	0.0385272163757776
Macrophages|ConsensusTME	0.0837831559526717
Mast_cells|ConsensusTME	0.0209340993591728
NK_cells|ConsensusTME	0.0207151244167754
Neutrophils|ConsensusTME	0.0339318410799463
T_cells_CD4|ConsensusTME	0.034388894997215
T_cells_CD8|ConsensusTME	0.029932436718526
T_cells_gamma_delta|ConsensusTME	0.0292846376086526
T_regulatory_cells|ConsensusTME	0.0376985159971897
Macrophages_M1|ConsensusTME	0.0647238945262378
Macrophages_M2|ConsensusTME	0.105913251137993
Endothelial|ConsensusTME	0.134204300656244
Fibroblasts|ConsensusTME	0.0936090957925415
Monocytes|ConsensusTME	0.0710454059330051
Plasma_cells|ConsensusTME	0.0596003023371755
DC|ImmuCellAI	0.138461538461538
Bcell|ImmuCellAI	0.100961538461538
Monocyte|ImmuCellAI	0.0846153846153846
Macrophage|ImmuCellAI	0.0384615384615385
NK|ImmuCellAI	0.153846153846154
Neutrophil|ImmuCellAI	0.123076923076923
CD4_T|ImmuCellAI	0.0615384615384615
CD8_T|ImmuCellAI	0.0326923076923077
NKT|ImmuCellAI	0.131730769230769
Gamma_delta|ImmuCellAI	0.0961538461538462
CD4_naive|ImmuCellAI	0.000961538461538461
Tr1|ImmuCellAI	0.00673076923076923
nTreg|ImmuCellAI	0.00576923076923077
iTreg|ImmuCellAI	0.00288461538461538
Th1|ImmuCellAI	0.00288461538461538
Th2|ImmuCellAI	0.00288461538461538
Th17|ImmuCellAI	0.0105769230769231
CD8_naive|ImmuCellAI	0.00192307692307692
Cytotoxic|ImmuCellAI	0.00384615384615385
Monocytes C|ABIS	0.31192985841975
NK|ABIS	0.00219173737450807
T CD8 Memory|ABIS	0.0377008749744734
T CD4 Naive|ABIS	0.188504374872367
MAIT|ABIS	0.00748033233620503
T gd Vd2|ABIS	0.00160827145228408
Neutrophils LD|ABIS	0.316418057821473
T gd non-Vd2|ABIS	0.000807875892310144
Basophils LD|ABIS	0.0181772075769782
Monocytes NC+I|ABIS	0.0159331078761167
B Memory|ABIS	0.0570001324018823
mDCs|ABIS	0.0151850746424962
pDCs|ABIS	0.0266299831168899
Plasmablasts|ABIS	0.000433111242266271