TCGA_ACC	TCGA-OR-A5JO
B cells naive|CIBERSORT.x	0.0171388939804025
Plasma cells|CIBERSORT.x	0.000361024542658603
T cells CD8|CIBERSORT.x	0.1627090491836
T cells CD4 memory resting|CIBERSORT.x	0.13289657747231
T cells regulatory (Tregs)|CIBERSORT.x	0.00518930061673212
NK cells activated|CIBERSORT.x	0.156080996072541
Monocytes|CIBERSORT.x	0.034741855561156
Macrophages M1|CIBERSORT.x	0.0777422545931646
Macrophages M2|CIBERSORT.x	0.260829214420806
Dendritic cells resting|CIBERSORT.x	0.0652291812853636
Mast cells resting|CIBERSORT.x	0.0870816522712655
B cells naive|CIBERSORT.y	0.0171388939804025
Plasma cells|CIBERSORT.y	0.000361024542658603
T cells CD8|CIBERSORT.y	0.1627090491836
T cells CD4 memory resting|CIBERSORT.y	0.13289657747231
T cells regulatory (Tregs)|CIBERSORT.y	0.00518930061673212
NK cells activated|CIBERSORT.y	0.156080996072541
Monocytes|CIBERSORT.y	0.034741855561156
Macrophages M1|CIBERSORT.y	0.0777422545931646
Macrophages M2|CIBERSORT.y	0.260829214420806
Dendritic cells resting|CIBERSORT.y	0.0652291812853636
Mast cells resting|CIBERSORT.y	0.0870816522712655
B cells naive|CIBERSORTX	0.0173361041912374
Plasma cells|CIBERSORTX	0.000597737952016162
T cells CD8|CIBERSORTX	0.151983168568644
T cells CD4 memory resting|CIBERSORTX	0.121839014512737
T cells regulatory (Tregs)|CIBERSORTX	0.00448906899939632
NK cells activated|CIBERSORTX	0.14893890710248
Monocytes|CIBERSORTX	0.0328480466904557
Macrophages M1|CIBERSORTX	0.0725963158889445
Macrophages M2|CIBERSORTX	0.245106247941928
Dendritic cells resting|CIBERSORTX	0.0611311115558932
Mast cells resting|CIBERSORTX	0.0833533345375419
RMSE|CIBERSORTX	0.0597809420587261
aDC|xCell	0.045803879819531
Adipocytes|xCell	0.00240036534014195
Astrocytes|xCell	1.26347046686035e-18
B-cells|xCell	0.0105395933069995
Basophils|xCell	0.0260163467339435
CD4+ memory T-cells|xCell	0.00145846030380266
CD4+ naive T-cells|xCell	0.00374431938200934
CD4+ Tcm|xCell	2.1522634152913e-18
CD4+ Tem|xCell	0.00284555796836863
CD8+ T-cells|xCell	0.0111435983876064
CD8+ Tcm|xCell	0.0181569452353485
CD8+ Tem|xCell	0.0103817970102154
cDC|xCell	0.13824806946086
CMP|xCell	0.0106829099721814
DC|xCell	0.0325337300461487
Endothelial cells|xCell	0.0295660154438188
Epithelial cells|xCell	0.0091471152603906
Erythrocytes|xCell	6.51793320291813e-23
Fibroblasts|xCell	0.0743162015746648
GMP|xCell	0.0136342719933172
Hepatocytes|xCell	0.00141540544705319
HSC|xCell	0.0392522223750262
iDC|xCell	0.277911799347918
ly Endothelial cells|xCell	0.0147751609931129
Macrophages|xCell	0.00578531711816486
Macrophages M1|xCell	0.00347318206784445
Macrophages M2|xCell	0.000588229051179515
Mast cells|xCell	0.0157845486157857
Megakaryocytes|xCell	9.10769053876391e-05
Melanocytes|xCell	9.98665349411136e-06
Memory B-cells|xCell	0.00184456857221254
MEP|xCell	0.00530363903403796
Mesangial cells|xCell	0.00451888715963496
Monocytes|xCell	0.028673755925155
MSC|xCell	0.00297506389390386
mv Endothelial cells|xCell	0.0154016779471307
Myocytes|xCell	4.11993394703176e-20
naive B-cells|xCell	0.00541504918401369
Neurons|xCell	0.00014305675719604
NK cells|xCell	0.00720226551957888
NKT|xCell	0.0151620523806899
Osteoblast|xCell	3.24624298901316e-18
pDC|xCell	0.0228608151070388
Pericytes|xCell	0.0484493097319248
Preadipocytes|xCell	1.52096382868241e-19
Smooth muscle|xCell	0.0222482020135282
Tgd cells|xCell	1.67939963543473e-18
Th2 cells|xCell	0.0166999604748856
Tregs|xCell	0.0033955904847552
T cells|MCPcounter	0.0594418990300848
CD8 T cells|MCPcounter	0.0235834831032546
Cytotoxic lymphocytes|MCPcounter	0.0936064452226359
B lineage|MCPcounter	0.102280653741011
NK cells|MCPcounter	0.0357437353480306
Monocytic lineage|MCPcounter	0.12377154402999
Myeloid dendritic cells|MCPcounter	0.128360406145946
Neutrophils|MCPcounter	0.0574269594535088
Endothelial cells|MCPcounter	0.145943341849075
Fibroblasts|MCPcounter	0.229841532076463
B cells|quanTIseq	0.0188334727741422
Macrophages M1|quanTIseq	0.00495366076441066
Macrophages M2|quanTIseq	0.211680888315399
Neutrophils|quanTIseq	0.0504253243127923
NK cells|quanTIseq	0.0248077792997142
T cells CD4|quanTIseq	0.0473259147597167
T cells CD8|quanTIseq	0.00990420783744198
Tregs|quanTIseq	0.021802883740232
other|quanTIseq	0.610265868196151
Bcells|EPIC	0.000794215053543984
CAFs|EPIC	0.0215352401651663
CD4_Tcells|EPIC	0.0269661578723467
CD8_Tcells|EPIC	6.5177787336606e-08
Endothelial|EPIC	0.0989686975513419
Macrophages|EPIC	0.411581927308433
NKcells|EPIC	9.3295932262933e-05
otherCells|EPIC	0.440060400939118
B_cell|TIMER	0.0820590058538629
T_cell.CD4|TIMER	0.0736776964093525
T_cell.CD8|TIMER	0.205908507189871
Neutrophil|TIMER	0.0685858292061911
Macrophage|TIMER	0.158791617407214
DC|TIMER	0.410977343933508
B_cells|ConsensusTME	0.0396111275278759
Cytotoxic_cells|ConsensusTME	0.064003498235582
Dendritic_cells|ConsensusTME	0.0597201329028745
Eosinophils|ConsensusTME	0.0550477191372408
Macrophages|ConsensusTME	0.0631485895933051
Mast_cells|ConsensusTME	0.0427983455612776
NK_cells|ConsensusTME	0.0540184307071359
Neutrophils|ConsensusTME	0.0484266977488934
T_cells_CD4|ConsensusTME	0.051868679398643
T_cells_CD8|ConsensusTME	0.0547152397354397
T_cells_gamma_delta|ConsensusTME	0.0552104829384555
T_regulatory_cells|ConsensusTME	0.057760681534345
Macrophages_M1|ConsensusTME	0.0606049938849497
Macrophages_M2|ConsensusTME	0.0701550265802573
Endothelial|ConsensusTME	0.065239541117659
Fibroblasts|ConsensusTME	0.0587692783891367
Monocytes|ConsensusTME	0.061772506488395
Plasma_cells|ConsensusTME	0.037129028518534
DC|ImmuCellAI	0.0744274809160305
Bcell|ImmuCellAI	0.0877862595419847
Monocyte|ImmuCellAI	0.138358778625954
Macrophage|ImmuCellAI	0.049618320610687
NK|ImmuCellAI	0.21087786259542
CD4_T|ImmuCellAI	0.0458015267175573
CD8_T|ImmuCellAI	0.107824427480916
NKT|ImmuCellAI	0.146946564885496
Gamma_delta|ImmuCellAI	0.0916030534351145
CD4_naive|ImmuCellAI	0.000954198473282443
Tr1|ImmuCellAI	0.00477099236641221
nTreg|ImmuCellAI	0.00381679389312977
iTreg|ImmuCellAI	0.00286259541984733
Th1|ImmuCellAI	0.000954198473282443
Th2|ImmuCellAI	0.00190839694656489
Th17|ImmuCellAI	0.00286259541984733
Tfh|ImmuCellAI	0.00477099236641221
CD8_naive|ImmuCellAI	0.00286259541984733
Cytotoxic|ImmuCellAI	0.00763358778625954
Exhausted|ImmuCellAI	0.00477099236641221
MAIT|ImmuCellAI	0.00858778625954198
Monocytes C|ABIS	0.0131079523353647
T CD8 Memory|ABIS	0.191823692712653
T CD4 Naive|ABIS	0.202480564530023
B Naive|ABIS	0.0106035874582828
MAIT|ABIS	0.0536395881474272
T gd Vd2|ABIS	0.0143690155004201
Neutrophils LD|ABIS	0.0491992248901898
T gd non-Vd2|ABIS	0.0412065710271626
Basophils LD|ABIS	0.00328586881035564
Monocytes NC+I|ABIS	0.250436487708186
mDCs|ABIS	0.16127399350286
pDCs|ABIS	0.0074065259130719
Plasmablasts|ABIS	0.00116692746400197