TCGA_ACC	TCGA-PK-A5HB
B cells memory|CIBERSORT.x	0.00241037965551054
Plasma cells|CIBERSORT.x	0.0229850125711897
T cells CD4 memory resting|CIBERSORT.x	0.390262008024465
T cells follicular helper|CIBERSORT.x	0.00127639552335088
NK cells resting|CIBERSORT.x	0.100058984539418
NK cells activated|CIBERSORT.x	0.0250130941831019
Monocytes|CIBERSORT.x	0.067582399868507
Macrophages M0|CIBERSORT.x	0.0666490719465856
Macrophages M1|CIBERSORT.x	0.00403536597518214
Macrophages M2|CIBERSORT.x	0.206322452907592
Dendritic cells activated|CIBERSORT.x	0.0850035942309091
Mast cells resting|CIBERSORT.x	0.0284012405741881
B cells memory|CIBERSORT.y	0.00241037965551054
Plasma cells|CIBERSORT.y	0.0229850125711897
T cells CD4 memory resting|CIBERSORT.y	0.390262008024465
T cells follicular helper|CIBERSORT.y	0.00127639552335088
NK cells resting|CIBERSORT.y	0.100058984539418
NK cells activated|CIBERSORT.y	0.0250130941831019
Monocytes|CIBERSORT.y	0.067582399868507
Macrophages M0|CIBERSORT.y	0.0666490719465856
Macrophages M1|CIBERSORT.y	0.00403536597518214
Macrophages M2|CIBERSORT.y	0.206322452907592
Dendritic cells activated|CIBERSORT.y	0.0850035942309091
Mast cells resting|CIBERSORT.y	0.0284012405741881
aDC|xCell	0.00384161947820166
Adipocytes|xCell	1.61232743149774e-18
Astrocytes|xCell	1.49333391871657e-17
B-cells|xCell	4.38652697364738e-19
Basophils|xCell	0.083713055722845
CD4+ naive T-cells|xCell	4.6538293183115e-18
CD4+ Tem|xCell	1.17171430071393e-17
CD8+ naive T-cells|xCell	9.73244217055881e-19
CD8+ T-cells|xCell	5.93255230464346e-18
CD8+ Tcm|xCell	1.51692691968844e-18
CD8+ Tem|xCell	2.77428251363703e-17
cDC|xCell	0.00244334678816194
Chondrocytes|xCell	2.94915714873323e-17
Class-switched memory B-cells|xCell	0.0163633287403296
CLP|xCell	0.0124372208947346
Endothelial cells|xCell	0.0759637502043103
Eosinophils|xCell	3.9507495228724e-19
Epithelial cells|xCell	0.0165309304544266
Hepatocytes|xCell	0.000701907129255045
HSC|xCell	0.0460481932859785
iDC|xCell	0.0369871028829156
ly Endothelial cells|xCell	0.0163338879015233
Macrophages|xCell	0.008927435643182
Macrophages M1|xCell	0.00291600657084217
Macrophages M2|xCell	0.0121390283719737
Mast cells|xCell	0.00163736925919789
Megakaryocytes|xCell	0.000516268281970548
Melanocytes|xCell	0.00214773232089548
Memory B-cells|xCell	5.82922860790518e-18
MEP|xCell	0.00743462298412033
Mesangial cells|xCell	0.00124500845738398
MPP|xCell	5.68632138218556e-18
MSC|xCell	0.334863100383859
mv Endothelial cells|xCell	0.0289804985721263
naive B-cells|xCell	3.1958963230311e-18
Neurons|xCell	0.0110982250402446
Neutrophils|xCell	0.00135566181855795
NKT|xCell	0.0188920667721209
Pericytes|xCell	0.0324576780783543
Plasma cells|xCell	0.00671142754654809
pro B-cells|xCell	0.0224974450148105
Sebocytes|xCell	0.000605351835892963
Skeletal muscle|xCell	8.01417853372849e-20
Smooth muscle|xCell	0.0908638487009616
Tgd cells|xCell	2.97482332030436e-19
Th1 cells|xCell	0.031525277812724
Th2 cells|xCell	0.0718216030515511
Tregs|xCell	7.26336821916065e-18
T cells|MCPcounter	0.03501809929312
CD8 T cells|MCPcounter	0.000809799987537073
Cytotoxic lymphocytes|MCPcounter	0.0176264790719324
B lineage|MCPcounter	0.0469522154147394
NK cells|MCPcounter	0.00641543320211032
Monocytic lineage|MCPcounter	0.0683416617222679
Myeloid dendritic cells|MCPcounter	0.0405620332179401
Neutrophils|MCPcounter	0.122432619373848
Endothelial cells|MCPcounter	0.242871848979031
Fibroblasts|MCPcounter	0.418969809737474
B cells|quanTIseq	0.0103004308217307
Macrophages M2|quanTIseq	0.0153684570812859
Neutrophils|quanTIseq	0.0404189492809727
NK cells|quanTIseq	0.0151220751520506
T cells CD4|quanTIseq	0.0484292901117281
Dendritic cells|quanTIseq	0.0246998179528882
other|quanTIseq	0.845660979599344
Bcells|EPIC	0.000298527236842066
CAFs|EPIC	0.011248536935069
CD4_Tcells|EPIC	0.16172543742139
CD8_Tcells|EPIC	1.29008855163788e-08
Endothelial|EPIC	0.033399671436155
Macrophages|EPIC	0.00674699413232337
NKcells|EPIC	5.54129987115344e-11
otherCells|EPIC	0.786580819881922
B_cell|TIMER	0.0940962663682369
T_cell.CD4|TIMER	0.0956690953995255
T_cell.CD8|TIMER	0.201721726373442
Neutrophil|TIMER	0.105029647418221
Macrophage|TIMER	0.0425375742644728
DC|TIMER	0.460945690176101
B_cells|ConsensusTME	0.000916536886311541
Cytotoxic_cells|ConsensusTME	0.0348267894466524
Dendritic_cells|ConsensusTME	0.0645140721153119
Eosinophils|ConsensusTME	0.0401025406654388
Macrophages|ConsensusTME	0.0969433549074395
Mast_cells|ConsensusTME	0.0254021336821977
NK_cells|ConsensusTME	0.00102552116679352
Neutrophils|ConsensusTME	0.0396956294459244
T_cells_CD4|ConsensusTME	0.0233149650095154
T_cells_CD8|ConsensusTME	0.0149888246894551
T_cells_gamma_delta|ConsensusTME	0.0116824732730451
T_regulatory_cells|ConsensusTME	0.023384059423329
Macrophages_M1|ConsensusTME	0.0667396252146803
Macrophages_M2|ConsensusTME	0.125532712624125
Endothelial|ConsensusTME	0.174855896885834
Fibroblasts|ConsensusTME	0.153383882324927
Monocytes|ConsensusTME	0.0779808538017737
Plasma_cells|ConsensusTME	0.0247101284372463
DC|ImmuCellAI	0.0536723163841808
Bcell|ImmuCellAI	0.137476459510358
Monocyte|ImmuCellAI	0.0630885122410546
Macrophage|ImmuCellAI	0.0461393596986817
NK|ImmuCellAI	0.105461393596987
Neutrophil|ImmuCellAI	0.194915254237288
CD4_T|ImmuCellAI	0.103578154425612
CD8_T|ImmuCellAI	0.0263653483992467
NKT|ImmuCellAI	0.180790960451977
Gamma_delta|ImmuCellAI	0.0301318267419962
CD4_naive|ImmuCellAI	0.00282485875706215
Tr1|ImmuCellAI	0.00564971751412429
nTreg|ImmuCellAI	0.00659133709981168
iTreg|ImmuCellAI	0.00659133709981168
Th1|ImmuCellAI	0.00564971751412429
Th2|ImmuCellAI	0.0103578154425612
Th17|ImmuCellAI	0.00753295668549906
Tfh|ImmuCellAI	0.00659133709981168
CD8_naive|ImmuCellAI	0.00282485875706215
Cytotoxic|ImmuCellAI	0.000941619585687382
MAIT|ImmuCellAI	0.00282485875706215
Monocytes C|ABIS	0.404849415766087
NK|ABIS	0.00620988534752318
T CD8 Memory|ABIS	0.0344506006912063
T CD4 Naive|ABIS	0.176641615009052
T CD4 Memory|ABIS	0.0229304953645291
MAIT|ABIS	0.0100828350430633
Neutrophils LD|ABIS	0.0624279993417083
Basophils LD|ABIS	0.02314992594218
Monocytes NC+I|ABIS	0.0610017005869768
B Memory|ABIS	0.0845904876844588
mDCs|ABIS	0.0795435843984859
pDCs|ABIS	0.0341214548247298