TCGA_ACC	TCGA-OR-A5L4
B cells naive|CIBERSORT.x	0.0602430532880655
Plasma cells|CIBERSORT.x	0.0155715380099903
T cells CD8|CIBERSORT.x	0.0770696145630948
T cells CD4 memory resting|CIBERSORT.x	0.148446576224742
NK cells activated|CIBERSORT.x	0.110207456172511
Monocytes|CIBERSORT.x	0.157249738408636
Macrophages M1|CIBERSORT.x	0.0756044147115861
Macrophages M2|CIBERSORT.x	0.344649903079304
Mast cells activated|CIBERSORT.x	0.0109577055420699
B cells naive|CIBERSORT.y	0.0602430532880655
Plasma cells|CIBERSORT.y	0.0155715380099903
T cells CD8|CIBERSORT.y	0.0770696145630948
T cells CD4 memory resting|CIBERSORT.y	0.148446576224742
NK cells activated|CIBERSORT.y	0.110207456172511
Monocytes|CIBERSORT.y	0.157249738408636
Macrophages M1|CIBERSORT.y	0.0756044147115861
Macrophages M2|CIBERSORT.y	0.344649903079304
Mast cells activated|CIBERSORT.y	0.0109577055420699
aDC|xCell	0.0477304761437743
Adipocytes|xCell	0.00022913378236168
Basophils|xCell	0.00401747683790212
CD4+ memory T-cells|xCell	1.24505783379338e-20
CD4+ T-cells|xCell	3.8508084184474e-18
CD4+ Tcm|xCell	3.71984190238077e-18
CD8+ T-cells|xCell	2.61185918437358e-18
CD8+ Tcm|xCell	3.46901647662685e-20
CD8+ Tem|xCell	7.5773571839775e-18
cDC|xCell	0.0362437179202942
CLP|xCell	0.0166090136038147
CMP|xCell	3.57509644845929e-20
DC|xCell	0.00425649082198857
Endothelial cells|xCell	0.101950891841168
Eosinophils|xCell	4.61857802088597e-19
Epithelial cells|xCell	0.0242091574602882
Erythrocytes|xCell	4.07580147457961e-19
Fibroblasts|xCell	0.0731848821053677
GMP|xCell	2.86101962289399e-18
Hepatocytes|xCell	0.000688077764760015
HSC|xCell	0.105468280125047
iDC|xCell	0.0671565815875919
Keratinocytes|xCell	1.09486535925058e-19
ly Endothelial cells|xCell	0.0334550872961063
Macrophages|xCell	0.0119373504884521
Macrophages M1|xCell	0.0190287540154808
Macrophages M2|xCell	0.00534932222347362
Mast cells|xCell	0.00252015991115327
Megakaryocytes|xCell	0.000173895736203667
Melanocytes|xCell	0.00132467288105153
Memory B-cells|xCell	4.95143773378521e-19
MEP|xCell	0.0206447986014266
Mesangial cells|xCell	0.0211995784516747
Monocytes|xCell	0.00404598171690533
MPP|xCell	3.80032707496567e-18
MSC|xCell	0.121495627357808
mv Endothelial cells|xCell	0.0485592055064427
Myocytes|xCell	6.9764838045616e-21
Neurons|xCell	0.00860545495780596
NKT|xCell	0.0699915282333712
Osteoblast|xCell	1.28261366371415e-18
pDC|xCell	0.00384013211844124
Pericytes|xCell	0.0460312445142881
Plasma cells|xCell	2.26320700145645e-20
Platelets|xCell	5.22641869577344e-18
pro B-cells|xCell	5.33384991875079e-18
Sebocytes|xCell	1.35636609547346e-20
Smooth muscle|xCell	0.0705609726018345
Th1 cells|xCell	0.00959001889223588
Th2 cells|xCell	0.0126521226391936
Tregs|xCell	0.00724991186229213
T cells|MCPcounter	0.0292617349378444
CD8 T cells|MCPcounter	0.000547147233752855
Cytotoxic lymphocytes|MCPcounter	0.0320930447750651
B lineage|MCPcounter	0.0902357557049906
NK cells|MCPcounter	0.00671240425947276
Monocytic lineage|MCPcounter	0.086598993042274
Myeloid dendritic cells|MCPcounter	0.0531145328065068
Neutrophils|MCPcounter	0.09849857523461
Endothelial cells|MCPcounter	0.246933692406374
Fibroblasts|MCPcounter	0.35600411959911
B cells|quanTIseq	0.00188252895770498
Macrophages M2|quanTIseq	0.0479616895937207
Neutrophils|quanTIseq	0.0432559573416519
NK cells|quanTIseq	0.00615849492162061
T cells CD4|quanTIseq	0.125391577678462
Tregs|quanTIseq	0.00501249250928949
Dendritic cells|quanTIseq	0.0114349321930903
other|quanTIseq	0.75890232680446
Bcells|EPIC	0.00385975230843192
CAFs|EPIC	0.012096647368202
CD4_Tcells|EPIC	0.0960766802020085
CD8_Tcells|EPIC	1.94075087839676e-07
Endothelial|EPIC	0.0586673371603604
Macrophages|EPIC	0.0293256089195754
NKcells|EPIC	1.68807808751193e-10
otherCells|EPIC	0.799973779797526
B_cell|TIMER	0.103563744141657
T_cell.CD4|TIMER	0.0892003721081663
T_cell.CD8|TIMER	0.205247076422697
Neutrophil|TIMER	0.101786725235498
Macrophage|TIMER	0.0481559795503023
DC|TIMER	0.452046102541679
B_cells|ConsensusTME	0.0203276200892878
Cytotoxic_cells|ConsensusTME	0.0548225696948061
Dendritic_cells|ConsensusTME	0.0573563259735128
Eosinophils|ConsensusTME	0.0565795998126208
Macrophages|ConsensusTME	0.0761204368328807
Mast_cells|ConsensusTME	0.0384041601789033
NK_cells|ConsensusTME	0.0335140111720326
Neutrophils|ConsensusTME	0.0467744413778399
T_cells_CD4|ConsensusTME	0.037834965595376
T_cells_CD8|ConsensusTME	0.0360973542346651
T_cells_gamma_delta|ConsensusTME	0.035639195237934
T_regulatory_cells|ConsensusTME	0.0438082250196029
Macrophages_M1|ConsensusTME	0.0627102314725558
Macrophages_M2|ConsensusTME	0.0910069177734997
Endothelial|ConsensusTME	0.119718307499765
Fibroblasts|ConsensusTME	0.0940750900882571
Monocytes|ConsensusTME	0.0698485943866667
Plasma_cells|ConsensusTME	0.0253619535597937
DC|ImmuCellAI	0.0560386473429952
Bcell|ImmuCellAI	0.111111111111111
Monocyte|ImmuCellAI	0.120772946859903
Macrophage|ImmuCellAI	0.0714975845410628
NK|ImmuCellAI	0.185507246376812
Neutrophil|ImmuCellAI	0.117874396135266
CD4_T|ImmuCellAI	0.0444444444444444
CD8_T|ImmuCellAI	0.0531400966183575
NKT|ImmuCellAI	0.122705314009662
Gamma_delta|ImmuCellAI	0.0821256038647343
CD4_naive|ImmuCellAI	0.00193236714975845
Tr1|ImmuCellAI	0.00483091787439614
nTreg|ImmuCellAI	0.00386473429951691
iTreg|ImmuCellAI	0.00193236714975845
Th1|ImmuCellAI	0.000966183574879227
Th2|ImmuCellAI	0.000966183574879227
Th17|ImmuCellAI	0.00676328502415459
Tfh|ImmuCellAI	0.00193236714975845
CD8_naive|ImmuCellAI	0.000966183574879227
Cytotoxic|ImmuCellAI	0.00386473429951691
Exhausted|ImmuCellAI	0.00289855072463768
MAIT|ImmuCellAI	0.00386473429951691
Monocytes C|ABIS	0.719537561069995
NK|ABIS	0.00234000870700914
T CD8 Memory|ABIS	0.0396652638707493
T CD4 Naive|ABIS	0.139674938325352
B Naive|ABIS	0.00266652154984763
MAIT|ABIS	0.0123349296183428
T gd Vd2|ABIS	0.00286001064190006
Neutrophils LD|ABIS	0.034767571228172
T gd non-Vd2|ABIS	0.00230977603637595
Basophils LD|ABIS	0.00359164127122333
B Memory|ABIS	0.0108232960866831
mDCs|ABIS	0.0126977216659411
pDCs|ABIS	0.0160233154355923
Plasmablasts|ABIS	0.000707444492816717