TCGA_ACC	TCGA-OR-A5LJ
B cells naive|CIBERSORT.x	0.0440512625688328
Plasma cells|CIBERSORT.x	0.00312258617349847
T cells CD8|CIBERSORT.x	0.4059989901951
T cells CD4 memory resting|CIBERSORT.x	0.0546475639953384
T cells regulatory (Tregs)|CIBERSORT.x	0.0142092598745259
NK cells activated|CIBERSORT.x	0.132989038186206
Monocytes|CIBERSORT.x	0.0892278306557495
Macrophages M1|CIBERSORT.x	0.0869029450912917
Macrophages M2|CIBERSORT.x	0.142993867823682
Dendritic cells activated|CIBERSORT.x	0.0124749108383763
Mast cells activated|CIBERSORT.x	0.013381744597399
B cells naive|CIBERSORT.y	0.0440512625688328
Plasma cells|CIBERSORT.y	0.00312258617349847
T cells CD8|CIBERSORT.y	0.4059989901951
T cells CD4 memory resting|CIBERSORT.y	0.0546475639953384
T cells regulatory (Tregs)|CIBERSORT.y	0.0142092598745259
NK cells activated|CIBERSORT.y	0.132989038186206
Monocytes|CIBERSORT.y	0.0892278306557495
Macrophages M1|CIBERSORT.y	0.0869029450912917
Macrophages M2|CIBERSORT.y	0.142993867823682
Dendritic cells activated|CIBERSORT.y	0.0124749108383763
Mast cells activated|CIBERSORT.y	0.013381744597399
aDC|xCell	0.149378586345684
Astrocytes|xCell	1.29028033652647e-17
B-cells|xCell	0.0425335773065317
Basophils|xCell	0.0148924890395807
CD4+ memory T-cells|xCell	0.00174988818486284
CD4+ naive T-cells|xCell	0.00644020083732218
CD4+ T-cells|xCell	0.00257139979874815
CD4+ Tcm|xCell	0.0439531670935584
CD4+ Tem|xCell	0.00821701014478704
CD8+ naive T-cells|xCell	1.39287947455618e-20
CD8+ T-cells|xCell	0.0244566305578971
CD8+ Tcm|xCell	0.0126752869014855
CD8+ Tem|xCell	0.0129936777095818
cDC|xCell	1.65821238234525e-19
Chondrocytes|xCell	1.2052447465473e-17
CLP|xCell	0.0043889893084189
CMP|xCell	0.000551338429452812
DC|xCell	0.00879623572616119
Endothelial cells|xCell	0.0217874157033234
Eosinophils|xCell	1.33797990180905e-18
Epithelial cells|xCell	0.0045144316338029
Erythrocytes|xCell	3.79290633146192e-06
GMP|xCell	0.00815042954695082
HSC|xCell	0.0148826067441465
ly Endothelial cells|xCell	0.00132815268365588
Macrophages|xCell	0.0110246950394514
Macrophages M1|xCell	0.0183950701006438
Mast cells|xCell	0.00681951600875098
Melanocytes|xCell	0.000820863933075178
Memory B-cells|xCell	0.00803960704762528
MEP|xCell	0.00146580708094838
Mesangial cells|xCell	0.0460115962374226
MPP|xCell	0.0187980693296234
MSC|xCell	0.252559342177582
mv Endothelial cells|xCell	0.00821254732032163
Myocytes|xCell	6.45069522515766e-19
naive B-cells|xCell	0.00594539164765172
Neurons|xCell	0.0118111003642023
NKT|xCell	0.0607567429091916
pDC|xCell	0.0151443922318739
Pericytes|xCell	0.00476654337051401
Plasma cells|xCell	0.023925532458909
Preadipocytes|xCell	1.22240962079604e-18
pro B-cells|xCell	0.0294993220594417
Skeletal muscle|xCell	8.9980674503383e-19
Tgd cells|xCell	1.37110375995017e-18
Th1 cells|xCell	0.000728971686637213
Th2 cells|xCell	0.0846088993870356
Tregs|xCell	0.00640068300681535
T cells|MCPcounter	0.142183204648571
CD8 T cells|MCPcounter	0.0196486302856272
Cytotoxic lymphocytes|MCPcounter	0.0769973352602677
B lineage|MCPcounter	0.134352243322846
NK cells|MCPcounter	0.00762912926671861
Monocytic lineage|MCPcounter	0.0843452836093771
Myeloid dendritic cells|MCPcounter	0.0357720328725005
Neutrophils|MCPcounter	0.0813129628109171
Endothelial cells|MCPcounter	0.167690146480938
Fibroblasts|MCPcounter	0.250069031442237
B cells|quanTIseq	0.0032290235607663
Macrophages M2|quanTIseq	0.0319845821458595
Monocytes|quanTIseq	0.0118080215987163
Neutrophils|quanTIseq	0.0824958081293697
NK cells|quanTIseq	0.0113681273766646
T cells CD4|quanTIseq	0.252814006872851
T cells CD8|quanTIseq	0.0148040606981642
Tregs|quanTIseq	0.0259665397190126
Dendritic cells|quanTIseq	0.0296503437810663
other|quanTIseq	0.535879486117529
Bcells|EPIC	0.00161266793438019
CAFs|EPIC	0.0022366988486303
CD4_Tcells|EPIC	0.0457015390727074
CD8_Tcells|EPIC	0.00277905442540916
Endothelial|EPIC	0.0260085867373227
Macrophages|EPIC	0.0203555899514239
NKcells|EPIC	8.534576569505e-10
otherCells|EPIC	0.901305862176669
B_cell|TIMER	0.102008101590128
T_cell.CD4|TIMER	0.0933649846220805
T_cell.CD8|TIMER	0.210298775712001
Neutrophil|TIMER	0.0973374565569302
Macrophage|TIMER	0.0603469104187553
DC|TIMER	0.436643771100106
B_cells|ConsensusTME	0.0184917506317356
Cytotoxic_cells|ConsensusTME	0.0605202706436902
Dendritic_cells|ConsensusTME	0.0596635782871766
Eosinophils|ConsensusTME	0.0334744382261682
Macrophages|ConsensusTME	0.0715877175270999
Mast_cells|ConsensusTME	0.0300362704636655
NK_cells|ConsensusTME	0.0504173261390551
Neutrophils|ConsensusTME	0.0315968598075325
T_cells_CD4|ConsensusTME	0.0602240351030328
T_cells_CD8|ConsensusTME	0.0561669326434171
T_cells_gamma_delta|ConsensusTME	0.0607430410446616
T_regulatory_cells|ConsensusTME	0.0841103606177713
Macrophages_M1|ConsensusTME	0.0716303868745323
Macrophages_M2|ConsensusTME	0.0861519868885115
Endothelial|ConsensusTME	0.0862583801812934
Fibroblasts|ConsensusTME	0.0483993200613485
Monocytes|ConsensusTME	0.0624375757387192
Plasma_cells|ConsensusTME	0.0280897691205887
DC|ImmuCellAI	0.0857681432610745
Bcell|ImmuCellAI	0.0801131008482564
Monocyte|ImmuCellAI	0.0772855796418473
Macrophage|ImmuCellAI	0.0631479736098021
NK|ImmuCellAI	0.133836003770028
Neutrophil|ImmuCellAI	0.0744580584354383
CD4_T|ImmuCellAI	0.05937794533459
CD8_T|ImmuCellAI	0.121583411875589
NKT|ImmuCellAI	0.126295947219604
Gamma_delta|ImmuCellAI	0.119698397737983
CD4_naive|ImmuCellAI	0.00188501413760603
Tr1|ImmuCellAI	0.0056550424128181
nTreg|ImmuCellAI	0.00942507068803016
iTreg|ImmuCellAI	0.00377002827521206
Th1|ImmuCellAI	0.00188501413760603
Th2|ImmuCellAI	0.00377002827521206
Th17|ImmuCellAI	0.00282752120640905
Tfh|ImmuCellAI	0.00377002827521206
CD8_naive|ImmuCellAI	0.00188501413760603
Cytotoxic|ImmuCellAI	0.00471253534401508
Exhausted|ImmuCellAI	0.0103675777568332
MAIT|ImmuCellAI	0.00848256361922714
Monocytes C|ABIS	0.763788921318735
NK|ABIS	0.00288346826203903
T CD8 Memory|ABIS	0.0556883565111355
T CD4 Naive|ABIS	0.110936488860128
T CD4 Memory|ABIS	0.00224514322693115
MAIT|ABIS	0.0104553238509049
T gd Vd2|ABIS	0.000464436491061248
Neutrophils LD|ABIS	0.0214829391125961
T gd non-Vd2|ABIS	0.000299352430257487
Basophils LD|ABIS	0.00283944584582469
B Memory|ABIS	0.0192157846775578
pDCs|ABIS	0.00946481948608231
Plasmablasts|ABIS	0.000235519926746699