TCGA_ACC	TCGA-OR-A5LN
B cells naive|CIBERSORT.x	0.00480447468955093
B cells memory|CIBERSORT.x	0.00704424629194554
Plasma cells|CIBERSORT.x	0.000284140356614624
T cells CD8|CIBERSORT.x	0.365697134607996
T cells CD4 memory resting|CIBERSORT.x	0.0612576719379656
T cells regulatory (Tregs)|CIBERSORT.x	0.0660770594878312
NK cells activated|CIBERSORT.x	0.134823705302132
Monocytes|CIBERSORT.x	0.0476838953130849
Macrophages M1|CIBERSORT.x	0.0569636730053599
Macrophages M2|CIBERSORT.x	0.248394947753699
Dendritic cells resting|CIBERSORT.x	0.00496284674033075
Mast cells activated|CIBERSORT.x	0.000424518450974346
Neutrophils|CIBERSORT.x	0.00158168606251589
B cells naive|CIBERSORT.y	0.00480447468955093
B cells memory|CIBERSORT.y	0.00704424629194554
Plasma cells|CIBERSORT.y	0.000284140356614624
T cells CD8|CIBERSORT.y	0.365697134607996
T cells CD4 memory resting|CIBERSORT.y	0.0612576719379656
T cells regulatory (Tregs)|CIBERSORT.y	0.0660770594878312
NK cells activated|CIBERSORT.y	0.134823705302132
Monocytes|CIBERSORT.y	0.0476838953130849
Macrophages M1|CIBERSORT.y	0.0569636730053599
Macrophages M2|CIBERSORT.y	0.248394947753699
Dendritic cells resting|CIBERSORT.y	0.00496284674033075
Mast cells activated|CIBERSORT.y	0.000424518450974346
Neutrophils|CIBERSORT.y	0.00158168606251589
aDC|xCell	0.0796476475787891
B-cells|xCell	0.00759724299244881
Basophils|xCell	0.00210941958147752
CD4+ memory T-cells|xCell	0.00539486759674365
CD4+ naive T-cells|xCell	0.0355537089382616
CD4+ T-cells|xCell	1.26983618726222e-18
CD4+ Tcm|xCell	0.00283456319048485
CD4+ Tem|xCell	0.0259295308883047
CD8+ naive T-cells|xCell	9.53127304501329e-21
CD8+ T-cells|xCell	0.0409886663006346
CD8+ Tcm|xCell	0.0530637941249987
CD8+ Tem|xCell	0.0322332271769066
cDC|xCell	0.0300170559325452
Chondrocytes|xCell	0.00275555129973083
Class-switched memory B-cells|xCell	0.0148247363249782
CLP|xCell	0.00293166306106851
CMP|xCell	0.00990932056400833
DC|xCell	0.00989583780765357
Endothelial cells|xCell	0.0504312542745125
Eosinophils|xCell	3.71509618664991e-19
Epithelial cells|xCell	0.03407153252041
Fibroblasts|xCell	0.0230506847874301
GMP|xCell	0.00809585864099176
Hepatocytes|xCell	0.00037649268420669
HSC|xCell	0.0621436122091272
iDC|xCell	0.00236995256714983
ly Endothelial cells|xCell	0.0160965227351845
Macrophages|xCell	0.0243049098793317
Macrophages M1|xCell	0.0158452993829111
Macrophages M2|xCell	0.0185438089580299
Mast cells|xCell	0.0128871896772268
Melanocytes|xCell	2.34146516703337e-19
Memory B-cells|xCell	1.02520516502512e-18
MEP|xCell	0.00571269562291781
Monocytes|xCell	0.0389384306077447
MPP|xCell	3.75634896354142e-18
MSC|xCell	1.26620330960056e-18
mv Endothelial cells|xCell	0.0193076175431685
Myocytes|xCell	1.07784376005266e-18
naive B-cells|xCell	0.00062382168720778
Neurons|xCell	0.00409816001500741
NK cells|xCell	0.0105846106621156
NKT|xCell	0.0674541847938924
Osteoblast|xCell	0.00348048365478033
pDC|xCell	0.0383208687580666
Pericytes|xCell	0.100132715082994
Plasma cells|xCell	0.00341095757402151
Platelets|xCell	7.21267097789291e-19
Preadipocytes|xCell	0.00674473728666563
pro B-cells|xCell	1.63380275203792e-18
Smooth muscle|xCell	0.0308691292296498
Tgd cells|xCell	2.18072711953521e-18
Th1 cells|xCell	0.0110459003829425
Th2 cells|xCell	0.0225514063916357
Tregs|xCell	0.012820329031643
T cells|MCPcounter	0.0731580836247714
CD8 T cells|MCPcounter	0.0291479696549018
Cytotoxic lymphocytes|MCPcounter	0.113289628337536
B lineage|MCPcounter	0.124487918657673
NK cells|MCPcounter	0.0208037406892242
Monocytic lineage|MCPcounter	0.116349395814626
Myeloid dendritic cells|MCPcounter	0.0671217276522058
Neutrophils|MCPcounter	0.0690957054943365
Endothelial cells|MCPcounter	0.16610613028125
Fibroblasts|MCPcounter	0.220439699793474
B cells|quanTIseq	0.0311583762434696
Macrophages M2|quanTIseq	0.0624359553603847
Monocytes|quanTIseq	0.0611625148516155
Neutrophils|quanTIseq	0.0134764393477727
NK cells|quanTIseq	0.030838402279488
T cells CD8|quanTIseq	0.0134471446293878
Tregs|quanTIseq	0.0104928975478745
other|quanTIseq	0.776988269740007
Bcells|EPIC	0.00433686606095962
CAFs|EPIC	0.00290312893457143
CD4_Tcells|EPIC	0.0451001009250658
CD8_Tcells|EPIC	1.61456148431628e-07
Endothelial|EPIC	0.0556225188101544
Macrophages|EPIC	0.0938132431311208
NKcells|EPIC	2.52908989069153e-09
otherCells|EPIC	0.79822397815289
B_cell|TIMER	0.0925756230789257
T_cell.CD4|TIMER	0.123215895798736
T_cell.CD8|TIMER	0.182828324239703
Neutrophil|TIMER	0.0931681090590124
Macrophage|TIMER	0.0861779501277734
DC|TIMER	0.422034097695849
B_cells|ConsensusTME	0.031225752138346
Cytotoxic_cells|ConsensusTME	0.0657028260646163
Dendritic_cells|ConsensusTME	0.0550667743790256
Eosinophils|ConsensusTME	0.0521106487044208
Macrophages|ConsensusTME	0.0635622636646846
Mast_cells|ConsensusTME	0.0459303597518153
NK_cells|ConsensusTME	0.0581429773566607
Neutrophils|ConsensusTME	0.049039955333576
T_cells_CD4|ConsensusTME	0.0554459100243928
T_cells_CD8|ConsensusTME	0.0599085785555934
T_cells_gamma_delta|ConsensusTME	0.0588804896945555
T_regulatory_cells|ConsensusTME	0.06125663229711
Macrophages_M1|ConsensusTME	0.0616712476895798
Macrophages_M2|ConsensusTME	0.0708452389944525
Endothelial|ConsensusTME	0.0704464328248673
Fibroblasts|ConsensusTME	0.0479926659137072
Monocytes|ConsensusTME	0.0647459944796982
Plasma_cells|ConsensusTME	0.0280252521328981
DC|ImmuCellAI	0.072710103871577
Bcell|ImmuCellAI	0.0368271954674221
Monocyte|ImmuCellAI	0.115203021718602
Macrophage|ImmuCellAI	0.084985835694051
NK|ImmuCellAI	0.174693106704438
Neutrophil|ImmuCellAI	0.0292728989612842
CD4_T|ImmuCellAI	0.0481586402266289
CD8_T|ImmuCellAI	0.123701605288008
NKT|ImmuCellAI	0.139754485363551
Gamma_delta|ImmuCellAI	0.118035882908404
CD4_naive|ImmuCellAI	0.000944287063267233
Tr1|ImmuCellAI	0.0056657223796034
nTreg|ImmuCellAI	0.0056657223796034
iTreg|ImmuCellAI	0.0028328611898017
Th2|ImmuCellAI	0.0028328611898017
Th17|ImmuCellAI	0.0028328611898017
Tfh|ImmuCellAI	0.00377714825306893
CD8_naive|ImmuCellAI	0.0028328611898017
Cytotoxic|ImmuCellAI	0.0103871576959396
Exhausted|ImmuCellAI	0.0084985835694051
MAIT|ImmuCellAI	0.0103871576959396
Monocytes C|ABIS	0.268506028630013
T CD8 Memory|ABIS	0.217164614604559
T CD4 Naive|ABIS	0.141268611262584
T CD4 Memory|ABIS	0.115757349635029
MAIT|ABIS	0.0251604817801758
T gd Vd2|ABIS	0.00647348263799201
Neutrophils LD|ABIS	0.0640970448392312
T gd non-Vd2|ABIS	0.000634592632985423
Basophils LD|ABIS	0.00379480016709876
Monocytes NC+I|ABIS	0.0899271972371304
B Memory|ABIS	0.0322079678047878
mDCs|ABIS	0.0142863065114306
pDCs|ABIS	0.017762215908185
Plasmablasts|ABIS	0.00295930634879635