TCGA_ACC	TCGA-OR-A5LH
B cells naive|CIBERSORT.x	0.0628385087497826
Plasma cells|CIBERSORT.x	0.0071064327674358
T cells CD8|CIBERSORT.x	0.229248927329146
T cells CD4 memory resting|CIBERSORT.x	0.0998627205908658
NK cells activated|CIBERSORT.x	0.110477143493843
Monocytes|CIBERSORT.x	0.0916331689959727
Macrophages M1|CIBERSORT.x	0.0426487927297978
Macrophages M2|CIBERSORT.x	0.279997506679845
Mast cells activated|CIBERSORT.x	0.0761867986633107
B cells naive|CIBERSORT.y	0.0628385087497826
Plasma cells|CIBERSORT.y	0.0071064327674358
T cells CD8|CIBERSORT.y	0.229248927329146
T cells CD4 memory resting|CIBERSORT.y	0.0998627205908658
NK cells activated|CIBERSORT.y	0.110477143493843
Monocytes|CIBERSORT.y	0.0916331689959727
Macrophages M1|CIBERSORT.y	0.0426487927297978
Macrophages M2|CIBERSORT.y	0.279997506679845
Mast cells activated|CIBERSORT.y	0.0761867986633107
aDC|xCell	0.0846925899606218
Adipocytes|xCell	0.0041268479575845
B-cells|xCell	0.000561036901029325
Basophils|xCell	0.0340759861992051
CD4+ memory T-cells|xCell	2.03534183588189e-20
CD4+ T-cells|xCell	6.09834260939539e-19
CD4+ Tcm|xCell	0.00807141206532549
CD8+ T-cells|xCell	0.00818233831262611
CD8+ Tcm|xCell	0.0309249571227073
cDC|xCell	0.0156313244502833
Chondrocytes|xCell	2.14137748217382e-18
Class-switched memory B-cells|xCell	0.00993196947703662
CLP|xCell	0.0110796738814454
CMP|xCell	0.000424875827583621
DC|xCell	0.0116646023479905
Endothelial cells|xCell	0.0557444466717706
Eosinophils|xCell	3.63330988843824e-18
Epithelial cells|xCell	0.0577041363724324
Fibroblasts|xCell	0.0586601636494382
Hepatocytes|xCell	0.00143774592511738
HSC|xCell	0.052706280561174
iDC|xCell	0.106512460020924
Keratinocytes|xCell	0.0158881992441088
ly Endothelial cells|xCell	0.0156054532426905
Macrophages|xCell	0.0146751453275134
Macrophages M1|xCell	0.0214140414339209
Macrophages M2|xCell	0.0112510043646405
Mast cells|xCell	2.89062543034537e-21
Megakaryocytes|xCell	2.22421061973022e-19
Melanocytes|xCell	0.00782768181175207
Memory B-cells|xCell	0.00106256517699736
MEP|xCell	0.00595572375175026
Mesangial cells|xCell	0.0287312267100457
Monocytes|xCell	0.020522503123238
MSC|xCell	0.079841479342629
mv Endothelial cells|xCell	0.0241838874973536
Myocytes|xCell	0.0123326686482157
naive B-cells|xCell	4.69369518019007e-19
Neurons|xCell	0.0531167980432181
NKT|xCell	0.0262023011267804
pDC|xCell	0.0026908071212912
Pericytes|xCell	0.0108976225026221
Plasma cells|xCell	0.00749826290886379
Platelets|xCell	1.31418376483475e-18
Preadipocytes|xCell	1.17016663393011e-17
Sebocytes|xCell	0.0122479437186053
Skeletal muscle|xCell	1.93133818904114e-19
Smooth muscle|xCell	0.0506376943630679
Tgd cells|xCell	9.0423485928223e-19
Th2 cells|xCell	0.0252841428363999
T cells|MCPcounter	0.0553561497307954
CD8 T cells|MCPcounter	0.0109180519585867
Cytotoxic lymphocytes|MCPcounter	0.0580780125254278
B lineage|MCPcounter	0.145679577158232
NK cells|MCPcounter	0.0194657914522972
Monocytic lineage|MCPcounter	0.0879800090885725
Myeloid dendritic cells|MCPcounter	0.080424379558653
Neutrophils|MCPcounter	0.087181483675541
Endothelial cells|MCPcounter	0.19478856743017
Fibroblasts|MCPcounter	0.260127977421724
B cells|quanTIseq	0.0065726103733587
Macrophages M2|quanTIseq	0.0579944809576322
Monocytes|quanTIseq	0.147322546043939
NK cells|quanTIseq	0.00469549440071581
T cells CD4|quanTIseq	0.187696760434922
T cells CD8|quanTIseq	0.00230889352200034
Tregs|quanTIseq	0.00366688021649289
other|quanTIseq	0.589742334050939
Bcells|EPIC	0.0043892806997081
CAFs|EPIC	0.00212294816088845
CD4_Tcells|EPIC	0.0527970570925437
CD8_Tcells|EPIC	1.51099227319307e-07
Endothelial|EPIC	0.0471862442852958
Macrophages|EPIC	0.116600134950948
NKcells|EPIC	9.71208684584898e-09
otherCells|EPIC	0.776904173999302
B_cell|TIMER	0.0961466690392805
T_cell.CD4|TIMER	0.0819700727655592
T_cell.CD8|TIMER	0.208944458160135
Neutrophil|TIMER	0.105484769247652
Macrophage|TIMER	0.0427216706509741
DC|TIMER	0.464732360136399
B_cells|ConsensusTME	0.0235260649619516
Cytotoxic_cells|ConsensusTME	0.061997116420727
Dendritic_cells|ConsensusTME	0.0579615142661751
Eosinophils|ConsensusTME	0.0549404228410242
Macrophages|ConsensusTME	0.0694082421606517
Mast_cells|ConsensusTME	0.0439864662975897
NK_cells|ConsensusTME	0.053524839561169
Neutrophils|ConsensusTME	0.0411450079389057
T_cells_CD4|ConsensusTME	0.0514729012430069
T_cells_CD8|ConsensusTME	0.0500152504030718
T_cells_gamma_delta|ConsensusTME	0.05205386153116
T_regulatory_cells|ConsensusTME	0.0612405979418814
Macrophages_M1|ConsensusTME	0.065486403261522
Macrophages_M2|ConsensusTME	0.0824948636788163
Endothelial|ConsensusTME	0.0914576478758232
Fibroblasts|ConsensusTME	0.0606980260711353
Monocytes|ConsensusTME	0.0601571256791762
Plasma_cells|ConsensusTME	0.0184336478662129
DC|ImmuCellAI	0.0994208494208494
Bcell|ImmuCellAI	0.0424710424710425
Monocyte|ImmuCellAI	0.1496138996139
Macrophage|ImmuCellAI	0.126447876447876
NK|ImmuCellAI	0.177606177606178
Neutrophil|ImmuCellAI	0.0733590733590734
CD4_T|ImmuCellAI	0.0347490347490347
CD8_T|ImmuCellAI	0.0694980694980695
NKT|ImmuCellAI	0.0936293436293436
Gamma_delta|ImmuCellAI	0.0974903474903475
Tr1|ImmuCellAI	0.00193050193050193
nTreg|ImmuCellAI	0.0028957528957529
iTreg|ImmuCellAI	0.000965250965250965
Th2|ImmuCellAI	0.0028957528957529
Th17|ImmuCellAI	0.00482625482625483
Tfh|ImmuCellAI	0.00386100386100386
CD8_naive|ImmuCellAI	0.0028957528957529
Cytotoxic|ImmuCellAI	0.00868725868725869
Exhausted|ImmuCellAI	0.00193050193050193
MAIT|ImmuCellAI	0.00482625482625483
Monocytes C|ABIS	0.256730599889701
NK|ABIS	0.00136426888830276
T CD8 Memory|ABIS	0.164952511040243
T CD4 Naive|ABIS	0.213735459167432
MAIT|ABIS	0.0285256222099668
T gd Vd2|ABIS	0.00314195259124272
Neutrophils LD|ABIS	0.201746429542953
Basophils LD|ABIS	0.012402444439116
Monocytes NC+I|ABIS	0.0298072081353421
B Memory|ABIS	0.0429951407222688
mDCs|ABIS	0.0229445222123646
pDCs|ABIS	0.0214975703611344
Plasmablasts|ABIS	0.000156270799932861