TCGA_ACC	TCGA-OR-A5LS
B cells naive|CIBERSORT.x	0.0154909404754855
B cells memory|CIBERSORT.x	0.0282490811120538
Plasma cells|CIBERSORT.x	0.0369007811828278
T cells CD4 naive|CIBERSORT.x	0.193099096661031
T cells CD4 memory resting|CIBERSORT.x	0.121907719057927
NK cells activated|CIBERSORT.x	0.101099608793654
Monocytes|CIBERSORT.x	0.0443132501396966
Macrophages M1|CIBERSORT.x	0.0174192314653334
Macrophages M2|CIBERSORT.x	0.287991443646288
Dendritic cells activated|CIBERSORT.x	0.100502879416882
Mast cells resting|CIBERSORT.x	0.053025968048821
B cells naive|CIBERSORT.y	0.0154909404754855
B cells memory|CIBERSORT.y	0.0282490811120538
Plasma cells|CIBERSORT.y	0.0369007811828278
T cells CD4 naive|CIBERSORT.y	0.193099096661031
T cells CD4 memory resting|CIBERSORT.y	0.121907719057927
NK cells activated|CIBERSORT.y	0.101099608793654
Monocytes|CIBERSORT.y	0.0443132501396966
Macrophages M1|CIBERSORT.y	0.0174192314653334
Macrophages M2|CIBERSORT.y	0.287991443646288
Dendritic cells activated|CIBERSORT.y	0.100502879416882
Mast cells resting|CIBERSORT.y	0.053025968048821
aDC|xCell	0.0382567638901163
Adipocytes|xCell	1.77845550660056e-18
Astrocytes|xCell	2.3522025705931e-18
B-cells|xCell	0.012601981497512
Basophils|xCell	0.078228551767811
CD4+ memory T-cells|xCell	5.02217800926009e-21
CD4+ T-cells|xCell	1.29393135611528e-18
CD4+ Tcm|xCell	0.0265649996255098
CD4+ Tem|xCell	1.04155472285563e-17
CD8+ Tcm|xCell	0.00273099907211557
cDC|xCell	0.0229172368962315
Class-switched memory B-cells|xCell	0.0412697346459229
CLP|xCell	0.0126929608430827
CMP|xCell	0.00988386181529267
DC|xCell	0.00121223031383658
Endothelial cells|xCell	0.0517415633198467
Erythrocytes|xCell	0.000479024093136641
Fibroblasts|xCell	4.50012586551949e-19
GMP|xCell	0.0216433629794336
Hepatocytes|xCell	7.49883205061359e-19
HSC|xCell	0.02548180929259
iDC|xCell	0.0703475600007557
Keratinocytes|xCell	1.22889068322013e-19
ly Endothelial cells|xCell	0.00679211733432103
Macrophages|xCell	0.00891972591663542
Macrophages M1|xCell	0.000887502500906001
Macrophages M2|xCell	0.0120322341968293
Mast cells|xCell	0.000940101362002962
Megakaryocytes|xCell	0.000683076545622865
Melanocytes|xCell	0.00613258822612859
Memory B-cells|xCell	3.14931780909207e-18
MEP|xCell	0.0263203866774952
Mesangial cells|xCell	1.25822119105415e-18
MPP|xCell	0.0205540723539527
MSC|xCell	0.209836211849672
mv Endothelial cells|xCell	0.0271930962838583
Myocytes|xCell	0.00265878973236576
naive B-cells|xCell	0.00821987897728767
Neurons|xCell	0.0346151710113992
Neutrophils|xCell	0.000887930583510108
NK cells|xCell	9.85423828421036e-18
NKT|xCell	0.0217573928745777
Osteoblast|xCell	0.00586177940856155
pDC|xCell	1.87031399536718e-19
Pericytes|xCell	1.40138108535335e-17
Plasma cells|xCell	0.0321165845851897
Platelets|xCell	0.00157880725961867
Preadipocytes|xCell	1.49504437669993e-17
pro B-cells|xCell	0.0194742313513015
Smooth muscle|xCell	0.0963789848021271
Tgd cells|xCell	1.26209400441992e-18
Th1 cells|xCell	0.0104565705846088
Th2 cells|xCell	0.0296501255288338
T cells|MCPcounter	0.0497633898785005
Cytotoxic lymphocytes|MCPcounter	0.0253902958805194
B lineage|MCPcounter	0.182967045893579
NK cells|MCPcounter	0.0112734321878157
Monocytic lineage|MCPcounter	0.0899925815290722
Myeloid dendritic cells|MCPcounter	0.0217514190160371
Neutrophils|MCPcounter	0.148234275153075
Endothelial cells|MCPcounter	0.247787601903191
Fibroblasts|MCPcounter	0.22283995855821
B cells|quanTIseq	0.040794740812403
Macrophages M2|quanTIseq	0.0159747766763701
Monocytes|quanTIseq	0.0956875997897916
NK cells|quanTIseq	0.0199936805996675
T cells CD4|quanTIseq	0.0861181369848768
Tregs|quanTIseq	0.000101250547394411
other|quanTIseq	0.741329814589497
Bcells|EPIC	0.00405172903130138
CAFs|EPIC	0.00157353333746843
CD4_Tcells|EPIC	0.0906744482257585
CD8_Tcells|EPIC	0.00293235831111898
Endothelial|EPIC	0.0264133147890715
Macrophages|EPIC	0.012026520955698
NKcells|EPIC	3.34136696937705e-08
otherCells|EPIC	0.862328061935913
B_cell|TIMER	0.0965319512890176
T_cell.CD4|TIMER	0.0934742078362962
T_cell.CD8|TIMER	0.206250924075986
Neutrophil|TIMER	0.107212835685438
Macrophage|TIMER	0.0372537924600938
DC|TIMER	0.459276288653168
B_cells|ConsensusTME	0.0211062895086048
Cytotoxic_cells|ConsensusTME	0.0429310573779192
Dendritic_cells|ConsensusTME	0.0614136639487838
Eosinophils|ConsensusTME	0.045525333940534
Macrophages|ConsensusTME	0.0936477317210818
Mast_cells|ConsensusTME	0.0031920722321851
NK_cells|ConsensusTME	0.0196094346702456
Neutrophils|ConsensusTME	0.0486837583709527
T_cells_CD4|ConsensusTME	0.0256793204932301
T_cells_CD8|ConsensusTME	0.0342257429775495
T_cells_gamma_delta|ConsensusTME	0.0308171465566153
T_regulatory_cells|ConsensusTME	0.0346105211182417
Macrophages_M1|ConsensusTME	0.0778626450572622
Macrophages_M2|ConsensusTME	0.112211277542617
Endothelial|ConsensusTME	0.161781845300716
Fibroblasts|ConsensusTME	0.0421494328432454
Monocytes|ConsensusTME	0.0842249615282319
Plasma_cells|ConsensusTME	0.0603277648119838
DC|ImmuCellAI	0.0958254269449715
Bcell|ImmuCellAI	0.166034155597723
Monocyte|ImmuCellAI	0.108159392789374
Macrophage|ImmuCellAI	0.110056925996205
NK|ImmuCellAI	0.119544592030361
Neutrophil|ImmuCellAI	0.123339658444023
CD4_T|ImmuCellAI	0.0891840607210626
CD8_T|ImmuCellAI	0.0379506641366224
NKT|ImmuCellAI	0.0721062618595825
Gamma_delta|ImmuCellAI	0.0275142314990512
CD4_naive|ImmuCellAI	0.00094876660341556
Tr1|ImmuCellAI	0.00664136622390892
nTreg|ImmuCellAI	0.00664136622390892
iTreg|ImmuCellAI	0.0047438330170778
Th1|ImmuCellAI	0.0047438330170778
Th2|ImmuCellAI	0.0094876660341556
Th17|ImmuCellAI	0.00664136622390892
CD8_naive|ImmuCellAI	0.00379506641366224
Cytotoxic|ImmuCellAI	0.0047438330170778
MAIT|ImmuCellAI	0.00189753320683112
Monocytes C|ABIS	0.291424079553661
NK|ABIS	0.00281837761147291
T CD8 Memory|ABIS	0.0189170016552376
T CD4 Naive|ABIS	0.182140049721038
MAIT|ABIS	0.0132291194007912
Neutrophils LD|ABIS	0.267777827484614
Basophils LD|ABIS	0.018469640129607
Monocytes NC+I|ABIS	0.0837205140823017
B Memory|ABIS	0.0741341956759313
mDCs|ABIS	0.0120148524026509
pDCs|ABIS	0.0332325704754175
Plasmablasts|ABIS	0.00212177180727665