TCGA_ACC	TCGA-OR-A5K2
B cells naive|CIBERSORT.x	0.0030608810892213
B cells memory|CIBERSORT.x	0.00144011004555813
Plasma cells|CIBERSORT.x	0.00686132283299892
T cells CD8|CIBERSORT.x	0.0820308874430183
T cells CD4 memory resting|CIBERSORT.x	0.184632555941505
NK cells activated|CIBERSORT.x	0.104209758728499
Monocytes|CIBERSORT.x	0.0932473678083196
Macrophages M1|CIBERSORT.x	0.094350851122104
Macrophages M2|CIBERSORT.x	0.303937502805637
Dendritic cells activated|CIBERSORT.x	0.0355773943155624
Mast cells activated|CIBERSORT.x	0.0817634009766288
Eosinophils|CIBERSORT.x	0.008887966890947
B cells naive|CIBERSORT.y	0.0030608810892213
B cells memory|CIBERSORT.y	0.00144011004555813
Plasma cells|CIBERSORT.y	0.00686132283299892
T cells CD8|CIBERSORT.y	0.0820308874430183
T cells CD4 memory resting|CIBERSORT.y	0.184632555941505
NK cells activated|CIBERSORT.y	0.104209758728499
Monocytes|CIBERSORT.y	0.0932473678083196
Macrophages M1|CIBERSORT.y	0.094350851122104
Macrophages M2|CIBERSORT.y	0.303937502805637
Dendritic cells activated|CIBERSORT.y	0.0355773943155624
Mast cells activated|CIBERSORT.y	0.0817634009766288
Eosinophils|CIBERSORT.y	0.008887966890947
aDC|xCell	0.119012423769188
Astrocytes|xCell	7.81586852868259e-18
B-cells|xCell	0.00362388492404311
Basophils|xCell	0.0603972144954939
CD4+ memory T-cells|xCell	5.04384796279628e-20
CD4+ naive T-cells|xCell	1.24256710802118e-18
CD8+ T-cells|xCell	5.76598901657524e-18
CD8+ Tcm|xCell	4.3724929362063e-18
CD8+ Tem|xCell	1.41732837514365e-17
cDC|xCell	0.0274051111177971
Chondrocytes|xCell	6.83909453406296e-18
Class-switched memory B-cells|xCell	0.00577584784705214
CLP|xCell	0.00655472676429802
DC|xCell	0.00667739810039388
Endothelial cells|xCell	0.0514878939892717
Eosinophils|xCell	6.05357975923833e-20
Epithelial cells|xCell	0.00779375217187134
Erythrocytes|xCell	4.49780182527618e-20
Fibroblasts|xCell	2.20945412442485e-18
GMP|xCell	2.43617154770801e-18
Hepatocytes|xCell	0.000702096925809026
HSC|xCell	0.0476808744165304
iDC|xCell	1.25851825049446e-17
Keratinocytes|xCell	1.17448237208377e-19
ly Endothelial cells|xCell	0.00885643890615276
Macrophages|xCell	0.0273212294724305
Macrophages M1|xCell	0.0355007401870977
Mast cells|xCell	0.00141189895632513
Megakaryocytes|xCell	1.10971375204967e-20
Melanocytes|xCell	0.00422247174393822
Memory B-cells|xCell	6.14882462053939e-19
MEP|xCell	0.0236216785776127
Mesangial cells|xCell	0.0716805578997572
Monocytes|xCell	0.00943389737986348
MPP|xCell	0.00570551558145464
MSC|xCell	0.148413158320847
mv Endothelial cells|xCell	0.0287327191455803
Myocytes|xCell	0.00440830269673803
Neurons|xCell	0.0134584045926085
Neutrophils|xCell	0.00185525589942022
NK cells|xCell	1.49079063536641e-20
NKT|xCell	1.44144930078626e-19
Osteoblast|xCell	0.0176616157358121
pDC|xCell	0.0562705115358873
Pericytes|xCell	0.0196207054468714
Plasma cells|xCell	0.00298168498779957
pro B-cells|xCell	0.0336698945720626
Smooth muscle|xCell	0.0527978440392265
Tgd cells|xCell	3.43659558595203e-18
Th1 cells|xCell	0.0171106859733564
Th2 cells|xCell	0.078153563827409
Tregs|xCell	3.99059931137648e-18
T cells|MCPcounter	0.0274931423954417
CD8 T cells|MCPcounter	0.00293768693674859
Cytotoxic lymphocytes|MCPcounter	0.020619586431588
B lineage|MCPcounter	0.112502998199205
NK cells|MCPcounter	0.00289217952110847
Monocytic lineage|MCPcounter	0.101387294959235
Myeloid dendritic cells|MCPcounter	0.100891375576828
Neutrophils|MCPcounter	0.0848164484474948
Endothelial cells|MCPcounter	0.215709113444581
Fibroblasts|MCPcounter	0.330750174087769
B cells|quanTIseq	0.0388927115666794
Macrophages M2|quanTIseq	0.0118817967932559
NK cells|quanTIseq	0.0025781567493258
T cells CD4|quanTIseq	0.0826192171163642
Dendritic cells|quanTIseq	0.0734215824916532
other|quanTIseq	0.790606535282722
Bcells|EPIC	0.00173021221207712
CAFs|EPIC	0.00223045045136543
CD4_Tcells|EPIC	0.0290678414926299
CD8_Tcells|EPIC	0.00351526283370082
Endothelial|EPIC	0.0228478303227448
Macrophages|EPIC	0.031825537692948
NKcells|EPIC	2.08658507786998e-10
otherCells|EPIC	0.908782864785875
B_cell|TIMER	0.105072991836395
T_cell.CD4|TIMER	0.0855380415299308
T_cell.CD8|TIMER	0.199361938198675
Neutrophil|TIMER	0.104455811507383
Macrophage|TIMER	0.0489212836651869
DC|TIMER	0.456649933262428
B_cells|ConsensusTME	0.0291275037163833
Cytotoxic_cells|ConsensusTME	0.0429564502942277
Dendritic_cells|ConsensusTME	0.0649307662991293
Eosinophils|ConsensusTME	0.0668727613509842
Macrophages|ConsensusTME	0.0877074698381854
Mast_cells|ConsensusTME	0.038328143558583
NK_cells|ConsensusTME	0.0235346895931417
Neutrophils|ConsensusTME	0.0543834801140295
T_cells_CD4|ConsensusTME	0.0380332106768453
T_cells_CD8|ConsensusTME	0.0331362497780102
T_cells_gamma_delta|ConsensusTME	0.0312843638905081
T_regulatory_cells|ConsensusTME	0.0353085091873416
Macrophages_M1|ConsensusTME	0.0706124159305307
Macrophages_M2|ConsensusTME	0.102567833276851
Endothelial|ConsensusTME	0.100603533162586
Fibroblasts|ConsensusTME	0.066382813818805
Monocytes|ConsensusTME	0.0804836663114009
Plasma_cells|ConsensusTME	0.0337461392024571
DC|ImmuCellAI	0.126594700686948
Bcell|ImmuCellAI	0.0853778213935231
Monocyte|ImmuCellAI	0.148184494602552
Macrophage|ImmuCellAI	0.117762512266928
NK|ImmuCellAI	0.163886162904809
Neutrophil|ImmuCellAI	0.157016683022571
CD4_T|ImmuCellAI	0.0176643768400393
CD8_T|ImmuCellAI	0.0461236506378803
NKT|ImmuCellAI	0.0490677134445535
Gamma_delta|ImmuCellAI	0.0696761530912659
Tr1|ImmuCellAI	0.00098135426889107
nTreg|ImmuCellAI	0.00098135426889107
Th1|ImmuCellAI	0.00098135426889107
Th2|ImmuCellAI	0.00294406280667321
Th17|ImmuCellAI	0.00098135426889107
Tfh|ImmuCellAI	0.00098135426889107
CD8_naive|ImmuCellAI	0.00098135426889107
Cytotoxic|ImmuCellAI	0.00294406280667321
Exhausted|ImmuCellAI	0.00294406280667321
MAIT|ImmuCellAI	0.00392541707556428
Monocytes C|ABIS	0.714480763339503
NK|ABIS	0.004056880498688
T CD8 Memory|ABIS	0.0354304159354657
T CD4 Naive|ABIS	0.0929803733113051
MAIT|ABIS	0.00196237524725439
Neutrophils LD|ABIS	0.0905335213820603
Basophils LD|ABIS	0.0185471376236761
B Memory|ABIS	0.0268664341831087
mDCs|ABIS	0.00223642266332981
pDCs|ABIS	0.0127725670706582
Plasmablasts|ABIS	0.000133108744950921