TCGA_ACC	TCGA-OR-A5J7
B cells memory|CIBERSORT.x	0.0436101095572572
T cells CD8|CIBERSORT.x	0.0286983990278554
T cells CD4 naive|CIBERSORT.x	0.0400394214273466
T cells CD4 memory resting|CIBERSORT.x	0.115369171965169
NK cells activated|CIBERSORT.x	0.0911233117933069
Monocytes|CIBERSORT.x	0.150485713418636
Macrophages M2|CIBERSORT.x	0.185620135696839
Dendritic cells activated|CIBERSORT.x	0.205620078656562
Mast cells activated|CIBERSORT.x	0.139433658457027
B cells memory|CIBERSORT.y	0.0436101095572572
T cells CD8|CIBERSORT.y	0.0286983990278554
T cells CD4 naive|CIBERSORT.y	0.0400394214273466
T cells CD4 memory resting|CIBERSORT.y	0.115369171965169
NK cells activated|CIBERSORT.y	0.0911233117933069
Monocytes|CIBERSORT.y	0.150485713418636
Macrophages M2|CIBERSORT.y	0.185620135696839
Dendritic cells activated|CIBERSORT.y	0.205620078656562
Mast cells activated|CIBERSORT.y	0.139433658457027
aDC|xCell	0.0242884003501612
Astrocytes|xCell	1.01132663265717e-17
B-cells|xCell	0.0135028710191756
Basophils|xCell	0.0297577779248507
CD4+ memory T-cells|xCell	4.07917762127328e-20
CD4+ naive T-cells|xCell	2.48036269997841e-18
CD4+ T-cells|xCell	7.88270006153111e-19
CD4+ Tcm|xCell	8.64272428294119e-19
CD8+ naive T-cells|xCell	5.58217098018668e-19
CD8+ T-cells|xCell	5.68619005854218e-18
CD8+ Tcm|xCell	1.57401560437973e-18
Class-switched memory B-cells|xCell	0.0164837144289257
CLP|xCell	0.00628154344521014
CMP|xCell	3.1887593261594e-20
Endothelial cells|xCell	0.0652298608685331
Eosinophils|xCell	1.57775529055484e-19
Epithelial cells|xCell	0.00109483991467005
Erythrocytes|xCell	0.000937113110828721
HSC|xCell	0.0510776035015447
ly Endothelial cells|xCell	0.0160257792003962
Macrophages M1|xCell	0.00711615552970783
Macrophages M2|xCell	0.00335620726854156
Megakaryocytes|xCell	0.00161108837240168
Melanocytes|xCell	0.00203582381605225
Memory B-cells|xCell	8.67461156980026e-18
MEP|xCell	0.0113778412898131
Mesangial cells|xCell	0.0890652242205853
MSC|xCell	0.362618090699591
mv Endothelial cells|xCell	0.0443105733420912
Myocytes|xCell	0.000593872251465043
naive B-cells|xCell	3.48635572812087e-19
Neurons|xCell	0.0106247141238823
Neutrophils|xCell	1.00769396333096e-19
NK cells|xCell	1.16019260768125e-18
NKT|xCell	0.00742462035035741
pDC|xCell	5.04259221810142e-20
Pericytes|xCell	0.0374591414431169
Plasma cells|xCell	0.00491176206411
pro B-cells|xCell	0.0297097804204806
Sebocytes|xCell	0.00117453505900417
Smooth muscle|xCell	1.71836959091082e-17
Th1 cells|xCell	1.23499503350452e-18
Th2 cells|xCell	0.161931065984503
Tregs|xCell	1.67004329204308e-18
T cells|MCPcounter	0.0409969482616893
CD8 T cells|MCPcounter	0.00182105109914277
Cytotoxic lymphocytes|MCPcounter	0.0154743634092141
B lineage|MCPcounter	0.0585391225608508
NK cells|MCPcounter	0.00573235811861215
Monocytic lineage|MCPcounter	0.0636242556779432
Myeloid dendritic cells|MCPcounter	0.08362420938952
Neutrophils|MCPcounter	0.0866530131856906
Endothelial cells|MCPcounter	0.277387505762422
Fibroblasts|MCPcounter	0.366147172534915
B cells|quanTIseq	0.0174120134424252
Macrophages M2|quanTIseq	0.0515704804430314
Neutrophils|quanTIseq	0.0138153742111792
NK cells|quanTIseq	0.00874661229793143
T cells CD4|quanTIseq	0.0801032150633805
Tregs|quanTIseq	0.00285313888806718
Dendritic cells|quanTIseq	0.0713951350681185
other|quanTIseq	0.754104030585867
Bcells|EPIC	0.00202019949331973
CAFs|EPIC	0.00552596049674847
CD4_Tcells|EPIC	0.0377997706678053
CD8_Tcells|EPIC	0.00431337341429734
Endothelial|EPIC	0.0335303202065251
Macrophages|EPIC	0.00816219768763297
NKcells|EPIC	5.05313222808437e-12
otherCells|EPIC	0.908648178028618
B_cell|TIMER	0.158930385996492
T_cell.CD4|TIMER	0.0734841772832171
T_cell.CD8|TIMER	0.236200707405049
Neutrophil|TIMER	0.0782150585692813
Macrophage|TIMER	0.0487301695378167
DC|TIMER	0.404439501208143
B_cells|ConsensusTME	0.00511697040371411
Cytotoxic_cells|ConsensusTME	0.0350737734149764
Dendritic_cells|ConsensusTME	0.0486776405487132
Eosinophils|ConsensusTME	0.0458554168106249
Macrophages|ConsensusTME	0.0946177095676655
Mast_cells|ConsensusTME	0.0501362907317682
NK_cells|ConsensusTME	0.00841762781569341
Neutrophils|ConsensusTME	0.0414108519856318
T_cells_CD4|ConsensusTME	0.025827750265347
T_cells_CD8|ConsensusTME	0.0206513370698175
T_cells_gamma_delta|ConsensusTME	0.0104775142262825
T_regulatory_cells|ConsensusTME	0.0219439444474386
Macrophages_M1|ConsensusTME	0.0631448453979054
Macrophages_M2|ConsensusTME	0.123785881574606
Endothelial|ConsensusTME	0.22271421091015
Fibroblasts|ConsensusTME	0.0995502750683308
Monocytes|ConsensusTME	0.0778467690254535
Plasma_cells|ConsensusTME	0.00475119073588186
DC|ImmuCellAI	0.087378640776699
Bcell|ImmuCellAI	0.150485436893204
Monocyte|ImmuCellAI	0.14368932038835
Macrophage|ImmuCellAI	0.045631067961165
NK|ImmuCellAI	0.162135922330097
Neutrophil|ImmuCellAI	0.145631067961165
CD4_T|ImmuCellAI	0.0524271844660194
CD8_T|ImmuCellAI	0.000970873786407767
NKT|ImmuCellAI	0.133980582524272
Gamma_delta|ImmuCellAI	0.0495145631067961
CD4_naive|ImmuCellAI	0.000970873786407767
Tr1|ImmuCellAI	0.000970873786407767
nTreg|ImmuCellAI	0.0058252427184466
iTreg|ImmuCellAI	0.0029126213592233
Th1|ImmuCellAI	0.0029126213592233
Th2|ImmuCellAI	0.00776699029126214
Th17|ImmuCellAI	0.00485436893203883
Tfh|ImmuCellAI	0.00194174757281553
Monocytes C|ABIS	0.307753683070698
NK|ABIS	0.00507223662838743
T CD8 Memory|ABIS	0.0394665602826775
T CD4 Naive|ABIS	0.152452055965577
T CD4 Memory|ABIS	0.0249337474710056
MAIT|ABIS	0.0210868264326219
Neutrophils LD|ABIS	0.105291653606132
Basophils LD|ABIS	0.0246487903570513
Monocytes NC+I|ABIS	0.114695238366626
B Memory|ABIS	0.101159775453794
mDCs|ABIS	0.0596985153734363
pDCs|ABIS	0.0437409169919927