TCGA_ACC	TCGA-OR-A5KX
B cells memory|CIBERSORT.x	0.0106659213655439
Plasma cells|CIBERSORT.x	0.00457165536114285
T cells CD8|CIBERSORT.x	0.0697935364287457
T cells CD4 memory resting|CIBERSORT.x	0.137282197247916
NK cells resting|CIBERSORT.x	0.00625734812210344
NK cells activated|CIBERSORT.x	0.0853307675985238
Monocytes|CIBERSORT.x	0.192599662451095
Macrophages M0|CIBERSORT.x	0.0961484404829539
Macrophages M1|CIBERSORT.x	0.00677078100656983
Macrophages M2|CIBERSORT.x	0.375137276924085
Mast cells activated|CIBERSORT.x	0.0154424130113205
B cells memory|CIBERSORT.y	0.0106659213655439
Plasma cells|CIBERSORT.y	0.00457165536114285
T cells CD8|CIBERSORT.y	0.0697935364287457
T cells CD4 memory resting|CIBERSORT.y	0.137282197247916
NK cells resting|CIBERSORT.y	0.00625734812210344
NK cells activated|CIBERSORT.y	0.0853307675985238
Monocytes|CIBERSORT.y	0.192599662451095
Macrophages M0|CIBERSORT.y	0.0961484404829539
Macrophages M1|CIBERSORT.y	0.00677078100656983
Macrophages M2|CIBERSORT.y	0.375137276924085
Mast cells activated|CIBERSORT.y	0.0154424130113205
aDC|xCell	0.0249288284534337
Adipocytes|xCell	5.57956760855132e-19
Astrocytes|xCell	8.44396525361691e-18
B-cells|xCell	1.02504616245444e-18
Basophils|xCell	0.0481625511281748
CD4+ memory T-cells|xCell	1.80207092093327e-20
CD4+ naive T-cells|xCell	2.90476183491622e-18
CD4+ Tem|xCell	1.45351536800929e-17
CD8+ naive T-cells|xCell	7.31965256714786e-20
CD8+ Tcm|xCell	2.69158947332348e-18
CD8+ Tem|xCell	6.33086844741287e-18
cDC|xCell	0.00822067757473374
Chondrocytes|xCell	3.44557647543867e-19
Class-switched memory B-cells|xCell	0.0304001851585453
CLP|xCell	0.00449670265265669
CMP|xCell	0.0242673773141731
DC|xCell	0.00266751464402053
Endothelial cells|xCell	0.0696283248831483
Eosinophils|xCell	3.37677788730655e-20
Epithelial cells|xCell	0.0146392839482528
Fibroblasts|xCell	2.0358133909624e-18
GMP|xCell	0.0291868202374376
Hepatocytes|xCell	1.92954251010576e-19
HSC|xCell	0.0892791804708039
iDC|xCell	0.0537555619441603
ly Endothelial cells|xCell	0.0189205369538175
Macrophages|xCell	8.78031345346384e-19
Macrophages M1|xCell	0.00272089899011886
Macrophages M2|xCell	1.47464308069425e-18
Mast cells|xCell	0.00745116670105077
Megakaryocytes|xCell	7.43281215416704e-21
Melanocytes|xCell	0.00100692032616383
Memory B-cells|xCell	3.35304229544383e-18
MEP|xCell	0.0200420522301032
Mesangial cells|xCell	0.0529147789641265
Monocytes|xCell	0.0318457370845522
MPP|xCell	9.88854102690661e-18
MSC|xCell	0.156277593890198
mv Endothelial cells|xCell	0.0313659995942407
Myocytes|xCell	0.00767681689339284
naive B-cells|xCell	4.92508946293073e-19
Neurons|xCell	0.0142521234094388
Neutrophils|xCell	0.000818993903195279
NK cells|xCell	7.56110681156653e-18
NKT|xCell	0.0361362681060598
pDC|xCell	0.016494156318133
Pericytes|xCell	1.800089777317e-18
Plasma cells|xCell	0.00666328853075652
Platelets|xCell	2.07098293686981e-19
pro B-cells|xCell	0.00325564465386798
Sebocytes|xCell	0.000324652906780403
Smooth muscle|xCell	0.0906417462189621
Th1 cells|xCell	1.0386792984701e-17
Th2 cells|xCell	0.101557615915501
T cells|MCPcounter	0.0596086262705512
CD8 T cells|MCPcounter	0.00142050412173198
Cytotoxic lymphocytes|MCPcounter	0.0524109186379505
B lineage|MCPcounter	0.0733525239753384
NK cells|MCPcounter	0.00610183272530229
Monocytic lineage|MCPcounter	0.100988602138568
Myeloid dendritic cells|MCPcounter	0.0877816906565128
Neutrophils|MCPcounter	0.0674852456252404
Endothelial cells|MCPcounter	0.262128773617867
Fibroblasts|MCPcounter	0.288721282230937
B cells|quanTIseq	0.00566444566787796
Macrophages M2|quanTIseq	0.0129947695205581
Monocytes|quanTIseq	0.0558718555075005
Neutrophils|quanTIseq	0.00465685819414925
NK cells|quanTIseq	0.0083824444158769
T cells CD4|quanTIseq	0.0613710229303609
Tregs|quanTIseq	0.00281043591748447
other|quanTIseq	0.848248167846192
Bcells|EPIC	0.00153824329899078
CAFs|EPIC	0.00128713599855457
CD4_Tcells|EPIC	0.0504873362416714
CD8_Tcells|EPIC	0.000401744932844758
Endothelial|EPIC	0.037243106924823
Macrophages|EPIC	0.132329277061278
NKcells|EPIC	5.40269888283937e-06
otherCells|EPIC	0.776707752842955
B_cell|TIMER	0.101575025695999
T_cell.CD4|TIMER	0.0867828715743274
T_cell.CD8|TIMER	0.205791398869641
Neutrophil|TIMER	0.102392162625625
Macrophage|TIMER	0.0802939094497628
DC|TIMER	0.423164631784645
B_cells|ConsensusTME	0.0241328604623893
Cytotoxic_cells|ConsensusTME	0.0691279232271168
Dendritic_cells|ConsensusTME	0.0609722066993985
Eosinophils|ConsensusTME	0.0458680017917501
Macrophages|ConsensusTME	0.0805551995159351
Mast_cells|ConsensusTME	0.0317322089529899
NK_cells|ConsensusTME	0.0365189938765943
Neutrophils|ConsensusTME	0.044501198639634
T_cells_CD4|ConsensusTME	0.039800648742626
T_cells_CD8|ConsensusTME	0.041968971538202
T_cells_gamma_delta|ConsensusTME	0.0367519513149505
T_regulatory_cells|ConsensusTME	0.0423829905973682
Macrophages_M1|ConsensusTME	0.0608623973753381
Macrophages_M2|ConsensusTME	0.110116546789608
Endothelial|ConsensusTME	0.118309907447191
Fibroblasts|ConsensusTME	0.0514836707699192
Monocytes|ConsensusTME	0.0764341050338692
Plasma_cells|ConsensusTME	0.0284802172251193
DC|ImmuCellAI	0.0764762826718296
Bcell|ImmuCellAI	0.0997095837366893
Monocyte|ImmuCellAI	0.161665053242982
Macrophage|ImmuCellAI	0.0629235237173282
NK|ImmuCellAI	0.151984511132623
Neutrophil|ImmuCellAI	0.123910939012585
CD4_T|ImmuCellAI	0.0445304937076476
CD8_T|ImmuCellAI	0.0377541142303969
NKT|ImmuCellAI	0.150048402710552
Gamma_delta|ImmuCellAI	0.0600193610842207
CD4_naive|ImmuCellAI	0.00193610842207164
Tr1|ImmuCellAI	0.00193610842207164
nTreg|ImmuCellAI	0.00193610842207164
iTreg|ImmuCellAI	0.000968054211035818
Th1|ImmuCellAI	0.00290416263310745
Th2|ImmuCellAI	0.00580832526621491
Th17|ImmuCellAI	0.00387221684414327
Tfh|ImmuCellAI	0.00387221684414327
Cytotoxic|ImmuCellAI	0.00484027105517909
Exhausted|ImmuCellAI	0.000968054211035818
MAIT|ImmuCellAI	0.00193610842207164
Monocytes C|ABIS	0.470421213470169
T CD8 Memory|ABIS	0.0694202148778228
T CD4 Naive|ABIS	0.147984166897265
T CD4 Memory|ABIS	0.0152796660129697
MAIT|ABIS	0.0144374796972942
T gd Vd2|ABIS	0.0087226439837819
Neutrophils LD|ABIS	0.0643670969837699
Basophils LD|ABIS	0.00880686261534945
Monocytes NC+I|ABIS	0.0723077108172817
B Memory|ABIS	0.0563061708194473
mDCs|ABIS	0.0289952717253991
pDCs|ABIS	0.0429515020994502