TCGA_ACC	TCGA-OR-A5L6
B cells naive|CIBERSORT.x	0.00523787115727019
T cells CD8|CIBERSORT.x	0.0681317677150858
T cells CD4 memory resting|CIBERSORT.x	0.151005111797281
NK cells resting|CIBERSORT.x	0.0259797519924199
NK cells activated|CIBERSORT.x	0.179898131451525
Monocytes|CIBERSORT.x	0.0571964101417382
Macrophages M0|CIBERSORT.x	0.15940038392555
Macrophages M1|CIBERSORT.x	0.0155820854285392
Macrophages M2|CIBERSORT.x	0.2741544817751
Mast cells activated|CIBERSORT.x	0.0634140046154915
B cells naive|CIBERSORT.y	0.00523787115727019
T cells CD8|CIBERSORT.y	0.0681317677150858
T cells CD4 memory resting|CIBERSORT.y	0.151005111797281
NK cells resting|CIBERSORT.y	0.0259797519924199
NK cells activated|CIBERSORT.y	0.179898131451525
Monocytes|CIBERSORT.y	0.0571964101417382
Macrophages M0|CIBERSORT.y	0.15940038392555
Macrophages M1|CIBERSORT.y	0.0155820854285392
Macrophages M2|CIBERSORT.y	0.2741544817751
Mast cells activated|CIBERSORT.y	0.0634140046154915
aDC|xCell	0.0574514197875785
Adipocytes|xCell	1.33298220735559e-20
Astrocytes|xCell	0.0146650129051674
B-cells|xCell	0.00147591697148676
Basophils|xCell	0.0336060614878919
CD4+ naive T-cells|xCell	0.029932842853042
CD4+ T-cells|xCell	1.16478057005332e-18
CD4+ Tcm|xCell	0.0179182146974493
CD8+ naive T-cells|xCell	2.80572593037878e-19
CD8+ T-cells|xCell	1.62540031401554e-20
CD8+ Tcm|xCell	0.00900534410439923
CD8+ Tem|xCell	0.000574212017717838
cDC|xCell	0.0219226414486268
Chondrocytes|xCell	0.000987340328213389
Class-switched memory B-cells|xCell	0.00643161574825207
CLP|xCell	0.00338607330522537
CMP|xCell	0.00632412570154416
DC|xCell	0.00395058093657498
Endothelial cells|xCell	0.0817033829593299
Epithelial cells|xCell	0.0616472099812705
Erythrocytes|xCell	4.08300386366073e-05
Fibroblasts|xCell	0.0247422095077403
GMP|xCell	0.00405364881907548
HSC|xCell	0.0578846723470512
iDC|xCell	0.0261976342105418
Keratinocytes|xCell	0.000340101944477725
ly Endothelial cells|xCell	0.0316249614642583
Macrophages|xCell	0.0108423315390512
Macrophages M1|xCell	0.0158338793831304
Macrophages M2|xCell	0.00745804936776689
Mast cells|xCell	0.00663251653870026
MEP|xCell	0.0190221726884628
Mesangial cells|xCell	0.0170169596949046
Monocytes|xCell	0.0113620068368446
MPP|xCell	0.000167682214617623
MSC|xCell	1.10315093258089e-18
mv Endothelial cells|xCell	0.0331380275390813
Myocytes|xCell	2.48996564316707e-19
naive B-cells|xCell	8.52695380423914e-19
Neurons|xCell	0.0115083395321513
NK cells|xCell	0.00589129664505029
NKT|xCell	0.0770808979053801
Osteoblast|xCell	9.04488388789808e-21
pDC|xCell	0.0233389305624577
Pericytes|xCell	0.0972915686773691
Plasma cells|xCell	0.00241540461560551
Preadipocytes|xCell	8.18778459471793e-18
pro B-cells|xCell	0.0220463611666709
Sebocytes|xCell	0.000108722581013286
Skeletal muscle|xCell	1.3902183690645e-18
Smooth muscle|xCell	0.0695921689897406
Tgd cells|xCell	1.52385357705832e-19
Th1 cells|xCell	0.041246145715823
Th2 cells|xCell	0.0292814106324403
Tregs|xCell	0.00285907360818664
T cells|MCPcounter	0.0570725876087072
CD8 T cells|MCPcounter	0.00240729336817197
Cytotoxic lymphocytes|MCPcounter	0.0743919462160387
B lineage|MCPcounter	0.0617988090856675
NK cells|MCPcounter	0.0212879425649174
Monocytic lineage|MCPcounter	0.0994840067533464
Myeloid dendritic cells|MCPcounter	0.0601168842634569
Neutrophils|MCPcounter	0.0918575255053965
Endothelial cells|MCPcounter	0.210112132137953
Fibroblasts|MCPcounter	0.321470872496344
B cells|quanTIseq	0.0101621091350925
Macrophages M2|quanTIseq	0.0197508068994995
Monocytes|quanTIseq	0.0980980655188793
NK cells|quanTIseq	0.0179741389780448
T cells CD4|quanTIseq	0.0921080547480482
Tregs|quanTIseq	0.00404769752707207
other|quanTIseq	0.757859127193364
Bcells|EPIC	0.00145889007842565
CAFs|EPIC	0.00324627304970619
CD4_Tcells|EPIC	0.0608867792798421
CD8_Tcells|EPIC	8.65706321483735e-09
Endothelial|EPIC	0.0294446412187215
Macrophages|EPIC	0.0248362161539906
NKcells|EPIC	6.72732021806918e-11
otherCells|EPIC	0.880127191494978
B_cell|TIMER	0.0919814867980277
T_cell.CD4|TIMER	0.0974210781006026
T_cell.CD8|TIMER	0.211400703316875
Neutrophil|TIMER	0.103666437011873
Macrophage|TIMER	0.0429481801778905
DC|TIMER	0.452582114594732
B_cells|ConsensusTME	0.0225933869921205
Cytotoxic_cells|ConsensusTME	0.0793153349686296
Dendritic_cells|ConsensusTME	0.0559245768152629
Eosinophils|ConsensusTME	0.0526037147602221
Macrophages|ConsensusTME	0.067228546826898
Mast_cells|ConsensusTME	0.0429297566378235
NK_cells|ConsensusTME	0.056823231401237
Neutrophils|ConsensusTME	0.0412750830966945
T_cells_CD4|ConsensusTME	0.0498190606213878
T_cells_CD8|ConsensusTME	0.0534000716133376
T_cells_gamma_delta|ConsensusTME	0.0545573600876884
T_regulatory_cells|ConsensusTME	0.0579027306741788
Macrophages_M1|ConsensusTME	0.0598237409992829
Macrophages_M2|ConsensusTME	0.0831474401113807
Endothelial|ConsensusTME	0.100644310320255
Fibroblasts|ConsensusTME	0.0396107735228639
Monocytes|ConsensusTME	0.0618743539442352
Plasma_cells|ConsensusTME	0.0205265266065017
DC|ImmuCellAI	0.0921177587844255
Bcell|ImmuCellAI	0.050332383665717
Monocyte|ImmuCellAI	0.0978157644824312
Macrophage|ImmuCellAI	0.0645773979107312
NK|ImmuCellAI	0.173789173789174
Neutrophil|ImmuCellAI	0.0693257359924027
CD4_T|ImmuCellAI	0.0588793922127255
CD8_T|ImmuCellAI	0.0864197530864198
NKT|ImmuCellAI	0.131054131054131
Gamma_delta|ImmuCellAI	0.125356125356125
CD4_naive|ImmuCellAI	0.00379867046533713
Tr1|ImmuCellAI	0.00474833808167142
nTreg|ImmuCellAI	0.0056980056980057
iTreg|ImmuCellAI	0.00379867046533713
Th1|ImmuCellAI	0.00189933523266857
Th2|ImmuCellAI	0.000949667616334283
Th17|ImmuCellAI	0.00379867046533713
Tfh|ImmuCellAI	0.00379867046533713
CD8_naive|ImmuCellAI	0.00284900284900285
Cytotoxic|ImmuCellAI	0.00949667616334283
Exhausted|ImmuCellAI	0.00284900284900285
MAIT|ImmuCellAI	0.00664767331433998
Monocytes C|ABIS	0.198892617234366
T CD8 Memory|ABIS	0.0763491014544825
T CD4 Naive|ABIS	0.259843580580381
MAIT|ABIS	0.0420882441631433
T gd Vd2|ABIS	0.00380462329096707
Neutrophils LD|ABIS	0.24123749703265
T gd non-Vd2|ABIS	0.0203383740849336
Basophils LD|ABIS	0.00782738687180408
Monocytes NC+I|ABIS	0.0432431045212783
B Memory|ABIS	0.050749696849156
mDCs|ABIS	0.0315020242135722
pDCs|ABIS	0.024123749703265