TCGA_ACC	TCGA-OR-A5KU
B cells naive|CIBERSORT.x	0.159881656167881
Plasma cells|CIBERSORT.x	0.0318224345712338
T cells CD4 naive|CIBERSORT.x	0.0945285711445583
T cells CD4 memory resting|CIBERSORT.x	0.243680200297101
NK cells resting|CIBERSORT.x	0.00262881687002238
NK cells activated|CIBERSORT.x	0.0859460764188626
Monocytes|CIBERSORT.x	0.0146438972428944
Macrophages M0|CIBERSORT.x	0.047715164020443
Macrophages M1|CIBERSORT.x	0.00515821539639796
Macrophages M2|CIBERSORT.x	0.268336340850206
Dendritic cells activated|CIBERSORT.x	0.029075450582601
Mast cells resting|CIBERSORT.x	0.0165831764377984
B cells naive|CIBERSORT.y	0.159881656167881
Plasma cells|CIBERSORT.y	0.0318224345712338
T cells CD4 naive|CIBERSORT.y	0.0945285711445583
T cells CD4 memory resting|CIBERSORT.y	0.243680200297101
NK cells resting|CIBERSORT.y	0.00262881687002238
NK cells activated|CIBERSORT.y	0.0859460764188626
Monocytes|CIBERSORT.y	0.0146438972428944
Macrophages M0|CIBERSORT.y	0.047715164020443
Macrophages M1|CIBERSORT.y	0.00515821539639796
Macrophages M2|CIBERSORT.y	0.268336340850206
Dendritic cells activated|CIBERSORT.y	0.029075450582601
Mast cells resting|CIBERSORT.y	0.0165831764377984
Adipocytes|xCell	0.00152936585658179
B-cells|xCell	0.00629318254920211
Basophils|xCell	0.0559676072031293
CD4+ Tcm|xCell	0.0612752561427587
CD4+ Tem|xCell	4.16196497861424e-19
CD8+ naive T-cells|xCell	0.00119083303276649
CD8+ T-cells|xCell	5.30795725663396e-21
CD8+ Tcm|xCell	0.00492011064864506
CD8+ Tem|xCell	1.27076553549976e-17
cDC|xCell	0.00615894520377804
Chondrocytes|xCell	4.80733420263839e-18
Class-switched memory B-cells|xCell	0.00169320675306786
CLP|xCell	0.00907559787906199
CMP|xCell	8.23189086680641e-20
DC|xCell	0.00375321345205771
Endothelial cells|xCell	0.00786584646326442
Eosinophils|xCell	2.94754021922413e-18
Epithelial cells|xCell	0.0140271184803319
Fibroblasts|xCell	0.127789640656425
Hepatocytes|xCell	9.77240576340715e-05
HSC|xCell	0.00477435586664103
iDC|xCell	0.0881925812513528
Macrophages|xCell	1.65867721411645e-18
Macrophages M1|xCell	0.00101550837894638
Macrophages M2|xCell	0.000338445897150467
Megakaryocytes|xCell	3.59441793794476e-20
Melanocytes|xCell	0.00440877317420037
Memory B-cells|xCell	0.00185276295828277
MEP|xCell	0.000449040328260216
Mesangial cells|xCell	0.0157791255514625
Monocytes|xCell	1.54578872050061e-18
MPP|xCell	0.00514509961355908
MSC|xCell	0.195377640679672
Myocytes|xCell	0.0011796458217938
naive B-cells|xCell	0.00543051632560469
Neurons|xCell	0.0231116758850431
Neutrophils|xCell	4.46903730399593e-19
NK cells|xCell	1.13160699124253e-20
NKT|xCell	0.00805069389799019
Osteoblast|xCell	6.89890754226211e-19
pDC|xCell	2.3279363043575e-19
Pericytes|xCell	0.180988175337225
Plasma cells|xCell	0.0190248814102855
pro B-cells|xCell	0.0200075707888566
Sebocytes|xCell	3.94636755279869e-21
Skeletal muscle|xCell	6.9441215396895e-20
Smooth muscle|xCell	0.0953790510774584
Th1 cells|xCell	0.00455316238565615
Th2 cells|xCell	0.0233036449918541
T cells|MCPcounter	0.0564350784760759
CD8 T cells|MCPcounter	0.000679047265363058
Cytotoxic lymphocytes|MCPcounter	0.0248326912760945
B lineage|MCPcounter	0.126733433492365
NK cells|MCPcounter	0.0100922720644968
Monocytic lineage|MCPcounter	0.0503028615089149
Myeloid dendritic cells|MCPcounter	0.122604499672553
Neutrophils|MCPcounter	0.118696671841843
Endothelial cells|MCPcounter	0.157207311902024
Fibroblasts|MCPcounter	0.332416132500269
B cells|quanTIseq	0.0193113133998445
Macrophages M2|quanTIseq	0.0783499016688886
Neutrophils|quanTIseq	0.0652110133781518
NK cells|quanTIseq	0.0412523660885487
T cells CD4|quanTIseq	0.0768656743402263
Tregs|quanTIseq	0.0115115747323666
Dendritic cells|quanTIseq	0.00433579803125509
other|quanTIseq	0.703162358360718
Bcells|EPIC	0.00326110113484839
CAFs|EPIC	0.00513334818346504
CD4_Tcells|EPIC	0.0439657633209616
CD8_Tcells|EPIC	0.00705343683474647
Endothelial|EPIC	0.0122113988499799
Macrophages|EPIC	0.0125843844144068
NKcells|EPIC	2.57113048384106e-10
otherCells|EPIC	0.915790567004479
B_cell|TIMER	0.087646015666511
T_cell.CD4|TIMER	0.104647137814466
T_cell.CD8|TIMER	0.207989197463005
Neutrophil|TIMER	0.102340612470112
Macrophage|TIMER	0.039017727952631
DC|TIMER	0.458359308633275
B_cells|ConsensusTME	0.0156994711558496
Cytotoxic_cells|ConsensusTME	0.0424791413582723
Dendritic_cells|ConsensusTME	0.059812008534992
Eosinophils|ConsensusTME	0.0349410542648275
Macrophages|ConsensusTME	0.0760906401823986
Mast_cells|ConsensusTME	0.0190256020789229
NK_cells|ConsensusTME	0.0389312179069173
Neutrophils|ConsensusTME	0.0184143745992407
T_cells_CD4|ConsensusTME	0.0489267190420462
T_cells_CD8|ConsensusTME	0.0413983031047082
T_cells_gamma_delta|ConsensusTME	0.053090503121468
T_regulatory_cells|ConsensusTME	0.0638746454721581
Macrophages_M1|ConsensusTME	0.0669681043125608
Macrophages_M2|ConsensusTME	0.0973449746695848
Endothelial|ConsensusTME	0.102571646729918
Fibroblasts|ConsensusTME	0.137263444602957
Monocytes|ConsensusTME	0.0645300357066639
Plasma_cells|ConsensusTME	0.0186381131565143
DC|ImmuCellAI	0.0913415794481446
Bcell|ImmuCellAI	0.107516650808754
Monocyte|ImmuCellAI	0.0865842055185538
Macrophage|ImmuCellAI	0.0513796384395814
NK|ImmuCellAI	0.194100856327307
Neutrophil|ImmuCellAI	0.0789724072312084
CD4_T|ImmuCellAI	0.0970504281636537
CD8_T|ImmuCellAI	0.00761179828734539
NKT|ImmuCellAI	0.174119885823026
Gamma_delta|ImmuCellAI	0.0618458610846813
CD4_naive|ImmuCellAI	0.000951474785918173
Tr1|ImmuCellAI	0.0123691722169363
nTreg|ImmuCellAI	0.0114176974310181
iTreg|ImmuCellAI	0.00761179828734539
Th1|ImmuCellAI	0.00380589914367269
Th2|ImmuCellAI	0.00190294957183635
Th17|ImmuCellAI	0.00856327307326356
Tfh|ImmuCellAI	0.00190294957183635
CD8_naive|ImmuCellAI	0.000951474785918173
Monocytes C|ABIS	0.660439428981577
NK|ABIS	0.00358880293484329
T CD8 Memory|ABIS	0.0077258952069543
T CD4 Naive|ABIS	0.0755143950873275
MAIT|ABIS	0.00408724778690486
T gd Vd2|ABIS	0.000523367094664646
Neutrophils LD|ABIS	0.209596060291889
T gd non-Vd2|ABIS	0.000593149373953266
Basophils LD|ABIS	0.00488475955020337
B Memory|ABIS	0.0227540074966106
pDCs|ABIS	0.0102928861950714