TCGA_ACC	TCGA-OR-A5K6
B cells naive|CIBERSORT.x	0.0305888414141501
Plasma cells|CIBERSORT.x	0.00706298082683904
T cells CD8|CIBERSORT.x	0.0800338907389948
T cells CD4 memory resting|CIBERSORT.x	0.0598871787951009
NK cells activated|CIBERSORT.x	0.0908999788120085
Monocytes|CIBERSORT.x	0.103707302740613
Macrophages M0|CIBERSORT.x	0.0126917959653757
Macrophages M1|CIBERSORT.x	0.0240068273217188
Macrophages M2|CIBERSORT.x	0.467523949139327
Dendritic cells activated|CIBERSORT.x	0.0477970897825121
Mast cells activated|CIBERSORT.x	0.0720273622972007
Eosinophils|CIBERSORT.x	0.00377280216615871
B cells naive|CIBERSORT.y	0.0305888414141501
Plasma cells|CIBERSORT.y	0.00706298082683904
T cells CD8|CIBERSORT.y	0.0800338907389948
T cells CD4 memory resting|CIBERSORT.y	0.0598871787951009
NK cells activated|CIBERSORT.y	0.0908999788120085
Monocytes|CIBERSORT.y	0.103707302740613
Macrophages M0|CIBERSORT.y	0.0126917959653757
Macrophages M1|CIBERSORT.y	0.0240068273217188
Macrophages M2|CIBERSORT.y	0.467523949139327
Dendritic cells activated|CIBERSORT.y	0.0477970897825121
Mast cells activated|CIBERSORT.y	0.0720273622972007
Eosinophils|CIBERSORT.y	0.00377280216615871
aDC|xCell	0.139811654549079
Adipocytes|xCell	2.19950318986295e-19
Astrocytes|xCell	7.53214509705393e-18
Basophils|xCell	0.0188642425327889
CD4+ memory T-cells|xCell	4.63360011724966e-21
CD4+ naive T-cells|xCell	0.0077463985770863
CD4+ T-cells|xCell	1.1712741491718e-20
CD4+ Tcm|xCell	0.0210380212093674
CD4+ Tem|xCell	0.0268709211526044
CD8+ naive T-cells|xCell	0.0013747177740362
CD8+ T-cells|xCell	0.00730473500209798
CD8+ Tcm|xCell	6.8930841681957e-19
CD8+ Tem|xCell	1.18560832536889e-18
cDC|xCell	0.00409065374552858
Chondrocytes|xCell	2.8172127219958e-18
Class-switched memory B-cells|xCell	2.17137536144157e-19
CLP|xCell	8.63473837133685e-19
CMP|xCell	0.00697477844491143
DC|xCell	0.00772042765925964
Endothelial cells|xCell	0.0476609982024744
Eosinophils|xCell	1.14191646218807e-19
Epithelial cells|xCell	0.00716174836076166
Erythrocytes|xCell	0.000123571178436939
GMP|xCell	0.0703261257372833
Hepatocytes|xCell	6.98787610364205e-20
HSC|xCell	0.0469357574271415
Keratinocytes|xCell	1.97849683087764e-19
ly Endothelial cells|xCell	0.00960954532762588
Macrophages|xCell	0.0509715514714952
Macrophages M1|xCell	0.0525006939562688
Macrophages M2|xCell	0.00863305285490556
Mast cells|xCell	0.0119214234889187
Megakaryocytes|xCell	0.00187330734290499
Melanocytes|xCell	0.00186902141396646
MEP|xCell	0.0132979579493347
Mesangial cells|xCell	0.00436756593407266
Monocytes|xCell	0.0363801273219079
MPP|xCell	0.00762269573365705
MSC|xCell	0.115957334528947
mv Endothelial cells|xCell	0.0178281794484057
Myocytes|xCell	0.009955571412963
naive B-cells|xCell	9.18622812454911e-19
Neurons|xCell	0.0126269860802633
Neutrophils|xCell	3.31136468391574e-20
NK cells|xCell	7.54944257317162e-18
NKT|xCell	0.032337846766235
Osteoblast|xCell	0.00760114654849045
pDC|xCell	0.0246521142061498
Plasma cells|xCell	0.0161179523863849
Platelets|xCell	0.00203217571734202
pro B-cells|xCell	0.0102407413687973
Sebocytes|xCell	0.000595962490338508
Smooth muscle|xCell	0.107284779611891
Tgd cells|xCell	4.18988706085751e-18
Th1 cells|xCell	0.0191910307871768
Th2 cells|xCell	0.00478888184366613
Tregs|xCell	0.0057376024550327
T cells|MCPcounter	0.0671857892831003
CD8 T cells|MCPcounter	0.000915052906744114
Cytotoxic lymphocytes|MCPcounter	0.0289732711178761
B lineage|MCPcounter	0.111247319038189
NK cells|MCPcounter	0.00325409061454765
Monocytic lineage|MCPcounter	0.122403488173118
Myeloid dendritic cells|MCPcounter	0.0322048076142848
Neutrophils|MCPcounter	0.120943492156549
Endothelial cells|MCPcounter	0.204056785910645
Fibroblasts|MCPcounter	0.308815903184946
B cells|quanTIseq	0.00445910437048637
Macrophages M2|quanTIseq	0.0667586950849489
Neutrophils|quanTIseq	0.0223120692827463
NK cells|quanTIseq	0.0161265410368724
T cells CD4|quanTIseq	0.163692431320382
Tregs|quanTIseq	0.0202568812546238
Dendritic cells|quanTIseq	0.0104294044602571
other|quanTIseq	0.695964873189683
Bcells|EPIC	0.00431835438109235
CAFs|EPIC	0.00346437332404159
CD4_Tcells|EPIC	0.11079461792075
CD8_Tcells|EPIC	0.0130533576004323
Endothelial|EPIC	0.0240871845432459
Macrophages|EPIC	0.0548100138877352
NKcells|EPIC	8.4018688719266e-11
otherCells|EPIC	0.789472098258684
B_cell|TIMER	0.101968770519976
T_cell.CD4|TIMER	0.0793684227855696
T_cell.CD8|TIMER	0.200245646804856
Neutrophil|TIMER	0.110429620361715
Macrophage|TIMER	0.0515235905959646
DC|TIMER	0.45646394893192
B_cells|ConsensusTME	0.01732458910599
Cytotoxic_cells|ConsensusTME	0.0335697900365948
Dendritic_cells|ConsensusTME	0.0674450323123268
Eosinophils|ConsensusTME	0.0672517141387568
Macrophages|ConsensusTME	0.0921557615547263
Mast_cells|ConsensusTME	0.0504553529659908
NK_cells|ConsensusTME	0.021182050161733
Neutrophils|ConsensusTME	0.0639574514419502
T_cells_CD4|ConsensusTME	0.0404467435138292
T_cells_CD8|ConsensusTME	0.032699212110225
T_cells_gamma_delta|ConsensusTME	0.0332693631115623
T_regulatory_cells|ConsensusTME	0.0402906536668031
Macrophages_M1|ConsensusTME	0.0773047972786906
Macrophages_M2|ConsensusTME	0.104155935631179
Endothelial|ConsensusTME	0.0977863970946027
Fibroblasts|ConsensusTME	0.0645886762335161
Monocytes|ConsensusTME	0.08331722997067
Plasma_cells|ConsensusTME	0.0127992496708529
DC|ImmuCellAI	0.128584643848289
Bcell|ImmuCellAI	0.0582793709528215
Monocyte|ImmuCellAI	0.0749306197964847
Macrophage|ImmuCellAI	0.145235892691952
NK|ImmuCellAI	0.131359851988899
Neutrophil|ImmuCellAI	0.11840888066605
CD4_T|ImmuCellAI	0.126734505087882
CD8_T|ImmuCellAI	0.0129509713228492
NKT|ImmuCellAI	0.0712303422756707
Gamma_delta|ImmuCellAI	0.0564292321924144
CD4_naive|ImmuCellAI	0.000925069380203515
Tr1|ImmuCellAI	0.0157261794634598
nTreg|ImmuCellAI	0.0166512488436633
iTreg|ImmuCellAI	0.0101757631822387
Th1|ImmuCellAI	0.00462534690101758
Th2|ImmuCellAI	0.00925069380203515
Th17|ImmuCellAI	0.0129509713228492
Tfh|ImmuCellAI	0.00462534690101758
Cytotoxic|ImmuCellAI	0.000925069380203515
Monocytes C|ABIS	0.674879028601
NK|ABIS	0.00290758158567229
T CD8 Memory|ABIS	0.0125106033365166
T CD4 Naive|ABIS	0.0538836220464039
MAIT|ABIS	0.00274753122315822
Neutrophils LD|ABIS	0.226738013561601
Basophils LD|ABIS	0.00568178786924952
B Memory|ABIS	0.0155515602242839
pDCs|ABIS	0.00498823629835522
Plasmablasts|ABIS	0.00011203525375985