TCGA_ACC	TCGA-OR-A5JZ
B cells memory|CIBERSORT.x	0.0272981662857734
T cells CD8|CIBERSORT.x	0.133227297804285
T cells CD4 memory resting|CIBERSORT.x	0.145036981701097
T cells regulatory (Tregs)|CIBERSORT.x	0.0218271496998334
NK cells activated|CIBERSORT.x	0.149011910813323
Monocytes|CIBERSORT.x	0.0165710922038741
Macrophages M1|CIBERSORT.x	0.0238349140022529
Macrophages M2|CIBERSORT.x	0.436810020200657
Dendritic cells resting|CIBERSORT.x	0.00403356742399178
Mast cells resting|CIBERSORT.x	0.0402036282238715
Neutrophils|CIBERSORT.x	0.00214527164104146
B cells memory|CIBERSORT.y	0.0272981662857734
T cells CD8|CIBERSORT.y	0.133227297804285
T cells CD4 memory resting|CIBERSORT.y	0.145036981701097
T cells regulatory (Tregs)|CIBERSORT.y	0.0218271496998334
NK cells activated|CIBERSORT.y	0.149011910813323
Monocytes|CIBERSORT.y	0.0165710922038741
Macrophages M1|CIBERSORT.y	0.0238349140022529
Macrophages M2|CIBERSORT.y	0.436810020200657
Dendritic cells resting|CIBERSORT.y	0.00403356742399178
Mast cells resting|CIBERSORT.y	0.0402036282238715
Neutrophils|CIBERSORT.y	0.00214527164104146
Adipocytes|xCell	3.26583419500549e-19
Astrocytes|xCell	3.06153831187518e-18
B-cells|xCell	0.00928509798105062
CD4+ memory T-cells|xCell	0.00372882846463621
CD4+ naive T-cells|xCell	0.00512802473509706
CD4+ Tem|xCell	0.00577669122170666
CD8+ T-cells|xCell	0.0221372850847263
CD8+ Tcm|xCell	0.0165777546306795
cDC|xCell	0.0591563920771967
CLP|xCell	0.0073868933246449
CMP|xCell	0.000454923175683754
DC|xCell	0.0138943613344517
Endothelial cells|xCell	0.0533588158411651
Epithelial cells|xCell	0.0915209649042476
Erythrocytes|xCell	3.08710040541599e-21
Fibroblasts|xCell	8.47265529986668e-18
GMP|xCell	8.01501095796422e-19
Hepatocytes|xCell	2.11947737814928e-20
HSC|xCell	0.0415861857642769
iDC|xCell	0.1963778036614
Keratinocytes|xCell	0.00293001284501378
ly Endothelial cells|xCell	0.00905049098970059
Macrophages|xCell	0.00848311726760206
Macrophages M1|xCell	0.00811542790180165
Macrophages M2|xCell	0.00215332341672194
Mast cells|xCell	0.01558707075704
Megakaryocytes|xCell	0.00187349113071419
MEP|xCell	0.00253076314638797
Mesangial cells|xCell	0.0064016752967466
Monocytes|xCell	0.00786914180022481
MPP|xCell	2.20562471687929e-18
mv Endothelial cells|xCell	0.0277387198534022
naive B-cells|xCell	0.00469320114348768
Neurons|xCell	0.00741555430076814
Neutrophils|xCell	5.11354804178294e-20
NKT|xCell	0.0682181027504636
Osteoblast|xCell	0.0070688984770776
pDC|xCell	0.0119033982450446
Pericytes|xCell	0.0180290120148621
Plasma cells|xCell	0.00282504394399682
Platelets|xCell	0.000213942967920442
pro B-cells|xCell	1.410412402347e-18
Sebocytes|xCell	0.0031794011587362
Skeletal muscle|xCell	2.24129173746924e-18
Smooth muscle|xCell	0.200051639433834
Tgd cells|xCell	3.3835384689736e-18
Th2 cells|xCell	0.030031372922889
Tregs|xCell	0.0272671760346005
T cells|MCPcounter	0.050877888668067
CD8 T cells|MCPcounter	0.00720348526030504
Cytotoxic lymphocytes|MCPcounter	0.0696656150775407
B lineage|MCPcounter	0.109136121266161
NK cells|MCPcounter	0.00619097661387638
Monocytic lineage|MCPcounter	0.0886817547584986
Myeloid dendritic cells|MCPcounter	0.0868801572380878
Neutrophils|MCPcounter	0.106432465842544
Endothelial cells|MCPcounter	0.194460423126528
Fibroblasts|MCPcounter	0.280471112148391
B cells|quanTIseq	0.0201705953497929
Macrophages M2|quanTIseq	0.0362481250750811
Monocytes|quanTIseq	0.0248589439647223
Neutrophils|quanTIseq	0.0214285286954312
NK cells|quanTIseq	0.0160579757209372
T cells CD4|quanTIseq	0.0549195386258422
Tregs|quanTIseq	0.000895554640641549
Dendritic cells|quanTIseq	0.000588157108942599
other|quanTIseq	0.824832580818609
Bcells|EPIC	0.00383670196470167
CAFs|EPIC	0.00443764457232348
CD4_Tcells|EPIC	0.083274086604907
CD8_Tcells|EPIC	1.6243793144315e-07
Endothelial|EPIC	0.0327124074412476
Macrophages|EPIC	0.0339004950432175
NKcells|EPIC	1.42877030338063e-10
otherCells|EPIC	0.841838501792794
B_cell|TIMER	0.0988084717120739
T_cell.CD4|TIMER	0.0878047266006672
T_cell.CD8|TIMER	0.209562438051746
Neutrophil|TIMER	0.0994550347300788
Macrophage|TIMER	0.098696400667613
DC|TIMER	0.405672928237821
B_cells|ConsensusTME	0.0284577255754645
Cytotoxic_cells|ConsensusTME	0.0646038254699902
Dendritic_cells|ConsensusTME	0.0601166268500426
Eosinophils|ConsensusTME	0.0497095842963597
Macrophages|ConsensusTME	0.0708682402783047
Mast_cells|ConsensusTME	0.0363694620728391
NK_cells|ConsensusTME	0.044143476725887
Neutrophils|ConsensusTME	0.043960801091914
T_cells_CD4|ConsensusTME	0.047369562121971
T_cells_CD8|ConsensusTME	0.0476250349024226
T_cells_gamma_delta|ConsensusTME	0.0475138004476975
T_regulatory_cells|ConsensusTME	0.0583385107712222
Macrophages_M1|ConsensusTME	0.066270644911974
Macrophages_M2|ConsensusTME	0.084442164136461
Endothelial|ConsensusTME	0.0961450902322333
Fibroblasts|ConsensusTME	0.0578817288818696
Monocytes|ConsensusTME	0.0635079235089531
Plasma_cells|ConsensusTME	0.0326757977243938
DC|ImmuCellAI	0.0838095238095238
Bcell|ImmuCellAI	0.0533333333333333
Monocyte|ImmuCellAI	0.14
Macrophage|ImmuCellAI	0.080952380952381
NK|ImmuCellAI	0.188571428571429
Neutrophil|ImmuCellAI	0.059047619047619
CD4_T|ImmuCellAI	0.0504761904761905
CD8_T|ImmuCellAI	0.0923809523809524
NKT|ImmuCellAI	0.137142857142857
Gamma_delta|ImmuCellAI	0.0666666666666667
CD4_naive|ImmuCellAI	0.0019047619047619
Tr1|ImmuCellAI	0.00476190476190476
nTreg|ImmuCellAI	0.00666666666666667
iTreg|ImmuCellAI	0.00380952380952381
Th1|ImmuCellAI	0.0019047619047619
Th17|ImmuCellAI	0.00285714285714286
Tfh|ImmuCellAI	0.00380952380952381
CD8_naive|ImmuCellAI	0.00476190476190476
Cytotoxic|ImmuCellAI	0.00857142857142857
Exhausted|ImmuCellAI	0.00285714285714286
MAIT|ImmuCellAI	0.00571428571428571
Monocytes C|ABIS	0.229744026342312
T CD8 Memory|ABIS	0.0813807177779308
T CD4 Naive|ABIS	0.201573777880721
MAIT|ABIS	0.00870147674702491
T gd Vd2|ABIS	0.00421301715881134
Neutrophils LD|ABIS	0.286084523265495
T gd non-Vd2|ABIS	0.00701126183932942
Basophils LD|ABIS	0.00751206625642438
Monocytes NC+I|ABIS	0.0186549645367872
B Memory|ABIS	0.058656717352247
mDCs|ABIS	0.066356585265082
pDCs|ABIS	0.0301108655778344