TCGA_ACC	TCGA-OR-A5JB
B cells naive|CIBERSORT.x	0.0138106958261414
Plasma cells|CIBERSORT.x	0.00106865493497089
T cells CD8|CIBERSORT.x	0.37021475673805
T cells CD4 memory activated|CIBERSORT.x	0.0337449669626421
T cells follicular helper|CIBERSORT.x	0.0357986221681147
T cells regulatory (Tregs)|CIBERSORT.x	0.0194968379563172
NK cells activated|CIBERSORT.x	0.0848567991834675
Monocytes|CIBERSORT.x	0.0281833534910352
Macrophages M0|CIBERSORT.x	0.00133571520049018
Macrophages M1|CIBERSORT.x	0.094753904872769
Macrophages M2|CIBERSORT.x	0.126905036430618
Dendritic cells resting|CIBERSORT.x	0.0227072357715927
Mast cells activated|CIBERSORT.x	0.167123420463791
B cells naive|CIBERSORT.y	0.0138106958261414
Plasma cells|CIBERSORT.y	0.00106865493497089
T cells CD8|CIBERSORT.y	0.37021475673805
T cells CD4 memory activated|CIBERSORT.y	0.0337449669626421
T cells follicular helper|CIBERSORT.y	0.0357986221681147
T cells regulatory (Tregs)|CIBERSORT.y	0.0194968379563172
NK cells activated|CIBERSORT.y	0.0848567991834675
Monocytes|CIBERSORT.y	0.0281833534910352
Macrophages M0|CIBERSORT.y	0.00133571520049018
Macrophages M1|CIBERSORT.y	0.094753904872769
Macrophages M2|CIBERSORT.y	0.126905036430618
Dendritic cells resting|CIBERSORT.y	0.0227072357715927
Mast cells activated|CIBERSORT.y	0.167123420463791
aDC|xCell	0.0492608483354288
Astrocytes|xCell	7.26382956532706e-19
B-cells|xCell	7.32220618459364e-19
Basophils|xCell	0.0446004461571531
CD4+ memory T-cells|xCell	0.00573736221581372
CD4+ naive T-cells|xCell	0.00781603359456266
CD4+ T-cells|xCell	2.12338085514456e-18
CD4+ Tem|xCell	9.69010973836752e-19
CD8+ T-cells|xCell	0.0247933730091561
CD8+ Tcm|xCell	0.0469495500150896
CD8+ Tem|xCell	0.0177586637767654
cDC|xCell	0.0432795992031183
Class-switched memory B-cells|xCell	2.23643186645241e-19
CLP|xCell	0.00115495562739188
CMP|xCell	8.4430828639586e-19
DC|xCell	0.021175483222971
Epithelial cells|xCell	0.0720489823366229
Erythrocytes|xCell	5.31157560895716e-05
Fibroblasts|xCell	2.04591797738068e-18
GMP|xCell	0.0088735332271266
Hepatocytes|xCell	9.60649322535638e-19
HSC|xCell	0.0211822455491384
iDC|xCell	0.178983295070847
Keratinocytes|xCell	0.0269838518339323
ly Endothelial cells|xCell	5.97857602145406e-19
Macrophages|xCell	0.0168317392403871
Macrophages M1|xCell	0.00802425149000238
MEP|xCell	0.00375011860063806
Mesangial cells|xCell	0.0219442119074195
Monocytes|xCell	0.03635124977185
MSC|xCell	0.0467920460604005
mv Endothelial cells|xCell	1.01984670667407e-18
Myocytes|xCell	0.0010090237871719
naive B-cells|xCell	0.000348992084890952
Neurons|xCell	1.58710201222035e-21
Neutrophils|xCell	0.00240007743118558
NKT|xCell	0.0412858990892766
Osteoblast|xCell	2.84573100168881e-18
pDC|xCell	0.0333710150567161
Plasma cells|xCell	0.00341516266523254
Preadipocytes|xCell	0.0413288310724462
Sebocytes|xCell	0.0113469940500624
Smooth muscle|xCell	0.00117332068032131
Tgd cells|xCell	1.05205064763579e-17
Th1 cells|xCell	0.0474165540694357
Th2 cells|xCell	0.112559174011355
Tregs|xCell	1.00414584427705e-20
T cells|MCPcounter	0.110937126843984
CD8 T cells|MCPcounter	0.0703022779501547
Cytotoxic lymphocytes|MCPcounter	0.121952087468304
B lineage|MCPcounter	0.0726547498075851
NK cells|MCPcounter	0.0289108944772761
Monocytic lineage|MCPcounter	0.147039505797651
Myeloid dendritic cells|MCPcounter	0.0584161226240659
Neutrophils|MCPcounter	0.0717804575179515
Endothelial cells|MCPcounter	0.0780884821082092
Fibroblasts|MCPcounter	0.239918295404819
B cells|quanTIseq	0.0052983921193826
Macrophages M1|quanTIseq	0.0671388878402953
Macrophages M2|quanTIseq	0.0308972980664068
Neutrophils|quanTIseq	0.15287845909353
NK cells|quanTIseq	0.0120293248494583
T cells CD8|quanTIseq	0.0415485296553586
Tregs|quanTIseq	0.0107862732802477
Dendritic cells|quanTIseq	0.00638312044959066
other|quanTIseq	0.67303971464573
Bcells|EPIC	2.43318337403978e-07
CAFs|EPIC	0.00319705887804266
CD4_Tcells|EPIC	0.0174939421013306
CD8_Tcells|EPIC	7.56979139458264e-08
Endothelial|EPIC	0.0197719669334926
Macrophages|EPIC	0.261257121869287
NKcells|EPIC	0.00205535100840155
otherCells|EPIC	0.696224240193195
B_cell|TIMER	0.0738738978150109
T_cell.CD4|TIMER	0.0564778907285923
T_cell.CD8|TIMER	0.225379589622023
Neutrophil|TIMER	0.138736715564658
Macrophage|TIMER	0.0838253277589741
DC|TIMER	0.421706578510742
B_cells|ConsensusTME	0.0342720328666396
Cytotoxic_cells|ConsensusTME	0.0671011608813079
Dendritic_cells|ConsensusTME	0.0617715757828423
Eosinophils|ConsensusTME	0.0505254004358563
Macrophages|ConsensusTME	0.0704556907608634
Mast_cells|ConsensusTME	0.0400752136248726
NK_cells|ConsensusTME	0.0548517861331419
Neutrophils|ConsensusTME	0.0573818095856786
T_cells_CD4|ConsensusTME	0.0566519774408594
T_cells_CD8|ConsensusTME	0.058172735586306
T_cells_gamma_delta|ConsensusTME	0.0610754746515637
T_regulatory_cells|ConsensusTME	0.0650604610703097
Macrophages_M1|ConsensusTME	0.0680032685131918
Macrophages_M2|ConsensusTME	0.0727493445533897
Endothelial|ConsensusTME	0.0444998885183427
Fibroblasts|ConsensusTME	0.0340863151147576
Monocytes|ConsensusTME	0.0611802510483076
Plasma_cells|ConsensusTME	0.0420856134317694
DC|ImmuCellAI	0.0914285714285714
Bcell|ImmuCellAI	0.0314285714285714
Monocyte|ImmuCellAI	0.079047619047619
Macrophage|ImmuCellAI	0.0438095238095238
NK|ImmuCellAI	0.14
Neutrophil|ImmuCellAI	0.158095238095238
CD4_T|ImmuCellAI	0.0485714285714286
CD8_T|ImmuCellAI	0.0952380952380952
NKT|ImmuCellAI	0.141904761904762
Gamma_delta|ImmuCellAI	0.121904761904762
Tr1|ImmuCellAI	0.00380952380952381
nTreg|ImmuCellAI	0.00666666666666667
iTreg|ImmuCellAI	0.00285714285714286
Th1|ImmuCellAI	0.0019047619047619
Th17|ImmuCellAI	0.00285714285714286
Tfh|ImmuCellAI	0.00571428571428571
CD8_naive|ImmuCellAI	0.000952380952380952
Cytotoxic|ImmuCellAI	0.00761904761904762
Exhausted|ImmuCellAI	0.00857142857142857
MAIT|ImmuCellAI	0.00761904761904762
Monocytes C|ABIS	0.578161520330575
NK|ABIS	0.00135602915216126
T CD8 Memory|ABIS	0.22189567944457
T CD4 Naive|ABIS	0.150395960512431
Neutrophils LD|ABIS	0.0415438022071224
Basophils LD|ABIS	0.000890048225327666
B Memory|ABIS	0.00315584966321167
pDCs|ABIS	0.00232990463416799
Plasmablasts|ABIS	0.000271205830432253