TCGA_ACC	TCGA-OR-A5J9
B cells memory|CIBERSORT.x	0.00921307605662918
Plasma cells|CIBERSORT.x	0.000441497546085395
T cells CD8|CIBERSORT.x	0.162390956598756
T cells CD4 naive|CIBERSORT.x	0.0759431575524358
T cells CD4 memory resting|CIBERSORT.x	0.12561585542173
NK cells resting|CIBERSORT.x	0.0252198349834684
NK cells activated|CIBERSORT.x	0.0996948587855001
Monocytes|CIBERSORT.x	0.28017480606283
Macrophages M1|CIBERSORT.x	0.0104997339151762
Macrophages M2|CIBERSORT.x	0.157802062273868
Mast cells activated|CIBERSORT.x	0.053004160803521
B cells memory|CIBERSORT.y	0.00921307605662918
Plasma cells|CIBERSORT.y	0.000441497546085395
T cells CD8|CIBERSORT.y	0.162390956598756
T cells CD4 naive|CIBERSORT.y	0.0759431575524358
T cells CD4 memory resting|CIBERSORT.y	0.12561585542173
NK cells resting|CIBERSORT.y	0.0252198349834684
NK cells activated|CIBERSORT.y	0.0996948587855001
Monocytes|CIBERSORT.y	0.28017480606283
Macrophages M1|CIBERSORT.y	0.0104997339151762
Macrophages M2|CIBERSORT.y	0.157802062273868
Mast cells activated|CIBERSORT.y	0.053004160803521
aDC|xCell	0.00976250339146665
Adipocytes|xCell	0.00131899580696466
Basophils|xCell	0.0957905540403809
CD4+ naive T-cells|xCell	1.45231712071692e-18
CD4+ T-cells|xCell	3.1780315091895e-19
CD4+ Tcm|xCell	0.0214077611721081
CD4+ Tem|xCell	2.36024606005464e-18
CD8+ T-cells|xCell	3.34631694222495e-19
CD8+ Tem|xCell	2.13079862091337e-18
cDC|xCell	0.00266117113553443
Chondrocytes|xCell	0.00502024969679175
Class-switched memory B-cells|xCell	0.0138926423382537
CLP|xCell	0.00842512002641807
DC|xCell	3.96655555619951e-20
Endothelial cells|xCell	0.118792395421152
Epithelial cells|xCell	2.44220168262026e-19
Erythrocytes|xCell	7.44229319672292e-19
Fibroblasts|xCell	0.0147727083715553
GMP|xCell	5.66911634397418e-19
Hepatocytes|xCell	0.00120838263059518
HSC|xCell	0.107391564571065
Keratinocytes|xCell	8.26271691121971e-19
ly Endothelial cells|xCell	0.0378375200530459
Macrophages M2|xCell	0.00501460177093323
Mast cells|xCell	0.00351875224295247
Melanocytes|xCell	0.00187310946667062
MEP|xCell	0.0105457681257463
Mesangial cells|xCell	0.0717827186990984
Monocytes|xCell	8.01890845236157e-18
MSC|xCell	0.0831651576462877
mv Endothelial cells|xCell	0.0492309476610919
Myocytes|xCell	0.00669546813514256
Neurons|xCell	0.0274712661330917
Neutrophils|xCell	1.38715433410208e-18
NKT|xCell	0.0183555960608012
Osteoblast|xCell	0.0531154370313191
pDC|xCell	0.0338278026932372
Pericytes|xCell	0.108518350423469
Plasma cells|xCell	0.00468084670295652
Platelets|xCell	9.66061760759188e-18
Preadipocytes|xCell	8.8495526104502e-18
Sebocytes|xCell	5.30380260812775e-20
Skeletal muscle|xCell	0.000499409308442772
Smooth muscle|xCell	0.0639095480581327
Th1 cells|xCell	0.0164302238047157
Th2 cells|xCell	0.00308342738057857
Tregs|xCell	2.85785151692499e-19
T cells|MCPcounter	0.0500137668034158
CD8 T cells|MCPcounter	0.00315428520981365
Cytotoxic lymphocytes|MCPcounter	0.0479160096730975
B lineage|MCPcounter	0.0754746579197401
NK cells|MCPcounter	0.0137205446108822
Monocytic lineage|MCPcounter	0.064895360889524
Myeloid dendritic cells|MCPcounter	0.0163198431388264
Neutrophils|MCPcounter	0.0826453276009242
Endothelial cells|MCPcounter	0.284240582785109
Fibroblasts|MCPcounter	0.361619621368667
B cells|quanTIseq	0.0244569591516312
Monocytes|quanTIseq	0.0922883441196257
NK cells|quanTIseq	0.015457715162278
T cells CD4|quanTIseq	0.0934285299849504
Tregs|quanTIseq	0.000613195641521407
other|quanTIseq	0.773755255939993
Bcells|EPIC	0.00432898377885243
CAFs|EPIC	0.00231754030613542
CD4_Tcells|EPIC	0.0546483560602322
CD8_Tcells|EPIC	0.0158830959474854
Endothelial|EPIC	0.0660925642896342
Macrophages|EPIC	0.00556426536059944
NKcells|EPIC	1.74362450480662e-10
otherCells|EPIC	0.851165194082698
B_cell|TIMER	0.0973824898448603
T_cell.CD4|TIMER	0.0911548252301262
T_cell.CD8|TIMER	0.209887036988111
Neutrophil|TIMER	0.10798463502142
Macrophage|TIMER	0.031453424511142
DC|TIMER	0.462137588404341
B_cells|ConsensusTME	0.00982237735754133
Cytotoxic_cells|ConsensusTME	0.0710093255546496
Dendritic_cells|ConsensusTME	0.0495566998548391
Eosinophils|ConsensusTME	0.0489761095488229
Macrophages|ConsensusTME	0.072031805895864
Mast_cells|ConsensusTME	0.0165969796870441
NK_cells|ConsensusTME	0.027901420969922
Neutrophils|ConsensusTME	0.0486915435241173
T_cells_CD4|ConsensusTME	0.0453060445101003
T_cells_CD8|ConsensusTME	0.039877354390998
T_cells_gamma_delta|ConsensusTME	0.0442983137088585
T_regulatory_cells|ConsensusTME	0.0443883732596148
Macrophages_M1|ConsensusTME	0.0560356220589934
Macrophages_M2|ConsensusTME	0.0910142864069089
Endothelial|ConsensusTME	0.152925913040781
Fibroblasts|ConsensusTME	0.0958520095327555
Monocytes|ConsensusTME	0.0755516417094015
Plasma_cells|ConsensusTME	0.0101641789887875
DC|ImmuCellAI	0.118155619596542
Bcell|ImmuCellAI	0.107588856868396
Monocyte|ImmuCellAI	0.0912584053794429
Macrophage|ImmuCellAI	0.0201729106628242
NK|ImmuCellAI	0.133525456292027
Neutrophil|ImmuCellAI	0.100864553314121
CD4_T|ImmuCellAI	0.0441882804995197
CD8_T|ImmuCellAI	0.0634005763688761
NKT|ImmuCellAI	0.182516810758886
Gamma_delta|ImmuCellAI	0.0989433237271854
CD4_naive|ImmuCellAI	0.000960614793467819
Tr1|ImmuCellAI	0.0048030739673391
nTreg|ImmuCellAI	0.0048030739673391
iTreg|ImmuCellAI	0.00288184438040346
Th1|ImmuCellAI	0.00192122958693564
Th2|ImmuCellAI	0.0048030739673391
CD8_naive|ImmuCellAI	0.00384245917387128
Cytotoxic|ImmuCellAI	0.0048030739673391
Exhausted|ImmuCellAI	0.00288184438040346
MAIT|ImmuCellAI	0.00768491834774256
Monocytes C|ABIS	0.603360848299678
NK|ABIS	0.00591807129927982
T CD8 Memory|ABIS	0.0577044045341926
T CD4 Naive|ABIS	0.134151507760248
T CD4 Memory|ABIS	0.0183575747461391
Neutrophils LD|ABIS	0.0602718975056806
T gd non-Vd2|ABIS	0.00285633593078039
Basophils LD|ABIS	0.00582179031284902
B Memory|ABIS	0.0505796115383134
mDCs|ABIS	0.0311308522792919
pDCs|ABIS	0.0298471057935479