TCGA_ACC	TCGA-OR-A5JA
B cells naive|CIBERSORT.x	0.00349356792648234
B cells memory|CIBERSORT.x	0.0046213217504132
Plasma cells|CIBERSORT.x	0.0585955549213267
T cells CD8|CIBERSORT.x	0.0739235595958593
T cells CD4 memory resting|CIBERSORT.x	0.215508715405744
NK cells activated|CIBERSORT.x	0.100804978321724
Monocytes|CIBERSORT.x	0.0508091614710355
Macrophages M0|CIBERSORT.x	0.0811746181089626
Macrophages M2|CIBERSORT.x	0.293089577789656
Dendritic cells activated|CIBERSORT.x	0.0149297479098586
Mast cells activated|CIBERSORT.x	0.0766850910454077
Eosinophils|CIBERSORT.x	0.0147653620439148
Neutrophils|CIBERSORT.x	0.0115987437096151
B cells naive|CIBERSORT.y	0.00349356792648234
B cells memory|CIBERSORT.y	0.0046213217504132
Plasma cells|CIBERSORT.y	0.0585955549213267
T cells CD8|CIBERSORT.y	0.0739235595958593
T cells CD4 memory resting|CIBERSORT.y	0.215508715405744
NK cells activated|CIBERSORT.y	0.100804978321724
Monocytes|CIBERSORT.y	0.0508091614710355
Macrophages M0|CIBERSORT.y	0.0811746181089626
Macrophages M2|CIBERSORT.y	0.293089577789656
Dendritic cells activated|CIBERSORT.y	0.0149297479098586
Mast cells activated|CIBERSORT.y	0.0766850910454077
Eosinophils|CIBERSORT.y	0.0147653620439148
Neutrophils|CIBERSORT.y	0.0115987437096151
aDC|xCell	0.0516941776867317
Adipocytes|xCell	5.95521880431876e-20
Astrocytes|xCell	1.06466202232614e-17
B-cells|xCell	0.00729175849079597
Basophils|xCell	0.136080175599543
CD4+ T-cells|xCell	3.60240781851182e-18
CD4+ Tem|xCell	1.52674781621871e-17
CD8+ naive T-cells|xCell	6.87182960342972e-18
CD8+ T-cells|xCell	5.60438144042798e-18
CD8+ Tcm|xCell	7.00688655835254e-18
CD8+ Tem|xCell	1.26395800730597e-18
cDC|xCell	0.00382312824486838
Class-switched memory B-cells|xCell	0.000600842641612045
CLP|xCell	0.00545340422757632
CMP|xCell	0.00238218907524012
Endothelial cells|xCell	0.0156243307154322
Epithelial cells|xCell	0.0378559715117986
Fibroblasts|xCell	0.0496364952335158
Hepatocytes|xCell	0.00280935834097147
HSC|xCell	0.0152231289347195
iDC|xCell	5.82053813133494e-18
Macrophages|xCell	0.0134458753889849
Macrophages M1|xCell	0.0108996771848127
Macrophages M2|xCell	0.0216716480917817
Mast cells|xCell	0.00869236147038622
Megakaryocytes|xCell	4.7100402989222e-19
Melanocytes|xCell	0.00304849914206541
Memory B-cells|xCell	0.00086783094530526
MEP|xCell	0.00526898435344073
Mesangial cells|xCell	0.0412582897395858
Monocytes|xCell	0.00021881989390836
MPP|xCell	1.25462357134172e-19
MSC|xCell	0.308250643787735
mv Endothelial cells|xCell	0.00855516119999893
Myocytes|xCell	0.00780565943103772
naive B-cells|xCell	0.00260312850896742
Neurons|xCell	0.022114973086981
Neutrophils|xCell	0.00401926867274183
NKT|xCell	0.0768109312075397
Pericytes|xCell	0.0242275445910799
Plasma cells|xCell	0.0147418565518776
Platelets|xCell	1.10673686558995e-17
Preadipocytes|xCell	1.0764007241379e-17
pro B-cells|xCell	0.0133675929537383
Sebocytes|xCell	0.000559218311033217
Skeletal muscle|xCell	0.00259787694821155
Smooth muscle|xCell	6.29862598843706e-20
Tgd cells|xCell	2.07869675250429e-17
Th1 cells|xCell	0.0275242985149429
Th2 cells|xCell	0.0529748993210392
Tregs|xCell	1.3638708187652e-18
T cells|MCPcounter	0.0524429071388484
CD8 T cells|MCPcounter	0.000833188905256817
Cytotoxic lymphocytes|MCPcounter	0.0253603132038171
B lineage|MCPcounter	0.110103140459728
NK cells|MCPcounter	0.0120378706163311
Monocytic lineage|MCPcounter	0.0899185227347319
Myeloid dendritic cells|MCPcounter	0.0824000563863802
Neutrophils|MCPcounter	0.0971459486724306
Endothelial cells|MCPcounter	0.178397329529472
Fibroblasts|MCPcounter	0.351360722353004
B cells|quanTIseq	0.00413987117242655
Macrophages M2|quanTIseq	0.0375943399369344
Monocytes|quanTIseq	0.0328342583079304
Neutrophils|quanTIseq	0.00927654670026686
NK cells|quanTIseq	0.0116113037108493
T cells CD4|quanTIseq	0.0858461612298257
Tregs|quanTIseq	0.00607992105931943
other|quanTIseq	0.812617597882447
Bcells|EPIC	0.00112839352442414
CAFs|EPIC	0.00811540155041087
CD4_Tcells|EPIC	0.109775301911345
CD8_Tcells|EPIC	6.33345503966333e-08
Endothelial|EPIC	0.0141372413270052
Macrophages|EPIC	0.0162961919365609
NKcells|EPIC	9.18665413482131e-11
otherCells|EPIC	0.850547406323837
B_cell|TIMER	0.0973903830585678
T_cell.CD4|TIMER	0.0900591218190267
T_cell.CD8|TIMER	0.203885719424972
Neutrophil|TIMER	0.105483919121923
Macrophage|TIMER	0.0508302114032464
DC|TIMER	0.452350645172264
B_cells|ConsensusTME	0.0119895290403258
Cytotoxic_cells|ConsensusTME	0.0284559491437255
Dendritic_cells|ConsensusTME	0.0690342138138655
Eosinophils|ConsensusTME	0.0759880843097315
Macrophages|ConsensusTME	0.107488087209058
Mast_cells|ConsensusTME	0.0129744409300208
NK_cells|ConsensusTME	0.00225179229188344
Neutrophils|ConsensusTME	0.0493058943227579
T_cells_CD4|ConsensusTME	0.0286945263454756
T_cells_CD8|ConsensusTME	0.0190150167837523
T_cells_gamma_delta|ConsensusTME	0.014575099128398
T_regulatory_cells|ConsensusTME	0.0349607640756687
Macrophages_M1|ConsensusTME	0.0785093901469997
Macrophages_M2|ConsensusTME	0.125642556926447
Endothelial|ConsensusTME	0.131208562763913
Fibroblasts|ConsensusTME	0.094894771655169
Monocytes|ConsensusTME	0.0849825846123351
Plasma_cells|ConsensusTME	0.0300287365004729
DC|ImmuCellAI	0.13026444662096
Bcell|ImmuCellAI	0.120470127326151
Monocyte|ImmuCellAI	0.0783545543584721
Macrophage|ImmuCellAI	0.0950048971596474
NK|ImmuCellAI	0.102840352595495
Neutrophil|ImmuCellAI	0.149853085210578
CD4_T|ImmuCellAI	0.0342801175318315
CD8_T|ImmuCellAI	0.000979431929480901
NKT|ImmuCellAI	0.24975514201763
Gamma_delta|ImmuCellAI	0.0176297747306562
CD4_naive|ImmuCellAI	0.000979431929480901
Tr1|ImmuCellAI	0.0039177277179236
nTreg|ImmuCellAI	0.00489715964740451
iTreg|ImmuCellAI	0.0019588638589618
Th1|ImmuCellAI	0.000979431929480901
Th2|ImmuCellAI	0.0019588638589618
Th17|ImmuCellAI	0.0039177277179236
Tfh|ImmuCellAI	0.0019588638589618
Monocytes C|ABIS	0.407048103793799
NK|ABIS	0.00443106879598361
T CD8 Memory|ABIS	0.0287083330444008
T CD4 Naive|ABIS	0.222593596793543
MAIT|ABIS	0.0131059781289656
Neutrophils LD|ABIS	0.149782607188178
Basophils LD|ABIS	0.0304419280350047
Monocytes NC+I|ABIS	0.0161571053124285
B Memory|ABIS	0.0852928735377126
mDCs|ABIS	0.0117884459361066
pDCs|ABIS	0.0306499594338772