TCGA_ACC	TCGA-OR-A5K0
B cells memory|CIBERSORT.x	0.0324523290357282
Plasma cells|CIBERSORT.x	0.0036742212691984
T cells CD8|CIBERSORT.x	0.134290964796059
T cells CD4 memory resting|CIBERSORT.x	0.178138947995567
T cells follicular helper|CIBERSORT.x	0.0799930079152064
T cells regulatory (Tregs)|CIBERSORT.x	0.0111947896921733
NK cells activated|CIBERSORT.x	0.137381382510006
Monocytes|CIBERSORT.x	0.056969544942479
Macrophages M2|CIBERSORT.x	0.130362979254642
Dendritic cells activated|CIBERSORT.x	0.173277869412483
Mast cells resting|CIBERSORT.x	0.0545647341450149
Neutrophils|CIBERSORT.x	0.00769922903144225
B cells memory|CIBERSORT.y	0.0324523290357282
Plasma cells|CIBERSORT.y	0.0036742212691984
T cells CD8|CIBERSORT.y	0.134290964796059
T cells CD4 memory resting|CIBERSORT.y	0.178138947995567
T cells follicular helper|CIBERSORT.y	0.0799930079152064
T cells regulatory (Tregs)|CIBERSORT.y	0.0111947896921733
NK cells activated|CIBERSORT.y	0.137381382510006
Monocytes|CIBERSORT.y	0.056969544942479
Macrophages M2|CIBERSORT.y	0.130362979254642
Dendritic cells activated|CIBERSORT.y	0.173277869412483
Mast cells resting|CIBERSORT.y	0.0545647341450149
Neutrophils|CIBERSORT.y	0.00769922903144225
aDC|xCell	0.119346849552154
Astrocytes|xCell	7.25410367569472e-18
B-cells|xCell	0.108706054921739
Basophils|xCell	0.0324560915641789
CD4+ Tcm|xCell	3.24616306705456e-19
CD4+ Tem|xCell	1.70606602879791e-17
CD8+ naive T-cells|xCell	0.00183750140266073
CD8+ T-cells|xCell	7.52643278801882e-19
CD8+ Tem|xCell	3.305667677621e-19
Chondrocytes|xCell	1.1229591032375e-17
Class-switched memory B-cells|xCell	1.68857764578864e-18
CLP|xCell	1.03159801810347e-18
CMP|xCell	0.00815869985107396
DC|xCell	0.00204867195520882
Endothelial cells|xCell	2.04233983997143e-18
Epithelial cells|xCell	0.0243941007235355
Fibroblasts|xCell	9.57754135261561e-19
GMP|xCell	0.0391902424878607
Hepatocytes|xCell	0.000141701389608278
HSC|xCell	6.05477383172696e-19
iDC|xCell	0.00652420851840176
ly Endothelial cells|xCell	2.82845209577949e-19
Macrophages|xCell	0.0118711025015318
Macrophages M1|xCell	0.0267250591242216
Macrophages M2|xCell	1.17493615062364e-18
Mast cells|xCell	0.0097583361873707
Melanocytes|xCell	0.000132891418714381
Memory B-cells|xCell	0.0264360136951108
MEP|xCell	5.98297655803347e-18
Mesangial cells|xCell	1.04446981794058e-17
MPP|xCell	0.0195203152341326
MSC|xCell	0.163788759725015
mv Endothelial cells|xCell	8.10815386072097e-19
Myocytes|xCell	0.0160042322607421
Neurons|xCell	0.00841046933225841
Neutrophils|xCell	0.000693902090501825
NKT|xCell	0.0479631479101782
Osteoblast|xCell	0.0412269390993095
pDC|xCell	0.0193399969780038
Pericytes|xCell	0.0938843300637748
Plasma cells|xCell	0.0361668091510729
Platelets|xCell	3.18376572387886e-18
pro B-cells|xCell	0.0286150604821924
Sebocytes|xCell	0.00251881037248769
Skeletal muscle|xCell	0.0162253248814564
Tgd cells|xCell	5.89495531017543e-18
Th1 cells|xCell	0.00672108420320432
Th2 cells|xCell	0.0811932929222981
T cells|MCPcounter	0.055047747970863
CD8 T cells|MCPcounter	0.00311884800418131
Cytotoxic lymphocytes|MCPcounter	0.0205005613376388
B lineage|MCPcounter	0.229608598234864
NK cells|MCPcounter	0.0143506340083342
Monocytic lineage|MCPcounter	0.0812845586131257
Myeloid dendritic cells|MCPcounter	0.110356074672231
Neutrophils|MCPcounter	0.103907640642293
Endothelial cells|MCPcounter	0.154574050635848
Fibroblasts|MCPcounter	0.227251285880621
B cells|quanTIseq	0.020787083337009
Macrophages M2|quanTIseq	0.0725129365042828
Neutrophils|quanTIseq	0.0168800675958142
NK cells|quanTIseq	0.0360038638728735
T cells CD4|quanTIseq	0.0947450492124643
Tregs|quanTIseq	0.000426944773945127
Dendritic cells|quanTIseq	0.0417944438476755
other|quanTIseq	0.716849610855935
Bcells|EPIC	0.156679416417225
CAFs|EPIC	0.00131851837593834
CD4_Tcells|EPIC	0.0724802460248819
CD8_Tcells|EPIC	0.0115814517289015
Endothelial|EPIC	0.00622158328680835
Macrophages|EPIC	0.012369524733547
NKcells|EPIC	2.96690428573108e-09
otherCells|EPIC	0.739349256465794
B_cell|TIMER	0.192625373736918
T_cell.CD4|TIMER	0.0333555731165453
T_cell.CD8|TIMER	0.210407841188271
Neutrophil|TIMER	0.0750634161085921
Macrophage|TIMER	0.0122433588546923
DC|TIMER	0.476304436994982
B_cells|ConsensusTME	0.0303382694513778
Cytotoxic_cells|ConsensusTME	0.0513119159342775
Dendritic_cells|ConsensusTME	0.0669199081653993
Eosinophils|ConsensusTME	0.0520980319224571
Macrophages|ConsensusTME	0.087567011115048
Mast_cells|ConsensusTME	0.0399788632970654
NK_cells|ConsensusTME	0.0315140526325343
Neutrophils|ConsensusTME	0.0447757739397587
T_cells_CD4|ConsensusTME	0.0430265537328244
T_cells_CD8|ConsensusTME	0.0379114747811195
T_cells_gamma_delta|ConsensusTME	0.0381155329821177
T_regulatory_cells|ConsensusTME	0.0461279647128074
Macrophages_M1|ConsensusTME	0.0740555475561219
Macrophages_M2|ConsensusTME	0.12053413176649
Endothelial|ConsensusTME	0.0902596749403927
Fibroblasts|ConsensusTME	0.0712593845960081
Monocytes|ConsensusTME	0.0660621142506599
Plasma_cells|ConsensusTME	0.00814379422354065
DC|ImmuCellAI	0.120889748549323
Bcell|ImmuCellAI	0.161508704061896
Monocyte|ImmuCellAI	0.0851063829787234
Macrophage|ImmuCellAI	0.0735009671179884
NK|ImmuCellAI	0.0319148936170213
Neutrophil|ImmuCellAI	0.0870406189555126
CD4_T|ImmuCellAI	0.0299806576402321
CD8_T|ImmuCellAI	0.0560928433268859
NKT|ImmuCellAI	0.210831721470019
Gamma_delta|ImmuCellAI	0.110251450676983
Tr1|ImmuCellAI	0.000967117988394584
Th1|ImmuCellAI	0.00193423597678917
Th2|ImmuCellAI	0.00290135396518375
Th17|ImmuCellAI	0.00580270793036751
Tfh|ImmuCellAI	0.00193423597678917
CD8_naive|ImmuCellAI	0.00483558994197292
Cytotoxic|ImmuCellAI	0.0106382978723404
MAIT|ImmuCellAI	0.00386847195357834
Monocytes C|ABIS	0.517990733254921
NK|ABIS	0.00344207780606998
T CD8 Memory|ABIS	0.029131731675763
T CD4 Naive|ABIS	0.109139052387585
MAIT|ABIS	0.00889903042544921
T gd Vd2|ABIS	0.000130127331692889
Neutrophils LD|ABIS	0.231710603530564
T gd non-Vd2|ABIS	0.00432358553689278
Basophils LD|ABIS	0.00591869476409594
B Memory|ABIS	0.0608660099853838
mDCs|ABIS	0.000324059032473905
pDCs|ABIS	0.0281242942691084