TCGA_ACC	TCGA-OR-A5J8
B cells naive|CIBERSORT.x	0.0105820454430025
Plasma cells|CIBERSORT.x	0.0032572913272443
T cells CD8|CIBERSORT.x	0.150184655015164
T cells CD4 memory resting|CIBERSORT.x	0.0967523427024456
T cells follicular helper|CIBERSORT.x	0.0181174714957492
T cells regulatory (Tregs)|CIBERSORT.x	0.02075671838402
NK cells activated|CIBERSORT.x	0.106105370428908
Monocytes|CIBERSORT.x	0.0153377592373215
Macrophages M1|CIBERSORT.x	0.109223361747505
Macrophages M2|CIBERSORT.x	0.387049429345221
Dendritic cells resting|CIBERSORT.x	0.0114465443280736
Mast cells activated|CIBERSORT.x	0.0699133340683111
Neutrophils|CIBERSORT.x	0.00127367647703333
B cells naive|CIBERSORT.y	0.0105820454430025
Plasma cells|CIBERSORT.y	0.0032572913272443
T cells CD8|CIBERSORT.y	0.150184655015164
T cells CD4 memory resting|CIBERSORT.y	0.0967523427024456
T cells follicular helper|CIBERSORT.y	0.0181174714957492
T cells regulatory (Tregs)|CIBERSORT.y	0.02075671838402
NK cells activated|CIBERSORT.y	0.106105370428908
Monocytes|CIBERSORT.y	0.0153377592373215
Macrophages M1|CIBERSORT.y	0.109223361747505
Macrophages M2|CIBERSORT.y	0.387049429345221
Dendritic cells resting|CIBERSORT.y	0.0114465443280736
Mast cells activated|CIBERSORT.y	0.0699133340683111
Neutrophils|CIBERSORT.y	0.00127367647703333
aDC|xCell	0.0498760959476955
Adipocytes|xCell	0.000124493770200004
Astrocytes|xCell	0.0328381149917868
Basophils|xCell	0.0274069847552701
CD4+ memory T-cells|xCell	0.00122550157420983
CD4+ naive T-cells|xCell	0.00859934870035033
CD4+ T-cells|xCell	8.69245979127633e-19
CD4+ Tem|xCell	0.000457774280857952
CD8+ T-cells|xCell	0.0159972371525736
CD8+ Tcm|xCell	0.0326156257473608
CD8+ Tem|xCell	0.00839884708074924
cDC|xCell	0.0276910597461211
Chondrocytes|xCell	0.003162134134576
DC|xCell	0.0237363057325493
Endothelial cells|xCell	0.021671846338975
Eosinophils|xCell	1.08836430846135e-18
Epithelial cells|xCell	0.000634027405848431
Fibroblasts|xCell	0.0906744371829154
GMP|xCell	0.00250459572035704
Hepatocytes|xCell	1.63620413543259e-20
HSC|xCell	0.0385480451574039
iDC|xCell	0.264796333286244
ly Endothelial cells|xCell	0.00560469898783321
Macrophages|xCell	0.0240713221221263
Macrophages M1|xCell	0.0159932377260066
Macrophages M2|xCell	0.00134744395664338
Mast cells|xCell	0.000516916495323239
Megakaryocytes|xCell	3.88749121414137e-20
Melanocytes|xCell	0.000667387885697039
Memory B-cells|xCell	5.16399435074904e-19
MEP|xCell	1.45641114968227e-20
Mesangial cells|xCell	0.0163512562840527
Monocytes|xCell	0.0468489162914352
MSC|xCell	0.0475700759589842
mv Endothelial cells|xCell	0.0128152726902041
Myocytes|xCell	4.74220761407697e-19
Neurons|xCell	0.000685983946903778
Neutrophils|xCell	8.46049217676652e-20
NKT|xCell	0.0364965380403129
pDC|xCell	0.0087420051773344
Pericytes|xCell	0.0437859006189424
Preadipocytes|xCell	1.84435355987241e-18
pro B-cells|xCell	0.000518017163524385
Sebocytes|xCell	0.000328156376588485
Smooth muscle|xCell	0.0231161910100198
Tgd cells|xCell	4.66445025951998e-19
Th1 cells|xCell	0.00138396531243681
Th2 cells|xCell	0.0410696934505437
Tregs|xCell	0.0211282117990429
T cells|MCPcounter	0.082899870611153
CD8 T cells|MCPcounter	0.042328067848581
Cytotoxic lymphocytes|MCPcounter	0.0600427962313105
B lineage|MCPcounter	0.0808553267259155
NK cells|MCPcounter	0.00725269002137018
Monocytic lineage|MCPcounter	0.149957879715464
Myeloid dendritic cells|MCPcounter	0.0491462203882754
Neutrophils|MCPcounter	0.0528958238824403
Endothelial cells|MCPcounter	0.125463469005857
Fibroblasts|MCPcounter	0.349157855569633
B cells|quanTIseq	0.0113822292966695
Macrophages M1|quanTIseq	0.0683891726226334
Macrophages M2|quanTIseq	0.114924482229085
Neutrophils|quanTIseq	0.0926893963453289
NK cells|quanTIseq	0.0332530898705492
T cells CD8|quanTIseq	0.0219003723227455
Tregs|quanTIseq	0.0154958367821115
Dendritic cells|quanTIseq	0.0398359440348283
other|quanTIseq	0.602129476496049
Bcells|EPIC	0.000497082611742624
CAFs|EPIC	0.323655960104498
CD4_Tcells|EPIC	0.0016834588646365
CD8_Tcells|EPIC	1.1633745267959e-07
Endothelial|EPIC	0.0593248808505557
Macrophages|EPIC	0.487920635757557
NKcells|EPIC	1.55643546518404e-06
otherCells|EPIC	0.126916309038092
B_cell|TIMER	0.0848346475274872
T_cell.CD4|TIMER	0.101986919890789
T_cell.CD8|TIMER	0.180268493112392
Neutrophil|TIMER	0.0951031101665728
Macrophage|TIMER	0.190414116546434
DC|TIMER	0.347392712756324
B_cells|ConsensusTME	0.0348842311922344
Cytotoxic_cells|ConsensusTME	0.0493279873868602
Dendritic_cells|ConsensusTME	0.0605616690046864
Eosinophils|ConsensusTME	0.0537997686687352
Macrophages|ConsensusTME	0.0715691305797723
Mast_cells|ConsensusTME	0.0419661944382386
NK_cells|ConsensusTME	0.0450240990184673
Neutrophils|ConsensusTME	0.0532016833736083
T_cells_CD4|ConsensusTME	0.0518882968069592
T_cells_CD8|ConsensusTME	0.050813323881353
T_cells_gamma_delta|ConsensusTME	0.0505662472650538
T_regulatory_cells|ConsensusTME	0.0583308112391262
Macrophages_M1|ConsensusTME	0.0683004843470154
Macrophages_M2|ConsensusTME	0.0757443792412224
Endothelial|ConsensusTME	0.0619678258976289
Fibroblasts|ConsensusTME	0.0679235003698251
Monocytes|ConsensusTME	0.0649025418519657
Plasma_cells|ConsensusTME	0.0392278254372475
DC|ImmuCellAI	0.108614232209738
Bcell|ImmuCellAI	0.00374531835205993
Monocyte|ImmuCellAI	0.0842696629213483
Macrophage|ImmuCellAI	0.0636704119850187
NK|ImmuCellAI	0.191947565543071
Neutrophil|ImmuCellAI	0.0805243445692884
CD4_T|ImmuCellAI	0.0702247191011236
CD8_T|ImmuCellAI	0.106741573033708
NKT|ImmuCellAI	0.151685393258427
Gamma_delta|ImmuCellAI	0.0749063670411985
Tr1|ImmuCellAI	0.00936329588014981
nTreg|ImmuCellAI	0.00749063670411985
iTreg|ImmuCellAI	0.00468164794007491
Th1|ImmuCellAI	0.00187265917602996
Th2|ImmuCellAI	0.00280898876404494
Th17|ImmuCellAI	0.000936329588014981
Tfh|ImmuCellAI	0.00749063670411985
CD8_naive|ImmuCellAI	0.00280898876404494
Cytotoxic|ImmuCellAI	0.00749063670411985
Exhausted|ImmuCellAI	0.00842696629213483
MAIT|ImmuCellAI	0.0102996254681648
Monocytes C|ABIS	0.654084563171141
T CD8 Memory|ABIS	0.140346621501622
T CD4 Naive|ABIS	0.0823886648444708
T CD4 Memory|ABIS	0.0463490385823259
T gd Vd2|ABIS	0.000307549695265901
Neutrophils LD|ABIS	0.0157673364896884
Basophils LD|ABIS	0.00136014935652807
Monocytes NC+I|ABIS	0.0512005267329992
B Memory|ABIS	0.00291955626210165
mDCs|ABIS	0.00134282261313281
pDCs|ABIS	0.00270297196966087
Plasmablasts|ABIS	0.0012301987810636