TCGA_ACC	TCGA-OR-A5LD
B cells memory|CIBERSORT.x	0.00440251995278903
Plasma cells|CIBERSORT.x	0.0234152755129574
T cells CD8|CIBERSORT.x	0.0292526886284737
T cells CD4 memory resting|CIBERSORT.x	0.0769543204745146
T cells regulatory (Tregs)|CIBERSORT.x	0.0165392812335669
NK cells resting|CIBERSORT.x	0.0122190058824534
NK cells activated|CIBERSORT.x	0.0909614598162287
Monocytes|CIBERSORT.x	0.196874424755112
Macrophages M0|CIBERSORT.x	0.177068762482916
Macrophages M1|CIBERSORT.x	0.0422938696048715
Macrophages M2|CIBERSORT.x	0.235557566844229
Dendritic cells activated|CIBERSORT.x	0.036536857973129
Mast cells resting|CIBERSORT.x	0.0579239668387593
B cells memory|CIBERSORT.y	0.00440251995278903
Plasma cells|CIBERSORT.y	0.0234152755129574
T cells CD8|CIBERSORT.y	0.0292526886284737
T cells CD4 memory resting|CIBERSORT.y	0.0769543204745146
T cells regulatory (Tregs)|CIBERSORT.y	0.0165392812335669
NK cells resting|CIBERSORT.y	0.0122190058824534
NK cells activated|CIBERSORT.y	0.0909614598162287
Monocytes|CIBERSORT.y	0.196874424755112
Macrophages M0|CIBERSORT.y	0.177068762482916
Macrophages M1|CIBERSORT.y	0.0422938696048715
Macrophages M2|CIBERSORT.y	0.235557566844229
Dendritic cells activated|CIBERSORT.y	0.036536857973129
Mast cells resting|CIBERSORT.y	0.0579239668387593
aDC|xCell	0.00835838150034989
B-cells|xCell	0.0148949463034743
Basophils|xCell	0.0869940008044756
CD4+ naive T-cells|xCell	3.24063424558073e-18
CD4+ Tcm|xCell	0.0588867117894114
CD4+ Tem|xCell	4.81571830971656e-19
CD8+ naive T-cells|xCell	1.39813054233809e-19
CD8+ Tcm|xCell	0.00610136845862761
CD8+ Tem|xCell	1.27675706445313e-18
cDC|xCell	4.72490737229591e-20
Class-switched memory B-cells|xCell	0.0210743396338849
CLP|xCell	0.000591901979121899
CMP|xCell	0.00277614279870047
DC|xCell	1.07232420497814e-20
Endothelial cells|xCell	0.0543885464739364
Fibroblasts|xCell	0.0190651961494028
GMP|xCell	3.94136768899234e-18
Hepatocytes|xCell	0.00186232539028125
HSC|xCell	0.0883799938678694
ly Endothelial cells|xCell	0.0100503794237848
Macrophages M1|xCell	0.00465879113709628
Macrophages M2|xCell	6.678262776497e-19
Mast cells|xCell	0.0168740198083164
Melanocytes|xCell	0.00028265063861161
Memory B-cells|xCell	1.87675226814124e-05
MEP|xCell	0.00463060821428346
Mesangial cells|xCell	0.0551333801862303
MSC|xCell	0.213211638571717
mv Endothelial cells|xCell	0.0324213922508579
Myocytes|xCell	0.0122111752712684
naive B-cells|xCell	0.00166906059145883
Neurons|xCell	0.0134173911523336
NK cells|xCell	4.94859038722938e-19
Osteoblast|xCell	0.0105280144386377
pDC|xCell	0.0237133702599456
Pericytes|xCell	0.00651731625705831
Plasma cells|xCell	0.0169971649433642
Preadipocytes|xCell	0.00145362244392352
pro B-cells|xCell	0.0638505650356394
Skeletal muscle|xCell	0.0172465326666436
Smooth muscle|xCell	0.045438330107834
Tgd cells|xCell	1.3397959779607e-18
Th1 cells|xCell	0.0638448162300197
Th2 cells|xCell	0.022457157698758
Tregs|xCell	1.8297503487009e-18
T cells|MCPcounter	0.078633432630972
Cytotoxic lymphocytes|MCPcounter	0.0257757236239324
B lineage|MCPcounter	0.120579147632869
NK cells|MCPcounter	0.0266612519184627
Monocytic lineage|MCPcounter	0.0468636963449861
Myeloid dendritic cells|MCPcounter	0.0311481335654225
Neutrophils|MCPcounter	0.0720054965500136
Endothelial cells|MCPcounter	0.213571894815728
Fibroblasts|MCPcounter	0.384761222917613
B cells|quanTIseq	0.0463773537088413
Macrophages M2|quanTIseq	0.000936057718549012
Monocytes|quanTIseq	0.0898806409944918
NK cells|quanTIseq	0.0247093119003157
other|quanTIseq	0.838096635677802
Bcells|EPIC	0.00241195304927437
CAFs|EPIC	0.00478459451433434
CD4_Tcells|EPIC	0.028588082427232
CD8_Tcells|EPIC	0.0121566662094676
Endothelial|EPIC	0.027847772325069
Macrophages|EPIC	0.0027230000280255
NKcells|EPIC	4.92111798578842e-09
otherCells|EPIC	0.921487926525479
B_cell|TIMER	0.100564985063661
T_cell.CD4|TIMER	0.0899974688578403
T_cell.CD8|TIMER	0.204748674285947
Neutrophil|TIMER	0.107515063741949
Macrophage|TIMER	0.0303450014968526
DC|TIMER	0.46682880655375
B_cells|ConsensusTME	0.0205660489924228
Cytotoxic_cells|ConsensusTME	0.0724625346423657
Dendritic_cells|ConsensusTME	0.0469064504846638
Eosinophils|ConsensusTME	0.0412123174522152
Macrophages|ConsensusTME	0.0787651927478273
Mast_cells|ConsensusTME	0.00165255328319405
NK_cells|ConsensusTME	0.0456158694831611
Neutrophils|ConsensusTME	0.0491282664015602
T_cells_CD4|ConsensusTME	0.0385212170788328
T_cells_CD8|ConsensusTME	0.046054532290803
T_cells_gamma_delta|ConsensusTME	0.0425529550896758
T_regulatory_cells|ConsensusTME	0.0410554851490686
Macrophages_M1|ConsensusTME	0.0591284023501035
Macrophages_M2|ConsensusTME	0.0899650531303267
Endothelial|ConsensusTME	0.125170686538819
Fibroblasts|ConsensusTME	0.0947205661201401
Monocytes|ConsensusTME	0.0661377385737922
Plasma_cells|ConsensusTME	0.0403841301910283
DC|ImmuCellAI	0.16542750929368
Bcell|ImmuCellAI	0.134758364312268
Monocyte|ImmuCellAI	0.0557620817843866
Macrophage|ImmuCellAI	0.0139405204460967
NK|ImmuCellAI	0.116171003717472
Neutrophil|ImmuCellAI	0.116171003717472
CD4_T|ImmuCellAI	0.105947955390335
CD8_T|ImmuCellAI	0.0557620817843866
Gamma_delta|ImmuCellAI	0.16728624535316
CD4_naive|ImmuCellAI	0.00185873605947955
Tr1|ImmuCellAI	0.000929368029739777
nTreg|ImmuCellAI	0.00929368029739777
iTreg|ImmuCellAI	0.00464684014869888
Th1|ImmuCellAI	0.00929368029739777
Th2|ImmuCellAI	0.0213754646840149
Th17|ImmuCellAI	0.00278810408921933
Tfh|ImmuCellAI	0.00929368029739777
Cytotoxic|ImmuCellAI	0.00278810408921933
Exhausted|ImmuCellAI	0.00371747211895911
MAIT|ImmuCellAI	0.00278810408921933
Monocytes C|ABIS	0.510739982143795
NK|ABIS	0.00460847644556483
T CD8 Memory|ABIS	0.0680111338690195
T CD4 Naive|ABIS	0.177249094060186
MAIT|ABIS	0.0108318890814558
T gd Vd2|ABIS	0.00141799275248149
Neutrophils LD|ABIS	0.054750275720813
T gd non-Vd2|ABIS	0.00409642350716874
Basophils LD|ABIS	0.00538312063442046
B Memory|ABIS	0.0770705320098734
mDCs|ABIS	0.0108712777690247
pDCs|ABIS	0.0749698020061972