TCGA_ACC	TCGA-OR-A5L9
B cells naive|CIBERSORT.x	0.0409130423241189
Plasma cells|CIBERSORT.x	0.000966386285957764
T cells CD8|CIBERSORT.x	0.137739068366695
T cells CD4 memory resting|CIBERSORT.x	0.287058054233777
T cells regulatory (Tregs)|CIBERSORT.x	0.0112388278588812
NK cells activated|CIBERSORT.x	0.0828501636905942
Monocytes|CIBERSORT.x	0.0240394945096891
Macrophages M1|CIBERSORT.x	0.0428961341979481
Macrophages M2|CIBERSORT.x	0.313037972365306
Dendritic cells activated|CIBERSORT.x	0.000672992479348231
Mast cells resting|CIBERSORT.x	0.0585878636876847
B cells naive|CIBERSORT.y	0.0409130423241189
Plasma cells|CIBERSORT.y	0.000966386285957764
T cells CD8|CIBERSORT.y	0.137739068366695
T cells CD4 memory resting|CIBERSORT.y	0.287058054233777
T cells regulatory (Tregs)|CIBERSORT.y	0.0112388278588812
NK cells activated|CIBERSORT.y	0.0828501636905942
Monocytes|CIBERSORT.y	0.0240394945096891
Macrophages M1|CIBERSORT.y	0.0428961341979481
Macrophages M2|CIBERSORT.y	0.313037972365306
Dendritic cells activated|CIBERSORT.y	0.000672992479348231
Mast cells resting|CIBERSORT.y	0.0585878636876847
aDC|xCell	0.139017478791154
Adipocytes|xCell	0.0037327394676199
B-cells|xCell	0.0017318285212442
Basophils|xCell	0.0659724213514123
CD4+ memory T-cells|xCell	1.30855368691539e-20
CD4+ naive T-cells|xCell	0.0214591670870832
CD4+ T-cells|xCell	5.42122895775265e-19
CD4+ Tem|xCell	1.13059995724748e-18
CD8+ naive T-cells|xCell	1.02676942717389e-18
CD8+ T-cells|xCell	0.00212198805018111
CD8+ Tcm|xCell	0.0310738968214119
CD8+ Tem|xCell	8.15100258939193e-20
cDC|xCell	0.0735186319138548
Chondrocytes|xCell	0.0155829351189479
Class-switched memory B-cells|xCell	0.00142781524205099
CMP|xCell	0.00952034073237332
DC|xCell	0.0212110541568116
Endothelial cells|xCell	0.0419733320919814
Eosinophils|xCell	2.18019014320327e-18
Epithelial cells|xCell	0.0192650430962098
Fibroblasts|xCell	0.0758991357684815
GMP|xCell	2.52775281623358e-19
HSC|xCell	0.0609318808217439
iDC|xCell	0.123337829481304
ly Endothelial cells|xCell	0.0186345624315137
Macrophages|xCell	0.011027240162999
Macrophages M1|xCell	0.0157622963193075
Macrophages M2|xCell	0.00840131085638616
Mast cells|xCell	0.0175436864446882
Megakaryocytes|xCell	2.89250362719915e-19
Melanocytes|xCell	9.1540950523914e-21
MEP|xCell	0.00354326597539414
Mesangial cells|xCell	0.0164037223238996
Monocytes|xCell	0.0197900897942996
MSC|xCell	0.0223561015521899
mv Endothelial cells|xCell	0.0262294716427145
Myocytes|xCell	1.09067959119883e-20
naive B-cells|xCell	0.00675636939697156
Neurons|xCell	0.0095325343206028
Neutrophils|xCell	1.14458165019062e-18
NK cells|xCell	1.71564904460908e-18
NKT|xCell	0.0285461164366808
Osteoblast|xCell	5.05649995155566e-18
pDC|xCell	0.0457074873230739
Pericytes|xCell	0.021591517543491
Platelets|xCell	3.10287137910362e-19
pro B-cells|xCell	3.21677650720622e-18
Smooth muscle|xCell	0.0135021561973394
Tgd cells|xCell	6.81300576981404e-18
Th1 cells|xCell	0.00584762530051109
Tregs|xCell	0.00104692746407109
T cells|MCPcounter	0.0925828824798978
CD8 T cells|MCPcounter	0.0131010338553915
Cytotoxic lymphocytes|MCPcounter	0.0660154834230883
B lineage|MCPcounter	0.150616662496419
NK cells|MCPcounter	0.00841261926299666
Monocytic lineage|MCPcounter	0.0977938771218528
Myeloid dendritic cells|MCPcounter	0.0663343028246721
Neutrophils|MCPcounter	0.0840835830871951
Endothelial cells|MCPcounter	0.164869518910393
Fibroblasts|MCPcounter	0.256190036538094
B cells|quanTIseq	0.00655100407710318
Macrophages M2|quanTIseq	0.0353100028409191
Monocytes|quanTIseq	0.0428834857178872
NK cells|quanTIseq	0.0177976205550564
T cells CD4|quanTIseq	0.113930196372226
Tregs|quanTIseq	0.0107251883895884
Dendritic cells|quanTIseq	0.00805411295462867
other|quanTIseq	0.764748389092591
Bcells|EPIC	0.000981550676835682
CAFs|EPIC	0.00192660591087243
CD4_Tcells|EPIC	0.0370593616138827
CD8_Tcells|EPIC	1.56456281074179e-06
Endothelial|EPIC	0.0357361649550775
Macrophages|EPIC	0.199524893145975
NKcells|EPIC	3.0986696912642e-08
otherCells|EPIC	0.724769828147849
B_cell|TIMER	0.0895489384339784
T_cell.CD4|TIMER	0.115806928688599
T_cell.CD8|TIMER	0.210146141473454
Neutrophil|TIMER	0.0920245351772004
Macrophage|TIMER	0.0546732795915926
DC|TIMER	0.437800176635175
B_cells|ConsensusTME	0.0345317654463263
Cytotoxic_cells|ConsensusTME	0.0686716013155481
Dendritic_cells|ConsensusTME	0.0603567925582745
Eosinophils|ConsensusTME	0.0448140939790443
Macrophages|ConsensusTME	0.0703053054958016
Mast_cells|ConsensusTME	0.0390882990427785
NK_cells|ConsensusTME	0.0516874077402501
Neutrophils|ConsensusTME	0.0453796948197459
T_cells_CD4|ConsensusTME	0.0532256280035528
T_cells_CD8|ConsensusTME	0.0550042341248475
T_cells_gamma_delta|ConsensusTME	0.052563501213338
T_regulatory_cells|ConsensusTME	0.0577991327407208
Macrophages_M1|ConsensusTME	0.0654304699977107
Macrophages_M2|ConsensusTME	0.0750820360582858
Endothelial|ConsensusTME	0.0706523112902419
Fibroblasts|ConsensusTME	0.0705736377074389
Monocytes|ConsensusTME	0.06350719891848
Plasma_cells|ConsensusTME	0.0213268895476143
DC|ImmuCellAI	0.116234390009606
Bcell|ImmuCellAI	0.0835734870317003
Monocyte|ImmuCellAI	0.144092219020173
Macrophage|ImmuCellAI	0.0979827089337176
NK|ImmuCellAI	0.213256484149856
Neutrophil|ImmuCellAI	0.010566762728146
CD4_T|ImmuCellAI	0.0307396733909702
CD8_T|ImmuCellAI	0.0893371757925072
NKT|ImmuCellAI	0.0201729106628242
Gamma_delta|ImmuCellAI	0.155619596541787
CD4_naive|ImmuCellAI	0.00192122958693564
Tr1|ImmuCellAI	0.00192122958693564
nTreg|ImmuCellAI	0.00384245917387128
iTreg|ImmuCellAI	0.000960614793467819
Th1|ImmuCellAI	0.000960614793467819
Th2|ImmuCellAI	0.00192122958693564
Tfh|ImmuCellAI	0.0048030739673391
CD8_naive|ImmuCellAI	0.000960614793467819
Cytotoxic|ImmuCellAI	0.00672430355427474
Exhausted|ImmuCellAI	0.00672430355427474
MAIT|ImmuCellAI	0.00768491834774256
Monocytes C|ABIS	0.230311667176561
NK|ABIS	0.000623658459092179
T CD8 Memory|ABIS	0.204284975576651
T CD4 Naive|ABIS	0.346204105244084
B Naive|ABIS	0.00273525796625468
T gd Vd2|ABIS	0.000869193285506423
Neutrophils LD|ABIS	0.0263704403568898
T gd non-Vd2|ABIS	0.00015272266202966
Basophils LD|ABIS	0.00879014678562993
Monocytes NC+I|ABIS	0.0815175623695289
B Memory|ABIS	0.0235222363704846
mDCs|ABIS	0.0618747762563894
pDCs|ABIS	0.00810264927167004
Plasmablasts|ABIS	0.00464060821922921