﻿project_name,cancer_name,data_type,preprocessed,TIMEDB_processing,num_of_observed_genes,num_of_samples,original_description,platform,submission_date,last_update_date,database,original_link,major_related_publications,publications_link
TCGA_ACC,ACC,RNA-Seq,raw data,normalized&log&scaled,,,Adrenocortical cancer (also called cancer of the adrenal cortex) is rare. Certain inherited disorders increase the risk of adrenocortical cancer.  Explore the links on this page to learn more about analysis of clinical information and immune infiltration of patients.,TCGA,,,TCGA,https://portal.gdc.cancer.gov/projects/TCGA-ACC,Cancer Cell,
TCGA_CHOL,CHOL,RNA-Seq,raw data,normalized&log&scaled,,,Liver cancer includes hepatocellular carcinoma (HCC) and bile duct cancer (cholangiocarcinoma). Risk factors for HCC include chronic infection with hepatitis B or C and cirrhosis of the liver. Explore the links on this page to learn more about analysis of clinical information and immune infiltration of patients.,TCGA,,,TCGA,https://portal.gdc.cancer.gov/projects/TCGA-CHOL,Cell Reports,
TCGA_COAD,COAD,RNA-Seq,raw data,normalized&log&scaled,,,Colorectal cancer often begins as a growth called a polyp inside the colon or rectum. Finding and removing polyps can prevent colorectal cancer.Explore the links on this page to learn more about analysis of clinical information and immune infiltration of patients.,TCGA,,,TCGA,https://portal.gdc.cancer.gov/projects/TCGA-COAD,Nature;Cancer Cell,
TCGA_DLBC,DLBC,RNA-Seq,raw data,normalize&log&scaled,,,Diffuse large B cell lymphoma is a type of non-Hodgkin lymphoma which is a cancer of the lymphatic system. It develops when the body makes abnormal B lymphocytes. These lymphocytes are a type of white blood cell that normally help to fight infections. Explore the links on this page to learn more about analysis of clinical information and immune infiltration of patients.,TCGA,,,TCGA,https://portal.gdc.cancer.gov/projects/TCGA-DLBC,,
TCGA_ESCA,ESCA,RNA-Seq,raw data,normalized&log&scaled,,,The most common types of esophageal cancer are adenocarcinoma and squamous cell carcinoma. These two forms of esophageal cancer tend to develop in different parts of the esophagus and are driven by different genetic changes. Explore the links on this page to learn more about analysis of clinical information and immune infiltration of patients.,TCGA,,,TCGA,https://portal.gdc.cancer.gov/projects/TCGA-ESCA,Nature;Cancer Cell,
TCGA_GBM,GBM,RNA-Seq,raw data,normalized&log&scaled,,,Glioblastoma Multiforme is a fast-growing type of malignant brain tumor that is the most common brain tumor in adults. Patients with glioblastoma multiforme have a poor prognosis and usually survive less than 15 months following diagnosis. Explore the links on this page to learn more about analysis of clinical information and immune infiltration of patients.,TCGA,,,TCGA,https://portal.gdc.cancer.gov/projects/TCGA-GBM,Nature;Cell,
TCGA_HNSC,HNSC,RNA-Seq,raw data,normalized&log&scaled,,,"Head and neck cancers usually begin in the moist, mucus membranes lining the inside of the mouth, nose and throat. These membranes are made up of squamous cells and the head and neck cancers that grow in these cells are called squamous cell carcinomas. Explore the links on this page to learn more about analysis of clinical information and immune infiltration of patients.",TCGA,,,TCGA,https://portal.gdc.cancer.gov/projects/TCGA-HNSC,Nature;Cell Reports,
TCGA_KICH,KICH,RNA-Seq,raw data,normalized&log&scaled,,,"Chromophobe renal cell carcinoma is a rare type of kidney cancer that forms in the cells lining the small tubules in the kidney. These small tubules help filter waste from the blood, making urine. Explore the links on this page to learn more about analysis of clinical information and immune infiltration of patients.",TCGA,,,TCGA,https://portal.gdc.cancer.gov/projects/TCGA-KICH,Cancer Cell;Cell Repoorts,
TCGA_KIRC,KIRC,RNA-Seq,raw data,normalized&log&scaled,,,"Kidney cancer can develop in adults and children. The main types of kidney cancer are renal cell cancer, transitional cell cancer, and Wilms tumor. Certain inherited conditions increase the risk of kidney cancer. Explore the links on this page to learn more about analysis of clinical information and immune infiltration of patients.",TCGA,,,TCGA,https://portal.gdc.cancer.gov/projects/TCGA-KIRC,Nature;Cell Reports,
TCGA_KIRP,KIRP,RNA-Seq,raw data,normalized&log&scaled,,,"Kidney cancer can develop in adults and children. The main types of kidney cancer are renal cell cancer, transitional cell cancer, and Wilms tumor. Certain inherited conditions increase the risk of kidney cancer. Explore the links on this page to learn more about analysis of clinical information and immune infiltration of patients.",TCGA,,,TCGA,https://portal.gdc.cancer.gov/projects/TCGA-KIRP,NEJM;Cell Peports,
TCGA_LGG,LGG,RNA-Seq,raw data,normalized&log&scaled,,,"Brain and spinal cord (also known as central nervous system, or CNS) tumors can be benign or malignant. Explore the links on this page to learn more about the many different CNS tumor types and how they are treated. Explore the links on this page to learn more about analysis of clinical information and immune infiltration of patients.",TCGA,,,TCGA,https://portal.gdc.cancer.gov/projects/TCGA-LGG,NEJM,
TCGA_LUAD,LUAD,RNA-Seq,raw data,normalized&log&scaled,,,"Lung cancer includes two main types: non-small cell lung cancer and small cell lung cancer. Smoking causes most lung cancers, but nonsmokers can also develop lung cancer. Explore the links on this page to learn more about analysis of clinical information and immune infiltration of patients.",TCGA,,,TCGA,https://portal.gdc.cancer.gov/projects/TCGA-LUAD,Nature;Nature Genetics,
TCGA_LUSC,LUSC,RNA-Seq,raw data,normalized&log&scaled,,,"Lung squamous cell carcinomas start in squamous cells, which are flat cells that line the inside of the airways in the lungs. They are often linked to a history of smoking and tend to be found in the central part of the lungs, near a main airway. Explore the links on this page to learn more about analysis of clinical information and immune infiltration of patients.",TCGA,,,TCGA,https://portal.gdc.cancer.gov/projects/TCGA-LUSC,Nature;Nature Genetics;Cell Repoorts,
TCGA_MESO,MESO,RNA-Seq,raw data,normalized&log&scaled,,,"Malignant mesothelioma is a cancer of the thin tissue (mesothelium) that lines the lung, chest wall, and abdomen. The major risk factor for mesothelioma is asbestos exposure. Explore the links on this page to learn more about analysis of clinical information and immune infiltration of patients.",TCGA,,,TCGA,https://portal.gdc.cancer.gov/projects/TCGA-MESO,Cancer Discovery,
TCGA_PAAD,PAAD,RNA-Seq,raw data,normalized&log&scaled,,,"Pancreatic cancer can develop from two kinds of cells in the pancreas: exocrine cells and neuroendocrine cells, such as islet cells. The exocrine type is more common and is usually found at an advanced stage. Pancreatic neuroendocrine tumors (islet cell tumors) are less common but have a better prognosis. Explore the links on this page to learn more about analysis of clinical information and immune infiltration of patients.",TCGA,,,TCGA,https://portal.gdc.cancer.gov/projects/TCGA-PAAD,Cancer Cell,
TCGA_PCPG,PCPG,RNA-Seq,raw data,normalized&log&scaled,,,"Pheochromocytoma and paraganglioma are rare tumors that can be benign (not cancer) or malignant. Pheochromocytomas form in the adrenal glands, and paragangliomas usually along nerve pathways in the head, neck, and spine. Explore the links on this page to learn more about analysis of clinical information and immune infiltration of patients.",TCGA,,,TCGA,https://portal.gdc.cancer.gov/projects/TCGA-PCPG,Cancer Cell,
TCGA_PRAD,PRAD,RNA-Seq,raw data,normalized&log&scaled,,,"Prostate cancer is the most common cancer and the second leading cause of cancer death among men in the United States. Prostate cancer usually grows very slowly, and finding and treating it before symptoms occur may not improve men's health or help them live longer. Explore the links on this page to learn more about analysis of clinical information and immune infiltration of patients.",TCGA,,,TCGA,https://portal.gdc.cancer.gov/projects/TCGA-PRAD,Cell,
TCGA_READ,READ,RNA-Seq,raw data,normalized&log&scaled,,,"Rectum adenocarcinoma is an adenocarcinoma arising from the rectum. According to the degree of cellular differentiation, rectal adenocarcinomas are divided into well, moderately, and poorly differentiated. Histologic variants include mucinous adenocarcinoma, signet ring cell carcinoma, medullary carcinoma, serrated adenocarcinoma, cribriform comedo-type adenocarcinoma, and micropapillary adenocarcinoma. Explore the links on this page to learn more about analysis of clinical information and immune infiltration of patients.",READ,,,READ,https://portal.gdc.cancer.gov/projects/TCGA-READ,,
TCGA_SKCM,SKCM,RNA-Seq,raw data,normalized&log&scaled,,,"Skin cancer is the most common type of cancer.  The main types of skin cancer are squamous cell carcinoma, basal cell carcinoma, and melanoma. Melanoma is much less common than the other types but much more likely to invade nearby tissue and spread to other parts of the body. Most deaths from skin cancer are caused by melanoma. Explore the links on this page to learn more about analysis of clinical information and immune infiltration of patients.",TCGA,,,TCGA,https://portal.gdc.cancer.gov/projects/TCGA-SKCM,Cell,
TCGA_STAD,STAD,RNA-Seq,raw data,normalized&log&scaled,,,"Stomach adenocarcinoma is An adenocarcinoma arising from the stomach glandular epithelium, which most commonly develops after a long period of atrophic gastritis and is strongly associated with Helicobacter pylori infection. Explore the links on this page to learn more about analysis of clinical information and immune infiltration of patients.",TCGA,,,TCGA,https://portal.gdc.cancer.gov/projects/TCGA-STAD,Cancer Cell,
TCGA_TGCT,TGCT,RNA-Seq,raw data,normalized&log&scaled,,,"Testicular cancer most often begins in germ cells (cells that make sperm). It is rare and is most frequently diagnosed in men ages 20 to 34. Most testicular cancers can be cured, even if diagnosed at an advanced stage. Explore the links on this page to learn more about analysis of clinical information and immune infiltration of patients.",TCGA,,,TCGA,https://portal.gdc.cancer.gov/projects/TCGA-TGCT,Cell Reports,
TCGA_THCA,THCA,RNA-Seq,raw data,normalized&log&scaled,,,"There are four main types of thyroid cancer. These are papillary, follicular, medullary, and anaplastic. Papillary is the most common type. The four types differ in how aggressive they are. Thyroid cancer that is found at an early stage can often be treated successfully.Explore the links on this page to learn more about analysis of clinical information and immune infiltration of patients.",TCGA,,,TCGA,https://portal.gdc.cancer.gov/projects/TCGA-THCA,Cell,
TCGA_THYM,THYM,RNA-Seq,raw data,normalized&log&scaled,,,"Thymomas and thymic carcinomas are rare tumors that form in cells on the thymus. Thymomas grow slowly and rarely spread beyond the thymus. Thymic carcinoma grows faster, often spreads to other parts of the body, and is harder to treat. Explore the links on this page to learn more about analysis of clinical information and immune infiltration of patients.",TCGA,,,TCGA,https://portal.gdc.cancer.gov/projects/TCGA-THYM,Cancer Cell,
TCGA_UCS,UCS,RNA-Seq,raw data,normalized&log&scaled,,,Uterine cancers can be of two types: endometrial cancer (common) and uterine sarcoma (rare). Endometrial cancer can often be cured. Uterine sarcoma is often more aggressive and harder to treat. Explore the links on this page to learn more about analysis of clinical information and immune infiltration of patients.,TCGA,,,TCGA,https://portal.gdc.cancer.gov/projects/TCGA-UCS,Cancer Cell;Cancer Cell,
TCGA_UVM,UVM,RNA-Seq,raw data,normalized&log&scaled,,,"Intraocular (uveal) melanoma is a rare cancer that forms in the eye. It usually has no early signs or symptoms. As with melanoma of the skin, risk factors include having fair skin and light-colored eyes. Explore the links on this page to learn more about analysis of clinical information and immune infiltration of patients.",TCGA,,,TCGA,https://portal.gdc.cancer.gov/projects/TCGA-UVM,Cancer Cell,
