sample_name,project_name,c_tumor_stage,c_tumor_grade,c_ajcc_pathologic_t,c_ajcc_pathologic_n,c_primary_diagnosis,year_of_diagnosis,c_synchronous_malignancy,n_cigarettes_per_day,c_alcohol_history,n_years_smoked,n_alcohol_intensity,n_weight,n_height,n_bmi,c_race,c_gender,n_age,pfs,os,pfs_status,os_status,c_tumor_type
TCGA-OR-A5L5,TCGA_ACC,Stage I,NA,T1,N0,Adrenal cortical carcinoma,2010,NA,NA,NA,NA,NA,NA,NA,NA,white,female,77,1317,NA,1,0,Adrenocortical carcinoma
TCGA-OR-A5K4,TCGA_ACC,Stage III,NA,T4,N0,Adrenal cortical carcinoma,2011,No,NA,NA,NA,NA,NA,NA,NA,white,female,64,1082,NA,1,0,Adrenocortical carcinoma
TCGA-OR-A5JR,TCGA_ACC,Stage I,NA,T1,N0,Adrenal cortical carcinoma,2002,No,NA,NA,NA,NA,NA,NA,NA,white,male,45,3688,NA,1,0,Adrenocortical carcinoma
TCGA-OR-A5JY,TCGA_ACC,Stage IV,NA,T4,N1,Adrenal cortical carcinoma,2011,No,NA,NA,NA,NA,NA,NA,NA,white,female,68,NA,552,0,1,Adrenocortical carcinoma
TCGA-OR-A5LJ,TCGA_ACC,Stage IV,NA,T2,N1,Adrenal cortical carcinoma,2005,No,NA,NA,NA,NA,NA,NA,NA,white,female,54,NA,1105,0,1,Adrenocortical carcinoma
TCGA-OR-A5JM,TCGA_ACC,Stage IV,NA,T4,N0,Adrenal cortical carcinoma,2011,No,NA,NA,NA,NA,NA,NA,NA,white,female,25,NA,562,0,1,Adrenocortical carcinoma
TCGA-OR-A5JP,TCGA_ACC,Stage II,NA,T2,N0,Adrenal cortical carcinoma,2012,No,NA,NA,NA,NA,NA,NA,NA,white,male,40,464,NA,1,0,Adrenocortical carcinoma
TCGA-OR-A5JF,TCGA_ACC,Stage II,NA,T2,N0,Adrenal cortical carcinoma,2007,No,NA,NA,NA,NA,NA,NA,NA,white,female,69,2015,NA,1,0,Adrenocortical carcinoma
TCGA-OR-A5LT,TCGA_ACC,Stage III,NA,T3,N0,Adrenal cortical carcinoma,2012,No,NA,NA,NA,NA,NA,NA,NA,NA,male,57,549,NA,1,0,Adrenocortical carcinoma
TCGA-OR-A5JW,TCGA_ACC,Stage II,NA,T2,N0,Adrenal cortical carcinoma,2008,No,NA,NA,NA,NA,NA,NA,NA,white,male,47,2202,NA,1,0,Adrenocortical carcinoma
TCGA-OR-A5JS,TCGA_ACC,Stage II,NA,T2,N0,Adrenal cortical carcinoma,2011,No,NA,NA,NA,NA,NA,NA,NA,white,female,65,383,NA,1,0,Adrenocortical carcinoma
TCGA-OR-A5KP,TCGA_ACC,Stage II,NA,T2,N0,Adrenal cortical carcinoma,2006,NA,NA,NA,NA,NA,NA,NA,NA,white,female,45,2777,NA,1,0,Adrenocortical carcinoma
TCGA-OR-A5LG,TCGA_ACC,Stage III,NA,T3,N0,Adrenal cortical carcinoma,2008,No,NA,NA,NA,NA,NA,NA,NA,white,male,46,1589,NA,1,0,Adrenocortical carcinoma
TCGA-OR-A5KW,TCGA_ACC,Stage III,NA,T2,N1,Adrenal cortical carcinoma,2009,No,NA,NA,NA,NA,NA,NA,NA,white,female,55,2076,NA,1,0,Adrenocortical carcinoma
TCGA-OR-A5LR,TCGA_ACC,Stage II,NA,T2,N0,Adrenal cortical carcinoma,2011,No,NA,NA,NA,NA,NA,NA,NA,NA,female,30,853,NA,1,0,Adrenocortical carcinoma
TCGA-PA-A5YG,TCGA_ACC,Stage II,NA,T2,N0,Adrenal cortical carcinoma,2012,No,NA,NA,NA,NA,NA,NA,NA,white,male,51,756,NA,1,0,Adrenocortical carcinoma
TCGA-P6-A5OF,TCGA_ACC,Stage III,NA,T4,N0,Adrenal cortical carcinoma,2010,No,NA,NA,NA,NA,NA,NA,NA,white,female,55,NA,207,0,1,Adrenocortical carcinoma
TCGA-OR-A5LH,TCGA_ACC,Stage II,NA,T2,N0,Adrenal cortical carcinoma,2005,No,NA,NA,NA,NA,NA,NA,NA,white,female,36,NA,2385,0,1,Adrenocortical carcinoma
TCGA-OR-A5KZ,TCGA_ACC,Stage II,NA,T2,N0,Adrenal cortical carcinoma,2012,No,NA,NA,NA,NA,NA,NA,NA,white,male,42,NA,125,0,1,Adrenocortical carcinoma
TCGA-OR-A5K0,TCGA_ACC,Stage II,NA,T2,N0,Adrenal cortical carcinoma,2009,NA,NA,NA,NA,NA,NA,NA,NA,white,female,69,1029,NA,1,0,Adrenocortical carcinoma
TCGA-OR-A5KB,TCGA_ACC,Stage II,NA,T2,N0,Adrenal cortical carcinoma,2011,No,NA,NA,NA,NA,NA,NA,NA,white,female,61,741,NA,1,0,Adrenocortical carcinoma
TCGA-OR-A5JQ,TCGA_ACC,Stage II,NA,T2,N0,Adrenal cortical carcinoma,2006,No,NA,NA,NA,NA,NA,NA,NA,white,female,26,1103,NA,1,0,Adrenocortical carcinoma
TCGA-OR-A5K8,TCGA_ACC,Stage II,NA,T2,N0,Adrenal cortical carcinoma,2012,No,NA,NA,NA,NA,NA,NA,NA,white,male,39,749,NA,1,0,Adrenocortical carcinoma
TCGA-PK-A5HC,TCGA_ACC,Stage III,NA,T4,N0,Adrenal cortical carcinoma,2011,No,NA,NA,NA,NA,NA,NA,NA,asian,female,44,679,NA,1,0,Adrenocortical carcinoma
TCGA-OR-A5LP,TCGA_ACC,Stage II,NA,T2,N0,Adrenal cortical carcinoma,2009,No,NA,NA,NA,NA,NA,NA,NA,NA,female,37,1857,NA,1,0,Adrenocortical carcinoma
TCGA-OR-A5J8,TCGA_ACC,Stage III,NA,T3,N0,Adrenal cortical carcinoma,2011,No,NA,NA,NA,NA,NA,NA,NA,white,male,66,NA,579,0,1,Adrenocortical carcinoma
TCGA-OR-A5L6,TCGA_ACC,Stage II,NA,T2,N0,Adrenal cortical carcinoma,2011,No,NA,NA,NA,NA,NA,NA,NA,white,male,60,861,NA,1,0,Adrenocortical carcinoma
TCGA-PK-A5HB,TCGA_ACC,NA,NA,NA,NA,Adrenal cortical carcinoma,2003,NA,NA,NA,NA,NA,NA,NA,NA,NA,male,63,1293,NA,1,0,Adrenocortical carcinoma
TCGA-OR-A5LK,TCGA_ACC,Stage II,NA,T2,N0,Adrenal cortical carcinoma,2007,No,NA,NA,NA,NA,NA,NA,NA,NA,male,62,2740,NA,1,0,Adrenocortical carcinoma
TCGA-OR-A5J2,TCGA_ACC,Stage IV,NA,T3,N0,Adrenal cortical carcinoma,2004,No,NA,NA,NA,NA,NA,NA,NA,white,female,44,NA,1677,0,1,Adrenocortical carcinoma
TCGA-OR-A5JD,TCGA_ACC,Stage II,NA,T2,N0,Adrenal cortical carcinoma,2005,No,NA,NA,NA,NA,NA,NA,NA,white,female,57,3038,NA,1,0,Adrenocortical carcinoma
TCGA-OR-A5JU,TCGA_ACC,Stage III,NA,T3,N0,Adrenal cortical carcinoma,2010,No,NA,NA,NA,NA,NA,NA,NA,white,female,58,NA,289,0,1,Adrenocortical carcinoma
TCGA-PK-A5HA,TCGA_ACC,Stage I,NA,T1,N0,Adrenal cortical carcinoma,2011,No,NA,NA,NA,NA,NA,NA,NA,NA,male,63,1201,NA,1,0,Adrenocortical carcinoma
TCGA-OR-A5KY,TCGA_ACC,Stage IV,NA,T4,N1,Adrenal cortical carcinoma,2010,No,NA,NA,NA,NA,NA,NA,NA,white,female,23,NA,391,0,1,Adrenocortical carcinoma
TCGA-OR-A5L1,TCGA_ACC,Stage II,NA,T2,N0,Adrenal cortical carcinoma,2000,No,NA,NA,NA,NA,NA,NA,NA,white,female,37,1781,NA,1,0,Adrenocortical carcinoma
TCGA-OR-A5JH,TCGA_ACC,Stage II,NA,T2,N0,Adrenal cortical carcinoma,2008,No,NA,NA,NA,NA,NA,NA,NA,white,female,32,2110,NA,1,0,Adrenocortical carcinoma
TCGA-OR-A5L9,TCGA_ACC,Stage II,NA,T2,N0,Adrenal cortical carcinoma,2011,No,NA,NA,NA,NA,NA,NA,NA,white,female,53,871,NA,1,0,Adrenocortical carcinoma
TCGA-PK-A5H9,TCGA_ACC,Stage II,NA,T2,N0,Adrenal cortical carcinoma,2012,No,NA,NA,NA,NA,NA,NA,NA,asian,female,27,616,NA,1,0,Adrenocortical carcinoma
TCGA-OR-A5K5,TCGA_ACC,Stage III,NA,T3,N0,Adrenal cortical carcinoma,2012,No,NA,NA,NA,NA,NA,NA,NA,white,female,59,253,498,1,1,Adrenocortical carcinoma
TCGA-OR-A5KX,TCGA_ACC,Stage III,NA,T2,N1,Adrenal cortical carcinoma,2010,No,NA,NA,NA,NA,NA,NA,NA,white,female,25,1364,NA,1,0,Adrenocortical carcinoma
TCGA-OR-A5KQ,TCGA_ACC,Stage II,NA,T2,N0,Adrenal cortical carcinoma,2006,No,NA,NA,NA,NA,NA,NA,NA,white,female,20,2677,NA,1,0,Adrenocortical carcinoma
TCGA-OR-A5JA,TCGA_ACC,Stage IV,NA,T4,N0,Adrenal cortical carcinoma,2004,No,NA,NA,NA,NA,NA,NA,NA,white,female,53,NA,922,0,1,Adrenocortical carcinoma
TCGA-OR-A5J5,TCGA_ACC,Stage III,NA,T4,N0,Adrenal cortical carcinoma,2000,No,NA,NA,NA,NA,NA,NA,NA,white,male,30,NA,365,0,1,Adrenocortical carcinoma
TCGA-OR-A5LC,TCGA_ACC,Stage IV,NA,T4,N0,Adrenal cortical carcinoma,2011,No,NA,NA,NA,NA,NA,NA,NA,white,female,71,NA,159,0,1,Adrenocortical carcinoma
TCGA-OR-A5JI,TCGA_ACC,Stage I,NA,T1,N0,Adrenal cortical carcinoma,2008,No,NA,NA,NA,NA,NA,NA,NA,white,male,22,2331,NA,1,0,Adrenocortical carcinoma
TCGA-OR-A5JC,TCGA_ACC,NA,NA,NA,NA,Adrenal cortical carcinoma,2001,No,NA,NA,NA,NA,NA,NA,NA,white,male,37,NA,1750,0,1,Adrenocortical carcinoma
TCGA-OR-A5LS,TCGA_ACC,Stage II,NA,T2,N0,Adrenal cortical carcinoma,2011,No,NA,NA,NA,NA,NA,NA,NA,NA,female,34,1096,NA,1,0,Adrenocortical carcinoma
TCGA-OU-A5PI,TCGA_ACC,Stage IV,NA,T2,N1,Adrenal cortical carcinoma,2011,No,NA,NA,NA,NA,NA,NA,NA,white,female,53,1171,NA,1,0,Adrenocortical carcinoma
TCGA-OR-A5KT,TCGA_ACC,Stage I,NA,T1,N0,Adrenal cortical carcinoma,2006,No,NA,NA,NA,NA,NA,NA,NA,white,female,44,2895,NA,1,0,Adrenocortical carcinoma
TCGA-OR-A5K2,TCGA_ACC,Stage III,NA,T4,N0,Adrenal cortical carcinoma,2010,No,NA,NA,NA,NA,NA,NA,NA,white,female,32,NA,994,0,1,Adrenocortical carcinoma
TCGA-OR-A5L8,TCGA_ACC,Stage II,NA,T2,N0,Adrenal cortical carcinoma,2011,No,NA,NA,NA,NA,NA,NA,NA,white,female,36,885,NA,1,0,Adrenocortical carcinoma
TCGA-OR-A5LE,TCGA_ACC,Stage II,NA,T2,N0,Adrenal cortical carcinoma,1997,No,NA,NA,NA,NA,NA,NA,NA,white,male,14,NA,662,0,1,Adrenocortical carcinoma
TCGA-OR-A5LD,TCGA_ACC,Stage III,NA,T4,N0,Adrenal cortical carcinoma,1998,No,NA,NA,NA,NA,NA,NA,NA,white,male,52,NA,1197,0,1,Adrenocortical carcinoma
TCGA-OR-A5JV,TCGA_ACC,Stage II,NA,T2,N0,Adrenal cortical carcinoma,2008,No,NA,NA,NA,NA,NA,NA,NA,white,male,55,2023,NA,1,0,Adrenocortical carcinoma
TCGA-OR-A5KS,TCGA_ACC,Stage II,NA,T2,N0,Adrenal cortical carcinoma,2006,No,NA,NA,NA,NA,NA,NA,NA,white,male,72,2549,NA,1,0,Adrenocortical carcinoma
TCGA-OR-A5J9,TCGA_ACC,Stage II,NA,T2,N0,Adrenal cortical carcinoma,2010,No,NA,NA,NA,NA,NA,NA,NA,white,female,22,1352,NA,1,0,Adrenocortical carcinoma
TCGA-OR-A5L2,TCGA_ACC,Stage II,NA,T2,N0,Adrenal cortical carcinoma,2001,No,NA,NA,NA,NA,NA,NA,NA,white,female,83,NA,1852,0,1,Adrenocortical carcinoma
TCGA-OR-A5LF,TCGA_ACC,Stage III,NA,T3,N0,Adrenal cortical carcinoma,2002,No,NA,NA,NA,NA,NA,NA,NA,white,female,74,NA,445,0,1,Adrenocortical carcinoma
TCGA-OR-A5JT,TCGA_ACC,Stage II,NA,T2,N0,Adrenal cortical carcinoma,2011,No,NA,NA,NA,NA,NA,NA,NA,white,female,65,907,NA,1,0,Adrenocortical carcinoma
TCGA-OR-A5J3,TCGA_ACC,Stage III,NA,T3,N0,Adrenal cortical carcinoma,2008,No,NA,NA,NA,NA,NA,NA,NA,white,female,23,2091,NA,1,0,Adrenocortical carcinoma
TCGA-OR-A5LI,TCGA_ACC,Stage IV,NA,T4,N0,Adrenal cortical carcinoma,1998,No,NA,NA,NA,NA,NA,NA,NA,white,female,42,NA,436,0,1,Adrenocortical carcinoma
TCGA-OR-A5LN,TCGA_ACC,Stage II,NA,T2,N0,Adrenal cortical carcinoma,2008,No,NA,NA,NA,NA,NA,NA,NA,NA,female,31,2342,NA,1,0,Adrenocortical carcinoma
TCGA-OR-A5LM,TCGA_ACC,Stage II,NA,T2,N0,Adrenal cortical carcinoma,2008,No,NA,NA,NA,NA,NA,NA,NA,NA,male,23,1858,NA,1,0,Adrenocortical carcinoma
TCGA-OR-A5L4,TCGA_ACC,Stage III,NA,T4,N0,Adrenal cortical carcinoma,2011,No,NA,NA,NA,NA,NA,NA,NA,white,female,48,967,NA,1,0,Adrenocortical carcinoma
TCGA-OR-A5KO,TCGA_ACC,Stage IV,NA,T4,N0,Adrenal cortical carcinoma,2009,No,NA,NA,NA,NA,NA,NA,NA,white,female,39,1414,NA,1,0,Adrenocortical carcinoma
TCGA-OR-A5JX,TCGA_ACC,Stage III,NA,T3,N0,Adrenal cortical carcinoma,2009,No,NA,NA,NA,NA,NA,NA,NA,white,male,50,950,NA,1,0,Adrenocortical carcinoma
TCGA-OR-A5JO,TCGA_ACC,Stage I,NA,T1,N0,Adrenal cortical carcinoma,2005,No,NA,NA,NA,NA,NA,NA,NA,white,female,26,1194,NA,1,0,Adrenocortical carcinoma
TCGA-OR-A5JZ,TCGA_ACC,Stage II,NA,T2,N0,Adrenal cortical carcinoma,2011,No,NA,NA,NA,NA,NA,NA,NA,white,male,60,822,NA,1,0,Adrenocortical carcinoma
TCGA-OR-A5KU,TCGA_ACC,Stage II,NA,T2,N0,Adrenal cortical carcinoma,2000,No,NA,NA,NA,NA,NA,NA,NA,white,female,37,4673,NA,1,0,Adrenocortical carcinoma
TCGA-PK-A5H8,TCGA_ACC,Stage II,NA,T2,N0,Adrenal cortical carcinoma,2004,No,NA,NA,NA,NA,NA,NA,NA,white,male,42,3623,NA,1,0,Adrenocortical carcinoma
TCGA-OR-A5L3,TCGA_ACC,Stage I,NA,T1,N0,Adrenal cortical carcinoma,2000,No,NA,NA,NA,NA,NA,NA,NA,white,female,67,4628,NA,1,0,Adrenocortical carcinoma
TCGA-OR-A5K6,TCGA_ACC,Stage II,NA,T2,N0,Adrenal cortical carcinoma,2010,No,NA,NA,NA,NA,NA,NA,NA,white,female,56,1493,NA,1,0,Adrenocortical carcinoma
TCGA-OR-A5J4,TCGA_ACC,Stage IV,NA,T3,N1,Adrenal cortical carcinoma,2000,No,NA,NA,NA,NA,NA,NA,NA,white,female,23,NA,423,0,1,Adrenocortical carcinoma
TCGA-OR-A5K9,TCGA_ACC,Stage II,NA,T2,N0,Adrenal cortical carcinoma,2002,No,NA,NA,NA,NA,NA,NA,NA,white,female,61,NA,344,0,1,Adrenocortical carcinoma
TCGA-OR-A5JB,TCGA_ACC,Stage IV,NA,T4,N0,Adrenal cortical carcinoma,2000,No,NA,NA,NA,NA,NA,NA,NA,white,male,52,NA,551,0,1,Adrenocortical carcinoma
TCGA-OR-A5LB,TCGA_ACC,Stage IV,NA,T4,N0,Adrenal cortical carcinoma,2006,NA,NA,NA,NA,NA,NA,NA,NA,white,male,59,NA,1204,0,1,Adrenocortical carcinoma
TCGA-OR-A5KV,TCGA_ACC,Stage III,NA,T2,N1,Adrenal cortical carcinoma,2003,No,NA,NA,NA,NA,NA,NA,NA,white,female,17,3878,NA,1,0,Adrenocortical carcinoma
TCGA-OR-A5JJ,TCGA_ACC,Stage IV,NA,T4,N1,Adrenal cortical carcinoma,2009,No,NA,NA,NA,NA,NA,NA,NA,white,male,65,309,490,1,1,Adrenocortical carcinoma
TCGA-OR-A5JK,TCGA_ACC,Stage IV,NA,T4,N0,Adrenal cortical carcinoma,2009,No,NA,NA,NA,NA,NA,NA,NA,white,male,49,1497,NA,1,0,Adrenocortical carcinoma
TCGA-P6-A5OG,TCGA_ACC,Stage IV,NA,T4,N0,Adrenal cortical carcinoma,2011,NA,NA,NA,NA,NA,NA,NA,NA,white,female,45,NA,383,0,1,Adrenocortical carcinoma
TCGA-OR-A5LO,TCGA_ACC,Stage II,NA,T2,N0,Adrenal cortical carcinoma,2008,No,NA,NA,NA,NA,NA,NA,NA,NA,female,61,2102,2405,1,1,Adrenocortical carcinoma
TCGA-P6-A5OH,TCGA_ACC,Stage IV,NA,T4,N0,Adrenal cortical carcinoma,2010,No,NA,NA,NA,NA,NA,NA,NA,white,female,59,NA,0,0,1,Adrenocortical carcinoma
TCGA-OR-A5J7,TCGA_ACC,Stage III,NA,T3,N0,Adrenal cortical carcinoma,2009,No,NA,NA,NA,NA,NA,NA,NA,white,female,30,NA,490,0,1,Adrenocortical carcinoma
TCGA-OR-A5LA,TCGA_ACC,Stage II,NA,T2,N0,Adrenal cortical carcinoma,2012,No,NA,NA,NA,NA,NA,NA,NA,white,female,52,719,NA,1,0,Adrenocortical carcinoma
TCGA-OR-A5JL,TCGA_ACC,Stage I,NA,T1,N0,Adrenal cortical carcinoma,2009,No,NA,NA,NA,NA,NA,NA,NA,white,female,36,2056,NA,1,0,Adrenocortical carcinoma
TCGA-OR-A5J6,TCGA_ACC,Stage II,NA,T2,N0,Adrenal cortical carcinoma,2006,No,NA,NA,NA,NA,NA,NA,NA,black or african american,female,29,2703,NA,1,0,Adrenocortical carcinoma
TCGA-OR-A5JE,TCGA_ACC,Stage I,NA,T1,N0,Adrenal cortical carcinoma,2005,No,NA,NA,NA,NA,NA,NA,NA,white,female,17,NA,2105,0,1,Adrenocortical carcinoma
TCGA-OR-A5K1,TCGA_ACC,Stage II,NA,T2,N0,Adrenal cortical carcinoma,2006,No,NA,NA,NA,NA,NA,NA,NA,white,male,48,3289,NA,1,0,Adrenocortical carcinoma
TCGA-OR-A5K3,TCGA_ACC,Stage II,NA,T2,N0,Adrenal cortical carcinoma,2005,No,NA,NA,NA,NA,NA,NA,NA,white,male,53,3465,NA,1,0,Adrenocortical carcinoma
TCGA-OR-A5J1,TCGA_ACC,Stage II,NA,T2,N0,Adrenal cortical carcinoma,2000,No,NA,NA,NA,NA,NA,NA,NA,white,male,58,NA,1355,0,1,Adrenocortical carcinoma
TCGA-OR-A5JG,TCGA_ACC,Stage IV,NA,T4,N1,Adrenal cortical carcinoma,2008,No,NA,NA,NA,NA,NA,NA,NA,white,male,61,NA,541,0,1,Adrenocortical carcinoma
TCGA-OR-A5LL,TCGA_ACC,Stage II,NA,T2,N0,Adrenal cortical carcinoma,2007,No,NA,NA,NA,NA,NA,NA,NA,NA,female,75,NA,1613,0,1,Adrenocortical carcinoma