sample_name,project_name,c_tumor_stage,c_tumor_grade,c_ajcc_pathologic_t,c_ajcc_pathologic_n,c_primary_diagnosis,year_of_diagnosis,c_synchronous_malignancy,n_cigarettes_per_day,c_alcohol_history,n_years_smoked,n_alcohol_intensity,n_weight,n_height,n_bmi,c_race,c_gender,n_age,pfs,os,pfs_status,os_status,c_tumor_type
TCGA-FD-A3SN,TCGA_BLCA,Stage III,NA,T3b,N0,Transitional cell carcinoma,2011,No,0.273972603,NA,NA,NA,70,170,24.22145329,white,male,79,887,NA,1,0,Bladder Urothelial Carcinoma
TCGA-FD-A43U,TCGA_BLCA,Stage IV,NA,T4a,N2,Transitional cell carcinoma,2012,No,1.095890411,NA,NA,NA,91,183,27.17310162,white,male,70,636,NA,1,0,Bladder Urothelial Carcinoma
TCGA-XF-A9T6,TCGA_BLCA,Stage III,NA,T3b,N0,Papillary transitional cell carcinoma,2008,NA,NA,NA,NA,NA,72,157,29.21010994,white,female,88,64,NA,1,0,Bladder Urothelial Carcinoma
TCGA-BT-A2LA,TCGA_BLCA,Stage III,NA,T3a,N0,Transitional cell carcinoma,2010,No,2.191780822,NA,NA,NA,95,NA,NA,white,male,54,522,NA,1,0,Bladder Urothelial Carcinoma
TCGA-ZF-AA5H,TCGA_BLCA,Stage IV,NA,T3b,N2,Transitional cell carcinoma,2012,No,0.438356164,NA,NA,NA,82,163,30.86303587,white,female,60,897,NA,1,0,Bladder Urothelial Carcinoma
TCGA-KQ-A41P,TCGA_BLCA,Stage IV,NA,T3b,N3,Transitional cell carcinoma,2011,No,NA,NA,NA,NA,64,163,24.08822312,white,male,76,1094,NA,1,0,Bladder Urothelial Carcinoma
TCGA-XF-A9T2,TCGA_BLCA,Stage III,NA,T3b,N0,Transitional cell carcinoma,2007,NA,NA,NA,NA,NA,121,191,33.16795044,white,male,54,NA,575,0,1,Bladder Urothelial Carcinoma
TCGA-BT-A20N,TCGA_BLCA,Stage III,NA,T3a,N0,Transitional cell carcinoma,2003,NA,2.739726027,NA,NA,NA,NA,NA,NA,NA,male,72,NA,795,0,1,Bladder Urothelial Carcinoma
TCGA-4Z-AA86,TCGA_BLCA,Stage IV,NA,T3a,N1,Transitional cell carcinoma,2009,No,NA,NA,NA,NA,NA,NA,NA,black or african american,male,66,270,311,1,1,Bladder Urothelial Carcinoma
TCGA-CF-A47V,TCGA_BLCA,Stage II,NA,T2,N0,Papillary transitional cell carcinoma,2012,No,NA,NA,NA,NA,59,171,20.17714852,asian,male,52,379,NA,1,0,Bladder Urothelial Carcinoma
TCGA-DK-AA6W,TCGA_BLCA,Stage II,NA,T2,N0,Transitional cell carcinoma,2013,NA,NA,NA,NA,NA,103,180,31.79012346,white,male,78,263,415,1,1,Bladder Urothelial Carcinoma
TCGA-FJ-A3Z9,TCGA_BLCA,NA,NA,TX,N0,Papillary transitional cell carcinoma,2012,No,0.712328767,NA,NA,NA,105,183,31.35357879,white,male,72,217,385,1,1,Bladder Urothelial Carcinoma
TCGA-LT-A8JT,TCGA_BLCA,Stage II,NA,T2a,N0,Papillary transitional cell carcinoma,2013,No,4.109589041,NA,NA,NA,69,180,21.2962963,white,female,69,641,NA,1,0,Bladder Urothelial Carcinoma
TCGA-XF-AAME,TCGA_BLCA,Stage II,NA,T2b,N0,Transitional cell carcinoma,2006,No,NA,NA,NA,NA,67,160,26.171875,white,female,64,NA,2828,0,1,Bladder Urothelial Carcinoma
TCGA-DK-A3WY,TCGA_BLCA,Stage III,NA,T3,N0,Transitional cell carcinoma,2001,No,NA,NA,NA,NA,67,155,27.88761707,white,female,67,4967,NA,1,0,Bladder Urothelial Carcinoma
TCGA-BT-A20O,TCGA_BLCA,Stage III,NA,T3a,N0,Transitional cell carcinoma,2003,No,NA,NA,NA,NA,NA,NA,NA,white,male,75,NA,370,0,1,Bladder Urothelial Carcinoma
TCGA-E7-A7DV,TCGA_BLCA,Stage IV,NA,T4,N3,Papillary transitional cell carcinoma,2013,NA,NA,NA,NA,NA,67,168,23.73866213,white,male,44,37,NA,1,0,Bladder Urothelial Carcinoma
TCGA-GC-A3BM,TCGA_BLCA,Stage II,NA,T2b,N0,Transitional cell carcinoma,2010,No,1.643835616,NA,NA,NA,86,175,28.08163265,white,male,70,88,651,1,1,Bladder Urothelial Carcinoma
TCGA-HQ-A2OE,TCGA_BLCA,NA,NA,T2a,N2,Transitional cell carcinoma,2007,No,NA,NA,NA,NA,68,181,20.75638717,NA,male,69,1174,NA,1,0,Bladder Urothelial Carcinoma
TCGA-GU-A762,TCGA_BLCA,Stage IV,NA,T4a,N2,Transitional cell carcinoma,2012,No,NA,NA,NA,NA,75,182,22.64219297,white,male,87,62,232,1,1,Bladder Urothelial Carcinoma
TCGA-GU-A42R,TCGA_BLCA,Stage IV,NA,T4a,N2,Transitional cell carcinoma,2012,No,1.095890411,NA,NA,NA,102,180,31.48148148,white,male,68,344,577,1,1,Bladder Urothelial Carcinoma
TCGA-XF-A9SW,TCGA_BLCA,Stage IV,NA,T3b,N2,Transitional cell carcinoma,2006,NA,NA,NA,NA,NA,65,179,20.28650791,white,male,85,NA,362,0,1,Bladder Urothelial Carcinoma
TCGA-E7-A519,TCGA_BLCA,Stage II,NA,T2b,NX,Transitional cell carcinoma,2012,No,2.739726027,NA,NA,NA,79,176,25.5036157,white,male,72,508,NA,1,0,Bladder Urothelial Carcinoma
TCGA-UY-A9PB,TCGA_BLCA,Stage III,NA,T3a,N0,Transitional cell carcinoma,NA,No,1.369863014,NA,NA,NA,133,179,41.50931619,white,male,49,899,NA,1,0,Bladder Urothelial Carcinoma
TCGA-UY-A8OC,TCGA_BLCA,Stage IV,NA,T4,N1,Transitional cell carcinoma,NA,No,NA,NA,NA,NA,NA,NA,NA,white,male,90,NA,0,0,1,Bladder Urothelial Carcinoma
TCGA-GU-AATO,TCGA_BLCA,Stage IV,NA,T4a,N2,Transitional cell carcinoma,2013,No,1.095890411,NA,NA,NA,68,180,20.98765432,white,male,75,NA,324,0,1,Bladder Urothelial Carcinoma
TCGA-CU-A3YL,TCGA_BLCA,Stage III,NA,T4a,N0,Papillary transitional cell carcinoma,2011,No,1.369863014,NA,NA,NA,93,179,29.02531132,white,male,67,906,NA,1,0,Bladder Urothelial Carcinoma
TCGA-FD-A5BR,TCGA_BLCA,Stage II,NA,T2b,N0,Transitional cell carcinoma,2012,No,NA,NA,NA,NA,121,180,37.34567901,white,male,57,813,NA,1,0,Bladder Urothelial Carcinoma
TCGA-XF-A9SU,TCGA_BLCA,Stage IV,NA,T3b,N1,Papillary transitional cell carcinoma,2006,No,1.643835616,NA,NA,NA,56,151,24.5603263,white,female,74,NA,182,0,1,Bladder Urothelial Carcinoma
TCGA-DK-A2I1,TCGA_BLCA,Stage II,NA,T2b,N0,Papillary transitional cell carcinoma,2010,No,NA,NA,NA,NA,71.5,149,32.2057565,white,female,73,546,NA,1,0,Bladder Urothelial Carcinoma
TCGA-XF-A9T0,TCGA_BLCA,Stage III,NA,T3b,N0,Transitional cell carcinoma,2007,NA,NA,NA,NA,NA,82,178,25.88057064,white,male,68,799,NA,1,0,Bladder Urothelial Carcinoma
TCGA-UY-A8OB,TCGA_BLCA,Stage IV,NA,T3a,N1,Transitional cell carcinoma,NA,No,1.369863014,NA,NA,NA,55,158,22.03172568,white,male,63,2109,NA,1,0,Bladder Urothelial Carcinoma
TCGA-E7-A6ME,TCGA_BLCA,Stage II,NA,T2b,NX,Transitional cell carcinoma,2013,No,0.821917808,NA,NA,NA,59,167,21.1552942,asian,male,75,731,NA,1,0,Bladder Urothelial Carcinoma
TCGA-DK-A6B1,TCGA_BLCA,Stage II,NA,T2a,N0,Transitional cell carcinoma,2007,NA,NA,NA,NA,NA,107,190,29.6398892,white,male,67,2049,NA,1,0,Bladder Urothelial Carcinoma
TCGA-ZF-AA4N,TCGA_BLCA,Stage II,NA,NA,NA,Carcinoma_ NOS,2011,No,NA,NA,NA,NA,70,165,25.71166208,white,male,74,NA,88,0,1,Bladder Urothelial Carcinoma
TCGA-BT-A20W,TCGA_BLCA,Stage II,NA,T2b,N0,Transitional cell carcinoma,2009,No,NA,NA,NA,NA,NA,NA,NA,white,male,71,NA,254,0,1,Bladder Urothelial Carcinoma
TCGA-GC-A3RD,TCGA_BLCA,Stage III,NA,T3a,N0,Transitional cell carcinoma,2011,No,NA,NA,NA,NA,71,157,28.80441397,white,female,83,428,NA,1,0,Bladder Urothelial Carcinoma
TCGA-K4-A6MB,TCGA_BLCA,Stage IV,NA,T3b,N1,Transitional cell carcinoma,2013,No,NA,NA,NA,NA,88,178,27.77427093,white,male,64,469,NA,1,0,Bladder Urothelial Carcinoma
TCGA-C4-A0EZ,TCGA_BLCA,Stage IV,NA,T3a,N1,Transitional cell carcinoma,2006,NA,1.863013699,NA,NA,NA,76,169,26.60971255,NA,female,69,NA,273,0,1,Bladder Urothelial Carcinoma
TCGA-DK-AA6L,TCGA_BLCA,Stage IV,NA,T3,N1,Transitional cell carcinoma,2010,NA,40,NA,NA,NA,115,174,37.98388162,white,male,48,NA,1163,0,1,Bladder Urothelial Carcinoma
TCGA-DK-A6AW,TCGA_BLCA,Stage II,NA,T2a,N0,Transitional cell carcinoma,2010,NA,1.369863014,NA,NA,NA,95,173,31.7417889,white,male,70,1621,NA,1,0,Bladder Urothelial Carcinoma
TCGA-GV-A3QK,TCGA_BLCA,Stage IV,NA,T4a,N2,Transitional cell carcinoma,2012,NA,2.465753425,NA,NA,NA,83,161,32.02036958,white,female,56,832,NA,1,0,Bladder Urothelial Carcinoma
TCGA-XF-A8HF,TCGA_BLCA,Stage III,NA,T3a,N0,Transitional cell carcinoma,2004,No,0.054794521,NA,NA,NA,83,183,24.78425752,white,male,80,1709,2954,1,1,Bladder Urothelial Carcinoma
TCGA-XF-A9SI,TCGA_BLCA,Stage II,NA,T2b,N0,Papillary transitional cell carcinoma,2006,No,NA,NA,NA,NA,63,159,24.91990032,asian,female,73,2423,NA,1,0,Bladder Urothelial Carcinoma
TCGA-BT-A20R,TCGA_BLCA,Stage IV,NA,T3b,N1,Transitional cell carcinoma,2006,No,NA,NA,NA,NA,NA,NA,NA,white,female,79,NA,154,0,1,Bladder Urothelial Carcinoma
TCGA-GU-A42Q,TCGA_BLCA,Stage III,NA,T3b,N0,Transitional cell carcinoma,2012,No,3.123287671,NA,NA,NA,89,185,26.00438276,white,male,67,231,344,1,1,Bladder Urothelial Carcinoma
TCGA-K4-A4AB,TCGA_BLCA,Stage III,NA,T4a,N0,Transitional cell carcinoma,2012,No,NA,NA,NA,NA,NA,NA,NA,white,male,76,84,NA,1,0,Bladder Urothelial Carcinoma
TCGA-BT-A42F,TCGA_BLCA,Stage IV,NA,T4a,N1,Transitional cell carcinoma,2011,No,NA,NA,NA,NA,102,180,31.48148148,white,male,64,864,NA,1,0,Bladder Urothelial Carcinoma
TCGA-E5-A2PC,TCGA_BLCA,Stage IV,NA,T2b,N1,Transitional cell carcinoma,2008,No,NA,NA,NA,NA,65,155,27.05515088,white,female,61,1326,NA,1,0,Bladder Urothelial Carcinoma
TCGA-ZF-A9RD,TCGA_BLCA,Stage IV,NA,T3a,N2,Transitional cell carcinoma,2008,No,0.547945205,NA,NA,NA,64,157,25.96454217,white,female,75,NA,408,0,1,Bladder Urothelial Carcinoma
TCGA-4Z-AA7R,TCGA_BLCA,Stage IV,NA,T4b,N0,Papillary transitional cell carcinoma,2010,No,NA,NA,NA,NA,69,166,25.03991871,black or african american,male,73,493,522,1,1,Bladder Urothelial Carcinoma
TCGA-DK-A3IS,TCGA_BLCA,Stage II,NA,T2a,N0,Transitional cell carcinoma,2008,NA,NA,NA,NA,NA,83.5,187,23.8782922,white,male,68,1529,NA,1,0,Bladder Urothelial Carcinoma
TCGA-CF-A3MF,TCGA_BLCA,Stage III,NA,T3,N0,Papillary transitional cell carcinoma,2011,No,NA,NA,NA,NA,NA,NA,NA,asian,male,34,383,NA,1,0,Bladder Urothelial Carcinoma
TCGA-DK-AA77,TCGA_BLCA,Stage II,NA,T2a,N0,Transitional cell carcinoma,2013,No,NA,NA,NA,NA,81,172,27.37966468,white,male,61,618,NA,1,0,Bladder Urothelial Carcinoma
TCGA-FD-A5C0,TCGA_BLCA,Stage IV,NA,T3a,N2,Transitional cell carcinoma,2012,No,1.643835616,NA,NA,NA,93,186,26.88172043,white,male,61,407,550,1,1,Bladder Urothelial Carcinoma
TCGA-ZF-AA4T,TCGA_BLCA,Stage IV,NA,T4,N2,Transitional cell carcinoma,2008,NA,NA,NA,NA,NA,85,172,28.73174689,white,male,65,NA,599,0,1,Bladder Urothelial Carcinoma
TCGA-GV-A40G,TCGA_BLCA,Stage II,NA,T2a,N0,Transitional cell carcinoma,2012,NA,1.643835616,NA,NA,NA,82,180,25.30864198,white,male,77,580,NA,1,0,Bladder Urothelial Carcinoma
TCGA-FD-A62P,TCGA_BLCA,Stage II,NA,T2b,N0,Transitional cell carcinoma,2012,No,NA,NA,NA,NA,110,193,29.53099412,white,male,76,NA,191,0,1,Bladder Urothelial Carcinoma
TCGA-K4-A3WU,TCGA_BLCA,Stage III,NA,T4a,N0,Transitional cell carcinoma,2012,No,NA,NA,NA,NA,71,175,23.18367347,white,male,87,105,NA,1,0,Bladder Urothelial Carcinoma
TCGA-XF-A8HG,TCGA_BLCA,Stage III,NA,T3b,N0,Transitional cell carcinoma,2005,No,0.438356164,NA,NA,NA,108,194,28.69592943,white,male,69,NA,467,0,1,Bladder Urothelial Carcinoma
TCGA-BT-A2LB,TCGA_BLCA,Stage III,NA,T3a,N0,Transitional cell carcinoma,2010,No,NA,NA,NA,NA,82,NA,NA,white,female,73,170,492,1,1,Bladder Urothelial Carcinoma
TCGA-FJ-A3Z7,TCGA_BLCA,Stage IV,NA,T4a,N2,Transitional cell carcinoma,2010,NA,NA,NA,NA,NA,84,175,27.42857143,white,male,76,945,NA,1,0,Bladder Urothelial Carcinoma
TCGA-GC-A3RC,TCGA_BLCA,Stage II,NA,T2b,N0,Transitional cell carcinoma,2011,No,NA,NA,NA,NA,111,175,36.24489796,white,male,59,484,NA,1,0,Bladder Urothelial Carcinoma
TCGA-LT-A5Z6,TCGA_BLCA,Stage II,NA,NA,NX,Transitional cell carcinoma,2013,No,NA,NA,NA,NA,86,183,25.68007405,white,male,56,474,NA,1,0,Bladder Urothelial Carcinoma
TCGA-G2-AA3F,TCGA_BLCA,Stage IV,NA,T3,N1,Transitional cell carcinoma,2012,No,5.917808219,NA,NA,NA,91,173,30.40529253,white,male,77,893,NA,1,0,Bladder Urothelial Carcinoma
TCGA-ZF-A9R0,TCGA_BLCA,Stage III,NA,T3b,NX,Transitional cell carcinoma,2013,No,0.273972603,NA,NA,NA,80,172,27.04164413,white,male,82,567,680,1,1,Bladder Urothelial Carcinoma
TCGA-XF-AAMX,TCGA_BLCA,Stage III,NA,T3b,N0,Transitional cell carcinoma,2006,No,NA,NA,NA,NA,77,168,27.28174603,black or african american,female,87,NA,206,0,1,Bladder Urothelial Carcinoma
TCGA-DK-AA71,TCGA_BLCA,Stage II,NA,T2b,N0,Transitional cell carcinoma,2013,NA,NA,NA,NA,NA,68,172,22.98539751,white,male,71,415,NA,1,0,Bladder Urothelial Carcinoma
TCGA-ZF-A9RC,TCGA_BLCA,Stage III,NA,T3a,N0,Transitional cell carcinoma,2007,No,NA,NA,NA,NA,99,175,32.32653061,white,male,77,2868,NA,1,0,Bladder Urothelial Carcinoma
TCGA-2F-A9KT,TCGA_BLCA,Stage II,NA,T2b,N0,Transitional cell carcinoma,2006,NA,NA,NA,NA,NA,80,180,24.69135802,white,male,83,2352,NA,1,0,Bladder Urothelial Carcinoma
TCGA-K4-A5RH,TCGA_BLCA,Stage III,NA,T3a,N0,Transitional cell carcinoma,2012,No,2.191780822,NA,NA,NA,NA,NA,NA,white,male,69,276,NA,1,0,Bladder Urothelial Carcinoma
TCGA-ZF-AA4W,TCGA_BLCA,Stage III,NA,T3b,N0,Transitional cell carcinoma,2009,No,NA,NA,NA,NA,96,187,27.45288684,white,male,56,1830,NA,1,0,Bladder Urothelial Carcinoma
TCGA-FD-A43S,TCGA_BLCA,Stage III,NA,T3b,N0,Transitional cell carcinoma,2012,No,8.219178082,NA,NA,NA,61,157,24.74745426,white,female,71,455,NA,1,0,Bladder Urothelial Carcinoma
TCGA-YC-A89H,TCGA_BLCA,Stage II,NA,NA,NA,Transitional cell carcinoma,2013,No,1.726027397,NA,NA,NA,44,145,20.9274673,white,female,78,573,NA,1,0,Bladder Urothelial Carcinoma
TCGA-UY-A9PE,TCGA_BLCA,Stage IV,NA,T2b,N2,Transitional cell carcinoma,NA,No,2.465753425,NA,NA,NA,84,168,29.76190476,white,male,86,189,NA,1,0,Bladder Urothelial Carcinoma
TCGA-ZF-AA52,TCGA_BLCA,Stage III,NA,T3a,NX,Transitional cell carcinoma,2009,No,0.109589041,NA,NA,NA,77,181,23.50355606,white,male,70,NA,1077,0,1,Bladder Urothelial Carcinoma
TCGA-GC-A3RB,TCGA_BLCA,Stage III,NA,T3b,N0,Transitional cell carcinoma,2011,No,2.191780822,NA,NA,NA,NA,NA,NA,white,male,54,582,NA,1,0,Bladder Urothelial Carcinoma
TCGA-4Z-AA84,TCGA_BLCA,Stage IV,NA,T3a,N2,Transitional cell carcinoma,2008,NA,NA,NA,NA,NA,63,166,22.86253448,white,male,61,460,NA,1,0,Bladder Urothelial Carcinoma
TCGA-BT-A0YX,TCGA_BLCA,Stage III,NA,T3b,N0,Transitional cell carcinoma,2009,No,NA,NA,NA,NA,NA,NA,NA,white,female,70,363,400,1,1,Bladder Urothelial Carcinoma
TCGA-ZF-AA5P,TCGA_BLCA,Stage IV,NA,T2b,N2,Transitional cell carcinoma,2013,No,3.397260274,NA,NA,NA,84,177,26.81221871,white,male,65,372,NA,1,0,Bladder Urothelial Carcinoma
TCGA-4Z-AA7M,TCGA_BLCA,Stage III,NA,T3a,N0,Transitional cell carcinoma,2013,No,0.547945205,NA,NA,NA,69,184,20.38043478,white,male,65,495,NA,1,0,Bladder Urothelial Carcinoma
TCGA-XF-AAN1,TCGA_BLCA,Stage III,NA,T4a,N0,Papillary transitional cell carcinoma,2006,NA,2.575342466,NA,NA,NA,92,168,32.59637188,NA,female,75,NA,941,0,1,Bladder Urothelial Carcinoma
TCGA-DK-A6B2,TCGA_BLCA,Stage IV,NA,T3,N1,Transitional cell carcinoma,2012,NA,3.123287671,NA,NA,NA,107,177,34.15365955,white,male,70,477,NA,1,0,Bladder Urothelial Carcinoma
TCGA-GU-A42P,TCGA_BLCA,Stage IV,NA,T3a,N1,Transitional cell carcinoma,2012,No,2.082191781,NA,NA,NA,80,183,23.88844098,white,male,72,195,332,1,1,Bladder Urothelial Carcinoma
TCGA-2F-A9KP,TCGA_BLCA,Stage IV,NA,T3a,N2,Transitional cell carcinoma,2011,No,3.397260274,NA,NA,NA,130,186,37.57659845,white,male,66,NA,364,0,1,Bladder Urothelial Carcinoma
TCGA-G2-A3IE,TCGA_BLCA,Stage II,NA,NA,NX,Transitional cell carcinoma,2007,No,0.082191781,NA,NA,NA,98.1,182,29.61598841,white,male,51,NA,612,0,1,Bladder Urothelial Carcinoma
TCGA-FD-A3SM,TCGA_BLCA,Stage IV,NA,T3a,N2,Transitional cell carcinoma,2011,NA,4.383561644,NA,NA,NA,98,188,27.7274785,white,male,70,186,547,1,1,Bladder Urothelial Carcinoma
TCGA-ZF-A9RF,TCGA_BLCA,Stage II,NA,T1,NX,Transitional cell carcinoma,2009,No,2.849315068,NA,NA,NA,NA,NA,NA,white,male,74,1949,NA,1,0,Bladder Urothelial Carcinoma
TCGA-GU-A767,TCGA_BLCA,Stage IV,NA,T3b,N2,Transitional cell carcinoma,2012,No,NA,NA,NA,NA,78,185,22.79035793,white,male,81,NA,144,0,1,Bladder Urothelial Carcinoma
TCGA-BT-A20Q,TCGA_BLCA,Stage IV,NA,T3b,N2,Transitional cell carcinoma,2006,No,NA,NA,NA,NA,NA,NA,NA,white,male,73,NA,593,0,1,Bladder Urothelial Carcinoma
TCGA-DK-A2I6,TCGA_BLCA,Stage IV,NA,T2b,N1,Transitional cell carcinoma,2005,NA,0.876712329,NA,NA,NA,88.5,178,27.93207928,white,male,81,2656,NA,1,0,Bladder Urothelial Carcinoma
TCGA-KQ-A41O,TCGA_BLCA,Stage IV,NA,T3,N1,Transitional cell carcinoma,2011,NA,NA,NA,NA,NA,50,163,18.81892431,NA,male,84,1538,NA,1,0,Bladder Urothelial Carcinoma
TCGA-CU-A5W6,TCGA_BLCA,Stage III,NA,T4a,N0,Transitional cell carcinoma,2012,No,2.02739726,NA,NA,NA,81,175,26.44897959,white,male,70,NA,56,0,1,Bladder Urothelial Carcinoma
TCGA-XF-AAN3,TCGA_BLCA,Stage IV,NA,T3b,N2,Transitional cell carcinoma,2007,No,NA,NA,NA,NA,56,168,19.84126984,white,male,76,2625,NA,1,0,Bladder Urothelial Carcinoma
TCGA-DK-A1AD,TCGA_BLCA,Stage IV,NA,T3b,N2,Transitional cell carcinoma,2002,No,NA,NA,NA,NA,80.7,176,26.05242769,white,male,69,3420,NA,1,0,Bladder Urothelial Carcinoma
TCGA-FD-A62S,TCGA_BLCA,Stage III,NA,T3b,N0,Transitional cell carcinoma,2013,No,NA,NA,NA,NA,74,160,28.90625,black or african american,female,60,368,406,1,1,Bladder Urothelial Carcinoma
TCGA-CF-A27C,TCGA_BLCA,Stage III,NA,T3,N0,Papillary transitional cell carcinoma,2011,No,NA,NA,NA,NA,59,170,20.41522491,asian,male,52,425,NA,1,0,Bladder Urothelial Carcinoma
TCGA-FD-A6TC,TCGA_BLCA,Stage III,NA,T4a,N0,Transitional cell carcinoma,2013,NA,0.547945205,NA,NA,NA,57,160,22.265625,white,female,79,187,NA,1,0,Bladder Urothelial Carcinoma
TCGA-K4-A6FZ,TCGA_BLCA,Stage III,NA,T3a,N0,Transitional cell carcinoma,2012,No,NA,NA,NA,NA,83,180,25.61728395,white,female,75,55,NA,1,0,Bladder Urothelial Carcinoma
TCGA-FD-A6TA,TCGA_BLCA,Stage IV,NA,T3b,N2,Papillary transitional cell carcinoma,2009,No,NA,NA,NA,NA,86,178,27.1430375,white,male,58,1912,NA,1,0,Bladder Urothelial Carcinoma
TCGA-CF-A47X,TCGA_BLCA,Stage II,NA,T2,N0,Papillary transitional cell carcinoma,2012,No,1.095890411,NA,NA,NA,62,175,20.24489796,asian,male,60,384,NA,1,0,Bladder Urothelial Carcinoma
TCGA-XF-A8HE,TCGA_BLCA,Stage III,NA,T3b,N0,Transitional cell carcinoma,2004,No,NA,NA,NA,NA,80,178,25.2493372,white,male,47,3817,NA,1,0,Bladder Urothelial Carcinoma
TCGA-G2-AA3C,TCGA_BLCA,Stage IV,NA,T3b,N1,Transitional cell carcinoma,2009,No,0.219178082,NA,NA,NA,90,184,26.5831758,white,male,66,NA,211,0,1,Bladder Urothelial Carcinoma
TCGA-E7-A8O8,TCGA_BLCA,Stage II,NA,T2,N0,Transitional cell carcinoma,2013,No,0.712328767,NA,NA,NA,48,157,19.47340663,asian,male,59,13,NA,1,0,Bladder Urothelial Carcinoma
TCGA-XF-AAMJ,TCGA_BLCA,Stage III,NA,T3b,N0,Transitional cell carcinoma,2006,NA,NA,NA,NA,NA,55,157,22.31327843,asian,male,70,NA,1670,0,1,Bladder Urothelial Carcinoma
TCGA-G2-AA3B,TCGA_BLCA,Stage II,NA,T2,N0,Transitional cell carcinoma,2009,No,1.424657534,NA,NA,NA,76,167,27.25088745,white,female,75,2008,NA,1,0,Bladder Urothelial Carcinoma
TCGA-DK-A1AF,TCGA_BLCA,Stage IV,NA,T3,N2,Transitional cell carcinoma,2010,No,NA,NA,NA,NA,65.3,152,28.26350416,white,female,84,536,NA,1,0,Bladder Urothelial Carcinoma
TCGA-UY-A9PH,TCGA_BLCA,Stage II,NA,T2b,N0,Transitional cell carcinoma,NA,NA,NA,NA,NA,NA,59,158,23.63403301,white,male,73,1561,NA,1,0,Bladder Urothelial Carcinoma
TCGA-K4-A3WV,TCGA_BLCA,Stage II,NA,T2b,N0,Transitional cell carcinoma,2011,No,4.383561644,NA,NA,NA,NA,NA,NA,white,female,77,646,NA,1,0,Bladder Urothelial Carcinoma
TCGA-CF-A3MG,TCGA_BLCA,Stage II,NA,T2,N0,Papillary transitional cell carcinoma,2011,No,NA,NA,NA,NA,62,175,20.24489796,asian,male,48,369,NA,1,0,Bladder Urothelial Carcinoma
TCGA-GD-A3OQ,TCGA_BLCA,Stage IV,NA,T4a,N1,Transitional cell carcinoma,2011,No,1.698630137,NA,NA,NA,NA,NA,NA,white,male,48,95,NA,1,0,Bladder Urothelial Carcinoma
TCGA-BL-A3JM,TCGA_BLCA,Stage III,NA,T3,N0,Transitional cell carcinoma,2010,No,2.684931507,NA,NA,NA,86.36,195.58,22.57687093,white,male,62,NA,205,0,1,Bladder Urothelial Carcinoma
TCGA-FD-A3N6,TCGA_BLCA,Stage II,NA,T2b,N0,Transitional cell carcinoma,2011,No,0.452054795,NA,NA,NA,142.88,170.18,49.33491711,black or african american,female,43,851,NA,1,0,Bladder Urothelial Carcinoma
TCGA-BT-A20J,TCGA_BLCA,Stage II,NA,T2b,N0,Transitional cell carcinoma,1999,No,1.095890411,NA,NA,NA,NA,NA,NA,white,male,75,NA,579,0,1,Bladder Urothelial Carcinoma
TCGA-FT-A61P,TCGA_BLCA,Stage IV,NA,T3b,N2,Transitional cell carcinoma,2013,NA,0.219178082,NA,NA,NA,88,170,30.44982699,white,male,76,337,NA,1,0,Bladder Urothelial Carcinoma
TCGA-E5-A4TZ,TCGA_BLCA,Stage IV,NA,T4b,N2,Transitional cell carcinoma,2010,NA,4.657534247,NA,NA,NA,94,184,27.76465028,white,male,64,NA,467,0,1,Bladder Urothelial Carcinoma
TCGA-GC-A4ZW,TCGA_BLCA,Stage III,NA,T3a,N0,Transitional cell carcinoma,2012,No,NA,NA,NA,NA,89,183,26.57589059,white,male,71,15,NA,1,0,Bladder Urothelial Carcinoma
TCGA-BL-A0C8,TCGA_BLCA,Stage I,NA,T1,NX,Transitional cell carcinoma,2009,No,0.547945205,NA,NA,NA,134.4,178,42.4188865,white,male,73,1219,NA,1,0,Bladder Urothelial Carcinoma
TCGA-CF-A1HR,TCGA_BLCA,Stage III,NA,T3,N0,Transitional cell carcinoma,2010,No,NA,NA,NA,NA,61,172,20.61925365,asian,male,62,389,NA,1,0,Bladder Urothelial Carcinoma
TCGA-DK-A1AC,TCGA_BLCA,Stage III,NA,T3b,N0,Transitional cell carcinoma,2000,NA,1.095890411,NA,NA,NA,76.5,167,27.4301696,white,male,72,3981,NA,1,0,Bladder Urothelial Carcinoma
TCGA-FD-A5BS,TCGA_BLCA,Stage III,NA,T3b,N0,Transitional cell carcinoma,2009,NA,NA,NA,NA,NA,NA,NA,NA,white,male,68,1639,NA,1,0,Bladder Urothelial Carcinoma
TCGA-ZF-AA51,TCGA_BLCA,Stage II,NA,T2,NX,Transitional cell carcinoma,2009,No,2.082191781,NA,NA,NA,54,149,24.32322868,white,female,69,1714,NA,1,0,Bladder Urothelial Carcinoma
TCGA-GU-AATQ,TCGA_BLCA,Stage III,NA,T3b,N0,Transitional cell carcinoma,2013,No,1.643835616,NA,NA,NA,73,170,25.25951557,white,male,68,NA,213,0,1,Bladder Urothelial Carcinoma
TCGA-G2-A2EJ,TCGA_BLCA,Stage II,NA,NA,N0,Transitional cell carcinoma,2009,No,1.095890411,NA,NA,NA,65.3,152.4,28.11533401,white,female,56,1460,NA,1,0,Bladder Urothelial Carcinoma
TCGA-E7-A4IJ,TCGA_BLCA,Stage II,NA,T2b,NX,Papillary transitional cell carcinoma,2012,No,NA,NA,NA,NA,46,156,18.90203813,asian,male,56,408,674,1,1,Bladder Urothelial Carcinoma
TCGA-E7-A7XN,TCGA_BLCA,Stage III,NA,T3,N0,Transitional cell carcinoma,2013,No,0.547945205,NA,NA,NA,48,165,17.63085399,asian,male,66,428,NA,1,0,Bladder Urothelial Carcinoma
TCGA-DK-A3IV,TCGA_BLCA,Stage II,NA,NA,NX,Transitional cell carcinoma,2011,NA,4.383561644,NA,NA,NA,85.4,172,28.86695511,white,male,60,NA,294,0,1,Bladder Urothelial Carcinoma
TCGA-CU-A0YN,TCGA_BLCA,Stage III,NA,T3a,N0,Papillary transitional cell carcinoma,2005,No,2.191780822,NA,NA,NA,67.4,178,21.2725666,white,male,60,NA,393,0,1,Bladder Urothelial Carcinoma
TCGA-XF-AAN4,TCGA_BLCA,Stage III,NA,T3b,N0,Transitional cell carcinoma,2007,No,1.369863014,NA,NA,NA,59,165,21.67125803,white,female,77,NA,823,0,1,Bladder Urothelial Carcinoma
TCGA-CU-A0YR,TCGA_BLCA,Stage IV,NA,T2,N2,Transitional cell carcinoma,2010,No,0.657534247,NA,NA,NA,75.4,177.8,23.85106811,white,male,83,219,460,1,1,Bladder Urothelial Carcinoma
TCGA-C4-A0F7,TCGA_BLCA,Stage IV,NA,T4b,N2,Transitional cell carcinoma,2008,NA,NA,NA,NA,NA,70,172,23.66143862,NA,male,77,NA,62,0,1,Bladder Urothelial Carcinoma
TCGA-K4-A5RI,TCGA_BLCA,Stage III,NA,T3a,N0,Transitional cell carcinoma,2012,No,2.191780822,NA,NA,NA,NA,NA,NA,white,female,67,239,356,1,1,Bladder Urothelial Carcinoma
TCGA-DK-A6AV,TCGA_BLCA,Stage II,NA,T2a,N0,Transitional cell carcinoma,2008,No,0.657534247,NA,NA,NA,55,152,23.80540166,asian,female,82,1952,NA,1,0,Bladder Urothelial Carcinoma
TCGA-GV-A3QH,TCGA_BLCA,Stage II,NA,NA,NX,Transitional cell carcinoma,2011,No,0.547945205,NA,NA,NA,91,184,26.87854442,white,male,67,237,258,1,1,Bladder Urothelial Carcinoma
TCGA-FD-A5BZ,TCGA_BLCA,Stage IV,NA,T3a,N1,Transitional cell carcinoma,2009,No,NA,NA,NA,NA,61,152,26.40235457,white,female,77,NA,835,0,1,Bladder Urothelial Carcinoma
TCGA-CF-A3MH,TCGA_BLCA,Stage II,NA,T2,N0,Papillary transitional cell carcinoma,2011,No,1.369863014,NA,NA,NA,59,165,21.67125803,asian,male,75,398,NA,1,0,Bladder Urothelial Carcinoma
TCGA-E7-A5KE,TCGA_BLCA,Stage II,NA,T2a,N0,Transitional cell carcinoma,2012,No,NA,NA,NA,NA,41,160,16.015625,asian,female,78,17,NA,1,0,Bladder Urothelial Carcinoma
TCGA-FD-A3B8,TCGA_BLCA,Stage II,NA,T2b,N0,Transitional cell carcinoma,2011,No,2.191780822,NA,NA,NA,92.5,177.8,29.2602626,white,male,56,384,NA,1,0,Bladder Urothelial Carcinoma
TCGA-ZF-A9R7,TCGA_BLCA,Stage II,NA,NA,NX,Transitional cell carcinoma,2011,No,NA,NA,NA,NA,66,159,26.10656224,white,female,76,665,NA,1,0,Bladder Urothelial Carcinoma
TCGA-XF-A9SL,TCGA_BLCA,Stage IV,NA,T3a,N2,Transitional cell carcinoma,2004,No,3.01369863,NA,NA,NA,89,175,29.06122449,white,male,69,NA,2020,0,1,Bladder Urothelial Carcinoma
TCGA-XF-AAN7,TCGA_BLCA,Stage IV,NA,T3a,N1,Transitional cell carcinoma,2008,NA,2.191780822,NA,NA,NA,89,183,26.57589059,white,male,60,NA,565,0,1,Bladder Urothelial Carcinoma
TCGA-ZF-AA58,TCGA_BLCA,Stage IV,NA,T3a,N2,Transitional cell carcinoma,2010,No,2.136986301,NA,NA,NA,71,167,25.4580659,white,female,61,1649,NA,1,0,Bladder Urothelial Carcinoma
TCGA-UY-A9PA,TCGA_BLCA,Stage III,NA,T3a,N0,Transitional cell carcinoma,NA,No,NA,NA,NA,NA,75,175,24.48979592,white,male,48,1072,NA,1,0,Bladder Urothelial Carcinoma
TCGA-FD-A5BV,TCGA_BLCA,Stage III,NA,T3b,N0,Transitional cell carcinoma,2012,No,1.534246575,NA,NA,NA,47,162,17.90885536,white,female,47,NA,163,0,1,Bladder Urothelial Carcinoma
TCGA-ZF-A9RG,TCGA_BLCA,Stage III,NA,T3b,N0,Transitional cell carcinoma,2010,No,NA,NA,NA,NA,76,176,24.53512397,white,female,70,1786,NA,1,0,Bladder Urothelial Carcinoma
TCGA-YF-AA3M,TCGA_BLCA,Stage II,NA,T2a,NX,Transitional cell carcinoma,2013,NA,3.178082192,NA,NA,NA,77,168,27.28174603,NA,male,57,415,NA,1,0,Bladder Urothelial Carcinoma
TCGA-UY-A78O,TCGA_BLCA,Stage II,NA,T2,N0,Transitional cell carcinoma,NA,No,NA,NA,NA,NA,120,161,46.29451024,white,female,75,2312,NA,1,0,Bladder Urothelial Carcinoma
TCGA-E7-A3X6,TCGA_BLCA,Stage II,NA,T2,NX,Transitional cell carcinoma,2011,No,NA,NA,NA,NA,89,170,30.79584775,white,male,70,750,904,1,1,Bladder Urothelial Carcinoma
TCGA-GV-A6ZA,TCGA_BLCA,Stage II,NA,T2b,N0,Papillary transitional cell carcinoma,2012,No,NA,NA,NA,NA,88,184,25.99243856,white,male,54,691,NA,1,0,Bladder Urothelial Carcinoma
TCGA-FJ-A3ZE,TCGA_BLCA,Stage IV,NA,NA,N3,Transitional cell carcinoma,2012,No,1.369863014,NA,NA,NA,109,183,32.54800084,white,male,65,106,324,1,1,Bladder Urothelial Carcinoma
TCGA-XF-AAMH,TCGA_BLCA,Stage IV,NA,T3b,N1,Transitional cell carcinoma,2005,No,1.095890411,NA,NA,NA,87,158,34.85018427,white,male,80,NA,344,0,1,Bladder Urothelial Carcinoma
TCGA-BT-A3PJ,TCGA_BLCA,Stage III,NA,T3b,N0,Transitional cell carcinoma,2011,No,NA,NA,NA,NA,NA,NA,NA,white,male,76,789,NA,1,0,Bladder Urothelial Carcinoma
TCGA-H4-A2HQ,TCGA_BLCA,Stage IV,NA,NA,NX,Transitional cell carcinoma,2010,No,0.383561644,NA,NA,NA,63,166,22.86253448,black or african american,female,64,590,NA,1,0,Bladder Urothelial Carcinoma
TCGA-ZF-AA56,TCGA_BLCA,Stage III,NA,T4a,N0,Transitional cell carcinoma,2010,No,NA,NA,NA,NA,63,NA,NA,white,female,79,NA,259,0,1,Bladder Urothelial Carcinoma
TCGA-FD-A3B4,TCGA_BLCA,Stage III,NA,T4a,N0,Transitional cell carcinoma,2011,No,1.643835616,NA,NA,NA,68,160,26.5625,black or african american,female,55,477,510,1,1,Bladder Urothelial Carcinoma
TCGA-GC-A3WC,TCGA_BLCA,Stage III,NA,T3,N0,Transitional cell carcinoma,2011,NA,0.767123288,NA,NA,NA,62,152,26.83518006,white,female,80,540,NA,1,0,Bladder Urothelial Carcinoma
TCGA-UY-A78P,TCGA_BLCA,Stage II,NA,T2,N0,Transitional cell carcinoma,NA,No,0.821917808,NA,NA,NA,NA,NA,NA,white,female,78,2380,NA,1,0,Bladder Urothelial Carcinoma
TCGA-FT-A3EE,TCGA_BLCA,Stage III,NA,T4a,N0,Transitional cell carcinoma,2011,No,NA,NA,NA,NA,77,162,29.34003963,white,female,80,NA,99,0,1,Bladder Urothelial Carcinoma
TCGA-H4-A2HO,TCGA_BLCA,Stage III,NA,T4a,N0,Papillary transitional cell carcinoma,2010,No,1.643835616,NA,NA,NA,69,177,22.02432251,white,male,53,46,NA,1,0,Bladder Urothelial Carcinoma
TCGA-XF-A9T5,TCGA_BLCA,Stage IV,NA,T3a,N1,Transitional cell carcinoma,2008,NA,NA,NA,NA,NA,75,164,27.88518739,white,female,78,2027,NA,1,0,Bladder Urothelial Carcinoma
TCGA-BT-A3PH,TCGA_BLCA,Stage IV,NA,T3b,N2,Transitional cell carcinoma,2010,No,NA,NA,NA,NA,NA,NA,NA,white,male,76,NA,142,0,1,Bladder Urothelial Carcinoma
TCGA-FD-A6TK,TCGA_BLCA,Stage III,NA,T3a,N0,Transitional cell carcinoma,2013,No,0.821917808,NA,NA,NA,54,156,22.18934911,white,male,60,330,NA,1,0,Bladder Urothelial Carcinoma
TCGA-CF-A9FH,TCGA_BLCA,Stage II,NA,T2,N0,Papillary transitional cell carcinoma,2013,No,4.383561644,NA,NA,NA,58,165,21.30394858,asian,male,85,-64,NA,1,0,Bladder Urothelial Carcinoma
TCGA-XF-AAMY,TCGA_BLCA,Stage III,NA,T3b,N0,Papillary transitional cell carcinoma,2006,NA,NA,NA,NA,NA,119,178,37.55838909,white,male,78,3011,NA,1,0,Bladder Urothelial Carcinoma
TCGA-DK-A6B5,TCGA_BLCA,Stage IV,NA,T4a,N2,Transitional cell carcinoma,2010,NA,NA,NA,NA,NA,95,180,29.32098765,white,male,45,1542,NA,1,0,Bladder Urothelial Carcinoma
TCGA-XF-AAMW,TCGA_BLCA,Stage IV,NA,T2b,N0,Transitional cell carcinoma,2006,No,NA,NA,NA,NA,63,158,25.23634033,white,female,79,NA,253,0,1,Bladder Urothelial Carcinoma
TCGA-GD-A6C6,TCGA_BLCA,Stage III,NA,T3a,N0,Transitional cell carcinoma,2012,No,2.465753425,NA,NA,NA,57,172,19.26717144,white,male,64,67,NA,1,0,Bladder Urothelial Carcinoma
TCGA-GV-A3JW,TCGA_BLCA,Stage II,NA,T2,NX,Transitional cell carcinoma,2011,No,NA,NA,NA,NA,88,173,29.40292024,white,male,74,649,NA,1,0,Bladder Urothelial Carcinoma
TCGA-BT-A42B,TCGA_BLCA,Stage IV,NA,T3a,N1,Papillary transitional cell carcinoma,2011,No,1.095890411,NA,NA,NA,185,177,59.05071978,white,male,59,469,534,1,1,Bladder Urothelial Carcinoma
TCGA-ZF-A9RN,TCGA_BLCA,Stage III,NA,T3b,NX,Transitional cell carcinoma,2010,No,NA,NA,NA,NA,91,177,29.04657027,white,female,67,NA,615,0,1,Bladder Urothelial Carcinoma
TCGA-DK-A3IL,TCGA_BLCA,Stage IV,NA,T3,N2,Transitional cell carcinoma,2011,No,5.917808219,NA,NA,NA,73,160,28.515625,white,female,79,121,413,1,1,Bladder Urothelial Carcinoma
TCGA-GU-A764,TCGA_BLCA,Stage II,NA,T2b,N0,Transitional cell carcinoma,2012,No,1.04109589,NA,NA,NA,73,182,22.03840116,white,male,66,610,NA,1,0,Bladder Urothelial Carcinoma
TCGA-XF-A8HC,TCGA_BLCA,Stage IV,NA,T3a,N2,Papillary transitional cell carcinoma,2005,No,NA,NA,NA,NA,62,158,24.8357635,asian,male,79,NA,200,0,1,Bladder Urothelial Carcinoma
TCGA-GV-A40E,TCGA_BLCA,Stage II,NA,NA,NX,Transitional cell carcinoma,2012,NA,1.095890411,NA,NA,NA,115,178,36.29592223,white,male,75,195,261,1,1,Bladder Urothelial Carcinoma
TCGA-FD-A43Y,TCGA_BLCA,Stage III,NA,T4,N0,Transitional cell carcinoma,2012,No,2.739726027,NA,NA,NA,107,183,31.95078981,white,male,65,369,474,1,1,Bladder Urothelial Carcinoma
TCGA-DK-AA6X,TCGA_BLCA,Stage II,NA,NA,N0,Transitional cell carcinoma,2013,No,NA,NA,NA,NA,93,176,30.0232438,white,male,63,467,NA,1,0,Bladder Urothelial Carcinoma
TCGA-2F-A9KO,TCGA_BLCA,Stage IV,NA,T3,N1,Transitional cell carcinoma,2008,No,3.780821918,NA,NA,NA,65,173,21.71806609,white,male,63,678,734,1,1,Bladder Urothelial Carcinoma
TCGA-XF-AAMQ,TCGA_BLCA,Stage II,NA,T2a,N0,Papillary transitional cell carcinoma,2006,No,0.657534247,NA,NA,NA,85,168,30.11621315,white,female,59,2177,NA,1,0,Bladder Urothelial Carcinoma
TCGA-FD-A3N5,TCGA_BLCA,Stage II,NA,T2b,N0,Transitional cell carcinoma,2011,No,2.191780822,NA,NA,NA,NA,NA,NA,black or african american,male,69,363,685,1,1,Bladder Urothelial Carcinoma
TCGA-CF-A47W,TCGA_BLCA,Stage II,NA,T2,N0,Papillary transitional cell carcinoma,2012,No,0.547945205,NA,NA,NA,60,169,21.0076678,asian,male,42,368,NA,1,0,Bladder Urothelial Carcinoma
TCGA-CF-A5U8,TCGA_BLCA,Stage II,NA,T2,N0,Transitional cell carcinoma,2012,No,NA,NA,NA,NA,49,158,19.6282647,asian,male,59,399,NA,1,0,Bladder Urothelial Carcinoma
TCGA-YC-A8S6,TCGA_BLCA,Stage II,NA,T2a,N0,Papillary transitional cell carcinoma,2013,NA,NA,NA,NA,NA,117,175,38.20408163,white,male,71,293,NA,1,0,Bladder Urothelial Carcinoma
TCGA-G2-A2ES,TCGA_BLCA,Stage II,NA,T3b,N0,Transitional cell carcinoma,2009,NA,3.561643836,NA,NA,NA,91.9,177,29.33384404,white,male,85,525,1004,1,1,Bladder Urothelial Carcinoma
TCGA-DK-A1AE,TCGA_BLCA,Stage III,NA,T3,N0,Transitional cell carcinoma,2010,No,0.547945205,NA,NA,NA,62.5,173,20.88275586,white,male,84,491,NA,1,0,Bladder Urothelial Carcinoma
TCGA-DK-A1A6,TCGA_BLCA,Stage IV,NA,T2a,N1,Transitional cell carcinoma,2008,No,3.287671233,NA,NA,NA,97.91,173,32.71409001,white,male,53,2020,NA,1,0,Bladder Urothelial Carcinoma
TCGA-KQ-A41S,TCGA_BLCA,Stage III,NA,T4a,NX,Transitional cell carcinoma,2011,No,NA,NA,NA,NA,NA,NA,NA,white,female,87,35,NA,1,0,Bladder Urothelial Carcinoma
TCGA-FJ-A3ZF,TCGA_BLCA,Stage III,NA,NA,N0,Papillary transitional cell carcinoma,2012,NA,2.794520548,NA,NA,NA,108,189,30.23431595,white,male,73,524,NA,1,0,Bladder Urothelial Carcinoma
TCGA-FD-A3SO,TCGA_BLCA,Stage IV,NA,T3a,N1,Transitional cell carcinoma,2012,No,1.643835616,NA,NA,NA,88,185,25.71219869,white,male,68,NA,168,0,1,Bladder Urothelial Carcinoma
TCGA-XF-A8HI,TCGA_BLCA,Stage IV,NA,T2b,N2,Papillary transitional cell carcinoma,2005,No,NA,NA,NA,NA,92,168,32.59637188,white,female,57,NA,544,0,1,Bladder Urothelial Carcinoma
TCGA-HQ-A5ND,TCGA_BLCA,Stage IV,NA,T3b,N1,Transitional cell carcinoma,NA,No,2.191780822,NA,NA,NA,68,170,23.52941176,NA,male,78,NA,274,0,1,Bladder Urothelial Carcinoma
TCGA-CF-A8HX,TCGA_BLCA,Stage II,NA,T2,N0,Transitional cell carcinoma,2013,No,NA,NA,NA,NA,56,153,23.922423,asian,female,55,345,NA,1,0,Bladder Urothelial Carcinoma
TCGA-2F-A9KW,TCGA_BLCA,Stage III,NA,T3b,N0,Transitional cell carcinoma,2013,No,NA,NA,NA,NA,70,167,25.0995016,white,female,67,147,254,1,1,Bladder Urothelial Carcinoma
TCGA-4Z-AA83,TCGA_BLCA,Stage II,NA,T2a,N0,Papillary transitional cell carcinoma,2009,No,NA,NA,NA,NA,101,183,30.15915674,white,male,52,2024,NA,1,0,Bladder Urothelial Carcinoma
TCGA-XF-A9T8,TCGA_BLCA,Stage III,NA,T3b,N0,Transitional cell carcinoma,2008,NA,0.821917808,NA,NA,NA,87,188,24.6152105,white,male,64,NA,418,0,1,Bladder Urothelial Carcinoma
TCGA-G2-A3VY,TCGA_BLCA,Stage II,NA,NA,NA,Transitional cell carcinoma,2012,NA,NA,NA,NA,NA,74,189,20.71610537,asian,male,66,536,NA,1,0,Bladder Urothelial Carcinoma
TCGA-ZF-A9R9,TCGA_BLCA,Stage IV,NA,T3b,N2,Transitional cell carcinoma,2010,No,0.164383562,NA,NA,NA,NA,NA,NA,white,male,58,NA,864,0,1,Bladder Urothelial Carcinoma
TCGA-FD-A3SQ,TCGA_BLCA,Stage IV,NA,T3a,N2,Transitional cell carcinoma,2008,NA,3.287671233,NA,NA,NA,89,196,23.16743024,white,male,62,NA,1423,0,1,Bladder Urothelial Carcinoma
TCGA-ZF-AA4V,TCGA_BLCA,Stage III,NA,T3b,N0,Transitional cell carcinoma,2008,No,1.534246575,NA,NA,NA,85,177,27.13141179,white,male,66,1806,NA,1,0,Bladder Urothelial Carcinoma
TCGA-UY-A78K,TCGA_BLCA,Stage IV,NA,NA,N2,Papillary transitional cell carcinoma,NA,No,NA,NA,NA,NA,65,NA,NA,white,male,60,NA,536,0,1,Bladder Urothelial Carcinoma
TCGA-GV-A3QI,TCGA_BLCA,Stage III,NA,T3b,N0,Transitional cell carcinoma,2011,No,1.917808219,NA,NA,NA,77,170,26.64359862,white,male,47,1110,NA,1,0,Bladder Urothelial Carcinoma
TCGA-2F-A9KQ,TCGA_BLCA,Stage III,NA,T3a,N0,Transitional cell carcinoma,2007,No,NA,NA,NA,NA,72,168,25.51020408,white,male,69,2886,NA,1,0,Bladder Urothelial Carcinoma
TCGA-DK-AA6M,TCGA_BLCA,Stage II,NA,T2,N0,Transitional cell carcinoma,2010,NA,NA,NA,NA,NA,75,159,29.666548,white,female,64,1582,NA,1,0,Bladder Urothelial Carcinoma
TCGA-SY-A9G5,TCGA_BLCA,Stage III,NA,T4a,N0,Transitional cell carcinoma,2011,No,NA,NA,NA,NA,103,179,32.14631254,white,male,66,1186,NA,1,0,Bladder Urothelial Carcinoma
TCGA-G2-AA3D,TCGA_BLCA,Stage IV,NA,T3,N2,Transitional cell carcinoma,2009,No,1.369863014,NA,NA,NA,107,171,36.5924558,white,male,60,2139,NA,1,0,Bladder Urothelial Carcinoma
TCGA-DK-A3IT,TCGA_BLCA,Stage III,NA,T3,N0,Transitional cell carcinoma,2011,NA,NA,NA,NA,NA,110,181,33.57650865,white,male,62,648,NA,1,0,Bladder Urothelial Carcinoma
TCGA-GC-A6I1,TCGA_BLCA,Stage II,NA,T2b,N0,Transitional cell carcinoma,2012,No,NA,NA,NA,NA,61,162,23.24340802,white,female,90,0,0,1,1,Bladder Urothelial Carcinoma
TCGA-S5-AA26,TCGA_BLCA,Stage III,NA,T3a,N0,Papillary transitional cell carcinoma,2013,No,NA,NA,NA,NA,76,167,27.25088745,black or african american,male,46,503,NA,1,0,Bladder Urothelial Carcinoma
TCGA-GV-A3JZ,TCGA_BLCA,Stage IV,NA,T4a,N3,Transitional cell carcinoma,2011,NA,0.821917808,NA,NA,NA,84,183,25.08286303,white,male,55,603,NA,1,0,Bladder Urothelial Carcinoma
TCGA-CF-A9FF,TCGA_BLCA,Stage II,NA,T2,N0,Papillary transitional cell carcinoma,2013,No,NA,NA,NA,NA,54,167,19.36247266,asian,male,52,361,NA,1,0,Bladder Urothelial Carcinoma
TCGA-BT-A2LD,TCGA_BLCA,Stage IV,NA,T3a,N1,Transitional cell carcinoma,2011,NA,NA,NA,NA,NA,100,161,38.57875854,white,female,78,111,623,1,1,Bladder Urothelial Carcinoma
TCGA-GV-A3QF,TCGA_BLCA,Stage IV,NA,T3b,N2,Transitional cell carcinoma,2011,No,3.287671233,NA,NA,NA,74,177,23.62028791,white,male,79,232,617,1,1,Bladder Urothelial Carcinoma
TCGA-FD-A6TH,TCGA_BLCA,Stage IV,NA,T3,N2,Transitional cell carcinoma,2013,NA,2.465753425,NA,NA,NA,80,175,26.12244898,white,male,63,67,131,1,1,Bladder Urothelial Carcinoma
TCGA-K4-AAQO,TCGA_BLCA,Stage III,NA,T3a,N0,Transitional cell carcinoma,2013,No,2.356164384,NA,NA,NA,100,180,30.86419753,white,male,56,359,NA,1,0,Bladder Urothelial Carcinoma
TCGA-KQ-A41N,TCGA_BLCA,Stage III,NA,T3b,N0,Transitional cell carcinoma,2011,No,2.739726027,NA,NA,NA,84,185,24.54346238,black or african american,male,73,1604,NA,1,0,Bladder Urothelial Carcinoma
TCGA-XF-AAN2,TCGA_BLCA,Stage II,NA,T2b,N0,Transitional cell carcinoma,2007,No,1.095890411,NA,NA,NA,128,189,35.83326335,white,male,73,NA,1869,0,1,Bladder Urothelial Carcinoma
TCGA-YC-A9TC,TCGA_BLCA,Stage IV,NA,NA,NA,Transitional cell carcinoma,2013,No,NA,NA,NA,NA,84,180,25.92592593,white,male,71,NA,20,0,1,Bladder Urothelial Carcinoma
TCGA-G2-A2EC,TCGA_BLCA,Stage II,NA,NA,N0,Transitional cell carcinoma,2010,No,NA,NA,NA,NA,70,160,27.34375,black or african american,female,58,679,696,1,1,Bladder Urothelial Carcinoma
TCGA-XF-AAMR,TCGA_BLCA,Stage III,NA,T3b,N0,Transitional cell carcinoma,2006,No,NA,NA,NA,NA,79,175,25.79591837,white,male,48,2790,NA,1,0,Bladder Urothelial Carcinoma
TCGA-DK-AA6T,TCGA_BLCA,Stage II,NA,NA,N0,Transitional cell carcinoma,2013,No,1.643835616,NA,NA,NA,63,171,21.5450908,white,male,63,572,NA,1,0,Bladder Urothelial Carcinoma
TCGA-SY-A9G0,TCGA_BLCA,Stage IV,NA,T4,N1,Transitional cell carcinoma,2011,NA,0.534246575,NA,NA,NA,82,170,28.37370242,white,male,82,378,1008,1,1,Bladder Urothelial Carcinoma
TCGA-FD-A6TI,TCGA_BLCA,Stage IV,NA,T4b,N1,Transitional cell carcinoma,2013,No,NA,NA,NA,NA,109,155,45.36940687,white,male,73,122,294,1,1,Bladder Urothelial Carcinoma
TCGA-DK-A3X1,TCGA_BLCA,Stage III,NA,T3,N0,Transitional cell carcinoma,2009,NA,1.095890411,NA,NA,NA,NA,NA,NA,white,female,78,2009,NA,1,0,Bladder Urothelial Carcinoma
TCGA-DK-A6B6,TCGA_BLCA,Stage II,NA,NA,NX,Transitional cell carcinoma,2011,No,0.383561644,NA,NA,NA,103,174,34.02034615,white,male,57,1115,NA,1,0,Bladder Urothelial Carcinoma
TCGA-FD-A5BY,TCGA_BLCA,Stage III,NA,T3a,N0,Transitional cell carcinoma,2012,NA,NA,NA,NA,NA,73,175,23.83673469,white,female,63,251,NA,1,0,Bladder Urothelial Carcinoma
TCGA-R3-A69X,TCGA_BLCA,Stage III,NA,T3a,N0,Transitional cell carcinoma,2012,No,2.630136986,NA,NA,NA,54,190,14.95844875,white,male,70,433,NA,1,0,Bladder Urothelial Carcinoma
TCGA-GU-A763,TCGA_BLCA,Stage III,NA,T4,N0,Transitional cell carcinoma,2012,NA,2.465753425,NA,NA,NA,73,172,24.67550027,white,male,72,997,NA,1,0,Bladder Urothelial Carcinoma
TCGA-XF-A9T3,TCGA_BLCA,Stage IV,NA,T3b,N2,Transitional cell carcinoma,2008,NA,2.849315068,NA,NA,NA,50,160,19.53125,white,female,69,68,NA,1,0,Bladder Urothelial Carcinoma
TCGA-GC-A3OO,TCGA_BLCA,Stage II,NA,T2b,N0,Transitional cell carcinoma,2011,No,NA,NA,NA,NA,130,183,38.81871659,white,male,79,481,NA,1,0,Bladder Urothelial Carcinoma
TCGA-FD-A3B6,TCGA_BLCA,Stage II,NA,T2b,N0,Papillary transitional cell carcinoma,2011,NA,3.287671233,NA,NA,NA,72.57,172.72,24.32606509,white,male,75,209,1005,1,1,Bladder Urothelial Carcinoma
TCGA-E7-A7DU,TCGA_BLCA,Stage III,NA,T3,N0,Transitional cell carcinoma,2013,NA,NA,NA,NA,NA,110,173,36.75365031,white,male,73,28,NA,1,0,Bladder Urothelial Carcinoma
TCGA-ZF-A9R5,TCGA_BLCA,Stage III,NA,T3,N0,Transitional cell carcinoma,2011,No,3.780821918,NA,NA,NA,67,173,22.38631428,white,male,59,1090,NA,1,0,Bladder Urothelial Carcinoma
TCGA-XF-A8HH,TCGA_BLCA,Stage IV,NA,T3b,N2,Transitional cell carcinoma,2004,No,NA,NA,NA,NA,72,163,27.09925101,white,female,61,NA,57,0,1,Bladder Urothelial Carcinoma
TCGA-FD-A62O,TCGA_BLCA,Stage IV,NA,T3a,N2,Transitional cell carcinoma,2012,No,NA,NA,NA,NA,65,183,19.4093583,white,male,74,147,216,1,1,Bladder Urothelial Carcinoma
TCGA-CF-A9FM,TCGA_BLCA,Stage I,NA,T1,N0,Papillary transitional cell carcinoma,2013,No,NA,NA,NA,NA,53,165,19.46740129,asian,male,50,398,NA,1,0,Bladder Urothelial Carcinoma
TCGA-PQ-A6FN,TCGA_BLCA,Stage III,NA,T3a,N0,Transitional cell carcinoma,2011,No,1.534246575,NA,NA,NA,70,170,24.22145329,white,female,78,507,NA,1,0,Bladder Urothelial Carcinoma
TCGA-ZF-AA53,TCGA_BLCA,Stage II,NA,T2,NX,Transitional cell carcinoma,2010,NA,NA,NA,NA,NA,111,178,35.03345537,white,male,60,1761,NA,1,0,Bladder Urothelial Carcinoma
TCGA-PQ-A6FI,TCGA_BLCA,Stage II,NA,T2a,N0,Transitional cell carcinoma,2011,No,3.178082192,NA,NA,NA,87,170,30.10380623,white,male,70,372,NA,1,0,Bladder Urothelial Carcinoma
TCGA-DK-A3IM,TCGA_BLCA,Stage III,NA,T3,N0,Transitional cell carcinoma,2011,No,0.438356164,NA,NA,NA,92.1,174.6,30.2114209,white,male,76,238,248,1,1,Bladder Urothelial Carcinoma
TCGA-4Z-AA81,TCGA_BLCA,Stage II,NA,T2b,N0,Papillary transitional cell carcinoma,2010,No,NA,NA,NA,NA,78,170,26.98961938,white,male,80,710,1270,1,1,Bladder Urothelial Carcinoma
TCGA-CF-A9FL,TCGA_BLCA,Stage III,NA,T3b,N0,Papillary transitional cell carcinoma,2013,NA,NA,NA,NA,NA,45,165,16.52892562,asian,male,85,84,565,1,1,Bladder Urothelial Carcinoma
TCGA-FD-A6TB,TCGA_BLCA,Stage III,NA,T3a,N0,Transitional cell carcinoma,2012,NA,1.643835616,NA,NA,NA,62,170,21.4532872,white,male,82,572,NA,1,0,Bladder Urothelial Carcinoma
TCGA-E7-A8O7,TCGA_BLCA,Stage II,NA,T2,N0,Transitional cell carcinoma,2013,No,NA,NA,NA,NA,58,168,20.54988662,asian,male,52,466,NA,1,0,Bladder Urothelial Carcinoma
TCGA-LC-A66R,TCGA_BLCA,Stage IV,NA,T4a,N2,Transitional cell carcinoma,2012,No,NA,NA,NA,NA,68,180,20.98765432,white,male,78,466,NA,1,0,Bladder Urothelial Carcinoma
TCGA-GC-A6I3,TCGA_BLCA,Stage IV,NA,T3a,N1,Transitional cell carcinoma,2013,No,NA,NA,NA,NA,132,139,68.31944516,black or african american,female,90,0,NA,1,0,Bladder Urothelial Carcinoma
TCGA-BT-A20U,TCGA_BLCA,Stage III,NA,T3a,N0,Transitional cell carcinoma,2008,No,NA,NA,NA,NA,NA,NA,NA,white,female,70,NA,455,0,1,Bladder Urothelial Carcinoma
TCGA-FD-A6TE,TCGA_BLCA,Stage IV,NA,T3a,N2,Transitional cell carcinoma,2013,No,1.095890411,NA,NA,NA,65,180,20.0617284,white,male,54,376,NA,1,0,Bladder Urothelial Carcinoma
TCGA-GV-A3QG,TCGA_BLCA,Stage IV,NA,T3a,N3,Transitional cell carcinoma,2011,NA,2.520547945,NA,NA,NA,73,175,23.83673469,white,male,65,NA,NA,0,0,Bladder Urothelial Carcinoma
TCGA-FD-A3SL,TCGA_BLCA,Stage IV,NA,T4a,N2,Transitional cell carcinoma,2011,NA,NA,NA,NA,NA,116,183,34.63823942,white,male,60,683,712,1,1,Bladder Urothelial Carcinoma
TCGA-FD-A3SR,TCGA_BLCA,Stage IV,NA,T4a,N2,Transitional cell carcinoma,2010,NA,2.191780822,NA,NA,NA,103,183,30.75636776,white,male,68,NA,602,0,1,Bladder Urothelial Carcinoma
TCGA-K4-A3WS,TCGA_BLCA,Stage III,NA,T3a,N0,Transitional cell carcinoma,2011,NA,1.369863014,NA,NA,NA,292,NA,NA,white,male,66,761,NA,1,0,Bladder Urothelial Carcinoma
TCGA-ZF-AA5N,TCGA_BLCA,Stage IV,NA,T2,NX,Transitional cell carcinoma,2013,No,0.547945205,NA,NA,NA,81,168,28.69897959,white,female,62,NA,168,0,1,Bladder Urothelial Carcinoma
TCGA-GV-A3JX,TCGA_BLCA,Stage III,NA,T3b,N0,Transitional cell carcinoma,2011,No,4.383561644,NA,NA,NA,63.3,170.2,21.85166825,white,male,59,581,NA,1,0,Bladder Urothelial Carcinoma
TCGA-FD-A5C1,TCGA_BLCA,Stage III,NA,T3b,N0,Transitional cell carcinoma,2009,NA,NA,NA,NA,NA,104,170,35.98615917,white,female,61,1792,NA,1,0,Bladder Urothelial Carcinoma
TCGA-CU-A72E,TCGA_BLCA,Stage IV,NA,T3b,N2,Transitional cell carcinoma,2013,NA,3.726027397,NA,NA,NA,137,180,42.28395062,white,male,76,284,413,1,1,Bladder Urothelial Carcinoma
TCGA-G2-A2EK,TCGA_BLCA,Stage II,NA,NA,N0,Transitional cell carcinoma,2010,No,NA,NA,NA,NA,159.3,180.8,48.73252604,white,male,57,485,NA,1,0,Bladder Urothelial Carcinoma
TCGA-BL-A5ZZ,TCGA_BLCA,Stage III,NA,T4a,N0,Transitional cell carcinoma,2012,NA,1.643835616,NA,NA,NA,71,163,26.72287252,white,female,80,377,NA,1,0,Bladder Urothelial Carcinoma
TCGA-XF-A9SP,TCGA_BLCA,Stage III,NA,T3b,N0,Transitional cell carcinoma,2004,NA,3.616438356,NA,NA,NA,86,189,24.07547381,white,male,59,NA,454,0,1,Bladder Urothelial Carcinoma
TCGA-GU-A766,TCGA_BLCA,Stage II,NA,T2a,N0,Transitional cell carcinoma,2013,No,NA,NA,NA,NA,102,175,33.30612245,white,male,62,480,NA,1,0,Bladder Urothelial Carcinoma
TCGA-BL-A13J,TCGA_BLCA,Stage IV,NA,T4,N2,Transitional cell carcinoma,2010,No,1.315068493,NA,NA,NA,68,172,22.98539751,white,male,65,NA,81,0,1,Bladder Urothelial Carcinoma
TCGA-E7-A678,TCGA_BLCA,Stage III,NA,T3,N0,Transitional cell carcinoma,2012,No,1.369863014,NA,NA,NA,55,160,21.484375,asian,male,55,798,NA,1,0,Bladder Urothelial Carcinoma
TCGA-E7-A6MF,TCGA_BLCA,Stage II,NA,T2a,NX,Papillary transitional cell carcinoma,2013,No,0.136986301,NA,NA,NA,64,168,22.67573696,asian,male,37,750,NA,1,0,Bladder Urothelial Carcinoma
TCGA-ZF-A9RL,TCGA_BLCA,Stage II,NA,NA,NA,Transitional cell carcinoma,2007,NA,2.082191781,NA,NA,NA,NA,164,NA,white,male,61,2703,NA,1,0,Bladder Urothelial Carcinoma
TCGA-DK-AA6Q,TCGA_BLCA,Stage IV,NA,T3,N1,Transitional cell carcinoma,2012,No,NA,NA,NA,NA,64,158,25.63691716,white,female,61,NA,413,0,1,Bladder Urothelial Carcinoma
TCGA-4Z-AA89,TCGA_BLCA,Stage IV,NA,T4b,N0,Papillary transitional cell carcinoma,2011,NA,2.191780822,NA,NA,NA,93,172,31.4359113,white,male,60,1029,NA,1,0,Bladder Urothelial Carcinoma
TCGA-ZF-A9R4,TCGA_BLCA,Stage II,NA,T2,NX,Transitional cell carcinoma,2012,NA,NA,NA,NA,NA,NA,NA,NA,white,male,83,921,NA,1,0,Bladder Urothelial Carcinoma
TCGA-DK-A1AA,TCGA_BLCA,Stage III,NA,T3,N0,Transitional cell carcinoma,2010,NA,1.095890411,NA,NA,NA,104.3,179,32.5520427,white,male,57,578,NA,1,0,Bladder Urothelial Carcinoma
TCGA-CF-A47T,TCGA_BLCA,Stage II,NA,T2,N0,Papillary transitional cell carcinoma,2011,No,NA,NA,NA,NA,54,155,22.47658689,asian,female,58,205,385,1,1,Bladder Urothelial Carcinoma
TCGA-ZF-AA4U,TCGA_BLCA,Stage III,NA,T4a,NX,Transitional cell carcinoma,2008,No,1.369863014,NA,NA,NA,95,180,29.32098765,white,male,70,NA,262,0,1,Bladder Urothelial Carcinoma
TCGA-BT-A20V,TCGA_BLCA,Stage IV,NA,T4a,N2,Transitional cell carcinoma,2008,No,NA,NA,NA,NA,NA,NA,NA,black or african american,female,59,NA,154,0,1,Bladder Urothelial Carcinoma
TCGA-XF-A9SK,TCGA_BLCA,Stage IV,NA,T3b,N1,Transitional cell carcinoma,2004,NA,1.643835616,NA,NA,NA,90,185,26.29656684,white,male,65,NA,486,0,1,Bladder Urothelial Carcinoma
TCGA-DK-A3IK,TCGA_BLCA,Stage IV,NA,T3,N2,Transitional cell carcinoma,2011,No,NA,NA,NA,NA,91.2,185,26.64718773,white,male,87,67,146,1,1,Bladder Urothelial Carcinoma
TCGA-XF-A9ST,TCGA_BLCA,Stage III,NA,T3b,N0,Papillary transitional cell carcinoma,2005,NA,3.287671233,NA,NA,NA,101,178,31.87728822,white,male,68,NA,128,0,1,Bladder Urothelial Carcinoma
TCGA-E7-A7PW,TCGA_BLCA,Stage III,NA,T3a,NX,Transitional cell carcinoma,2013,No,0.273972603,NA,NA,NA,55,170,19.03114187,asian,male,63,416,NA,1,0,Bladder Urothelial Carcinoma
TCGA-C4-A0F0,TCGA_BLCA,Stage II,NA,T2b,N0,Transitional cell carcinoma,2007,No,3.342465753,NA,NA,NA,80,183,23.88844098,NA,male,60,59,NA,1,0,Bladder Urothelial Carcinoma
TCGA-E7-A97Q,TCGA_BLCA,Stage IV,NA,T4a,N3,Transitional cell carcinoma,2013,No,1.095890411,NA,NA,NA,66,167,23.66524436,white,female,60,82,246,1,1,Bladder Urothelial Carcinoma
TCGA-DK-A1A5,TCGA_BLCA,Stage II,NA,T2b,N0,Transitional cell carcinoma,2010,NA,1.095890411,NA,NA,NA,60,165,22.03856749,white,male,79,NA,65,0,1,Bladder Urothelial Carcinoma
TCGA-XF-A9SV,TCGA_BLCA,Stage IV,NA,T4a,N2,Papillary transitional cell carcinoma,2006,NA,1.095890411,NA,NA,NA,74,180,22.83950617,white,male,82,NA,388,0,1,Bladder Urothelial Carcinoma
TCGA-DK-AA76,TCGA_BLCA,Stage II,NA,NA,N0,Transitional cell carcinoma,2013,No,2.191780822,NA,NA,NA,85,161,32.79194476,white,female,64,366,NA,1,0,Bladder Urothelial Carcinoma
TCGA-XF-AAML,TCGA_BLCA,Stage II,NA,T2b,N0,Papillary transitional cell carcinoma,2007,NA,NA,NA,NA,NA,129,182,38.94457191,white,male,75,NA,232,0,1,Bladder Urothelial Carcinoma
TCGA-XF-AAN0,TCGA_BLCA,Stage IV,NA,T4a,N2,Transitional cell carcinoma,2007,No,3.068493151,NA,NA,NA,75,172,25.35154137,white,male,68,NA,1718,0,1,Bladder Urothelial Carcinoma
TCGA-4Z-AA7O,TCGA_BLCA,Stage II,NA,T2a,N0,Papillary transitional cell carcinoma,2013,No,NA,NA,NA,NA,71,166,25.76571346,black or african american,male,64,512,NA,1,0,Bladder Urothelial Carcinoma
TCGA-XF-AAMG,TCGA_BLCA,Stage III,NA,T4a,N0,Transitional cell carcinoma,2004,No,NA,NA,NA,NA,72,175,23.51020408,white,male,49,3364,NA,1,0,Bladder Urothelial Carcinoma
TCGA-UY-A9PF,TCGA_BLCA,Stage IV,NA,T3a,N2,Papillary transitional cell carcinoma,NA,No,0.273972603,NA,NA,NA,109,185,31.84806428,white,male,77,117,NA,1,0,Bladder Urothelial Carcinoma
TCGA-DK-AA6P,TCGA_BLCA,Stage II,NA,NA,N0,Transitional cell carcinoma,2013,No,1.643835616,NA,NA,NA,66,158,26.43807082,white,female,72,457,NA,1,0,Bladder Urothelial Carcinoma
TCGA-CF-A5UA,TCGA_BLCA,Stage II,NA,T2,N0,Transitional cell carcinoma,2012,No,1.643835616,NA,NA,NA,52,170,17.99307958,asian,male,67,365,NA,1,0,Bladder Urothelial Carcinoma
TCGA-ZF-AA4R,TCGA_BLCA,Stage IV,NA,T3a,N1,Transitional cell carcinoma,2008,NA,NA,NA,NA,NA,112,178,35.34907209,white,male,67,NA,1036,0,1,Bladder Urothelial Carcinoma
TCGA-XF-AAMF,TCGA_BLCA,Stage IV,NA,T4,N2,Transitional cell carcinoma,2004,NA,1.753424658,NA,NA,NA,93,178,29.3523545,white,male,68,NA,329,0,1,Bladder Urothelial Carcinoma
TCGA-FD-A3NA,TCGA_BLCA,Stage II,NA,T2b,N0,Transitional cell carcinoma,2009,NA,2.465753425,NA,NA,NA,80.74,177.8,25.54025516,white,male,60,1845,NA,1,0,Bladder Urothelial Carcinoma
TCGA-DK-A3WX,TCGA_BLCA,Stage III,NA,T3,N0,Transitional cell carcinoma,2011,No,1.643835616,NA,NA,NA,70,158,28.04037814,white,female,67,NA,321,0,1,Bladder Urothelial Carcinoma
TCGA-DK-A2I2,TCGA_BLCA,Stage IV,NA,T3,N3,Transitional cell carcinoma,2010,No,NA,NA,NA,NA,75,159,29.666548,white,female,63,NA,237,0,1,Bladder Urothelial Carcinoma
TCGA-BT-A20P,TCGA_BLCA,Stage III,NA,T3a,N0,Transitional cell carcinoma,2005,No,NA,NA,NA,NA,NA,NA,NA,white,female,81,NA,544,0,1,Bladder Urothelial Carcinoma
TCGA-CF-A7I0,TCGA_BLCA,Stage II,NA,T2,N0,Papillary transitional cell carcinoma,2013,No,NA,NA,NA,NA,56,166,20.32225287,asian,male,54,368,NA,1,0,Bladder Urothelial Carcinoma
TCGA-FD-A3B7,TCGA_BLCA,Stage III,NA,T3a,N0,Transitional cell carcinoma,2011,No,1.369863014,NA,NA,NA,59.4,177,18.96006895,black or african american,male,66,NA,122,0,1,Bladder Urothelial Carcinoma
TCGA-DK-A3X2,TCGA_BLCA,Stage IV,NA,T3,N2,Transitional cell carcinoma,2010,NA,2.191780822,NA,NA,NA,NA,NA,NA,white,male,85,NA,547,0,1,Bladder Urothelial Carcinoma
TCGA-FD-A6TD,TCGA_BLCA,Stage III,NA,T3a,N0,Transitional cell carcinoma,2012,NA,NA,NA,NA,NA,148,193,39.73261027,white,male,77,204,386,1,1,Bladder Urothelial Carcinoma
TCGA-FD-A5BT,TCGA_BLCA,Stage III,NA,T3b,N0,Transitional cell carcinoma,2011,NA,2.191780822,NA,NA,NA,80,188,22.63467632,white,male,84,NA,328,0,1,Bladder Urothelial Carcinoma
TCGA-HQ-A5NE,TCGA_BLCA,Stage III,NA,T3,N0,Transitional cell carcinoma,NA,No,4.383561644,NA,NA,NA,62,175,20.24489796,NA,male,57,250,370,1,1,Bladder Urothelial Carcinoma
TCGA-DK-A3WW,TCGA_BLCA,Stage III,NA,T3,N0,Transitional cell carcinoma,2011,No,NA,NA,NA,NA,85,186,24.56931437,white,male,57,633,NA,1,0,Bladder Urothelial Carcinoma
TCGA-2F-A9KR,TCGA_BLCA,Stage III,NA,T3a,N0,Papillary transitional cell carcinoma,2000,No,1.232876712,NA,NA,NA,80,176,25.82644628,NA,female,59,3148,3183,1,1,Bladder Urothelial Carcinoma
TCGA-BT-A0S7,TCGA_BLCA,Stage III,NA,T4a,N0,Transitional cell carcinoma,2007,No,NA,NA,NA,NA,104,NA,NA,white,male,75,NA,200,0,1,Bladder Urothelial Carcinoma
TCGA-FD-A5BU,TCGA_BLCA,Stage II,NA,T2b,N0,Transitional cell carcinoma,2012,No,3.671232877,NA,NA,NA,65,167,23.30668005,black or african american,female,76,588,NA,1,0,Bladder Urothelial Carcinoma
TCGA-E7-A4XJ,TCGA_BLCA,Stage II,NA,T2,N0,Transitional cell carcinoma,2012,No,1.095890411,NA,NA,NA,61,166,22.13673973,asian,male,66,16,68,1,1,Bladder Urothelial Carcinoma
TCGA-XF-AAMZ,TCGA_BLCA,Stage IV,NA,T3a,N2,Papillary transitional cell carcinoma,2007,NA,NA,NA,NA,NA,52,160,20.3125,white,female,81,NA,1348,0,1,Bladder Urothelial Carcinoma
TCGA-FD-A43X,TCGA_BLCA,Stage II,NA,T2a,N0,Papillary transitional cell carcinoma,2012,NA,3.287671233,NA,NA,NA,66,165,24.24242424,white,male,84,110,NA,1,0,Bladder Urothelial Carcinoma
TCGA-DK-A3IN,TCGA_BLCA,Stage III,NA,T4a,N0,Transitional cell carcinoma,2011,NA,2.191780822,NA,NA,NA,107.5,182.5,32.27622443,white,male,72,NA,250,0,1,Bladder Urothelial Carcinoma
TCGA-DK-AA6R,TCGA_BLCA,Stage IV,NA,T4,N1,Transitional cell carcinoma,2001,NA,3.01369863,NA,NA,NA,74,174,24.44180209,white,male,68,5041,NA,1,0,Bladder Urothelial Carcinoma
TCGA-E5-A4U1,TCGA_BLCA,Stage II,NA,T2b,N0,Transitional cell carcinoma,2011,No,NA,NA,NA,NA,99,172,33.46403461,NA,male,72,1181,NA,1,0,Bladder Urothelial Carcinoma
TCGA-XF-AAN8,TCGA_BLCA,Stage III,NA,T3b,N0,Transitional cell carcinoma,2007,NA,3.287671233,NA,NA,NA,66,170,22.83737024,white,female,74,NA,118,0,1,Bladder Urothelial Carcinoma
TCGA-GV-A3JV,TCGA_BLCA,Stage IV,NA,T3b,N1,Transitional cell carcinoma,2011,No,4.931506849,NA,NA,NA,76.7,172.7,25.71643059,white,male,66,134,434,1,1,Bladder Urothelial Carcinoma
TCGA-C4-A0F1,TCGA_BLCA,Stage III,NA,T3b,N0,Transitional cell carcinoma,2006,No,4.109589041,NA,NA,NA,82,176,26.47210744,NA,male,71,89,NA,1,0,Bladder Urothelial Carcinoma
TCGA-CF-A3MI,TCGA_BLCA,Stage II,NA,T2,N0,Papillary transitional cell carcinoma,2011,No,2.191780822,NA,NA,NA,62,160,24.21875,asian,male,62,370,NA,1,0,Bladder Urothelial Carcinoma
TCGA-XF-A9SX,TCGA_BLCA,Stage IV,NA,T3b,N2,Transitional cell carcinoma,2006,No,2.191780822,NA,NA,NA,56,155,23.30905307,white,female,63,NA,719,0,1,Bladder Urothelial Carcinoma
TCGA-XF-A9SH,TCGA_BLCA,Stage II,NA,T2b,N0,Transitional cell carcinoma,2005,No,NA,NA,NA,NA,54,152,23.37257618,asian,female,65,NA,1971,0,1,Bladder Urothelial Carcinoma
TCGA-XF-AAN5,TCGA_BLCA,Stage III,NA,T3b,N0,Transitional cell carcinoma,2008,No,1.643835616,NA,NA,NA,56,169,19.60715661,white,female,61,2293,NA,1,0,Bladder Urothelial Carcinoma
TCGA-CF-A8HY,TCGA_BLCA,Stage II,NA,T2,N0,Transitional cell carcinoma,2013,No,NA,NA,NA,NA,66,174,21.79944511,asian,male,59,345,NA,1,0,Bladder Urothelial Carcinoma
TCGA-HQ-A2OF,TCGA_BLCA,Stage III,NA,T3b,N0,Papillary adenocarcinoma_ NOS,NA,No,NA,NA,NA,NA,69,163,25.97011555,NA,female,52,1947,NA,1,0,Bladder Urothelial Carcinoma
TCGA-GD-A3OS,TCGA_BLCA,Stage II,NA,NA,NX,Transitional cell carcinoma,2011,No,0.95890411,NA,NA,NA,78,162,29.7210791,white,female,54,638,NA,1,0,Bladder Urothelial Carcinoma
TCGA-ZF-A9RM,TCGA_BLCA,Stage II,NA,T0,N0,Transitional cell carcinoma,2010,No,0.438356164,NA,NA,NA,87,173,29.06879615,white,male,70,1455,NA,1,0,Bladder Urothelial Carcinoma
TCGA-DK-A3IQ,TCGA_BLCA,Stage III,NA,T3,N0,Transitional cell carcinoma,2011,NA,2.191780822,NA,NA,NA,75.4,173,25.19295666,white,male,74,319,539,1,1,Bladder Urothelial Carcinoma
TCGA-UY-A78M,TCGA_BLCA,Stage IV,NA,T2,N2,Transitional cell carcinoma,NA,No,NA,NA,NA,NA,55,153,23.49523687,asian,female,81,NA,690,0,1,Bladder Urothelial Carcinoma
TCGA-DK-A6B0,TCGA_BLCA,Stage II,NA,T2b,N0,Transitional cell carcinoma,2007,No,1.095890411,NA,NA,NA,79,167,28.32658037,white,male,61,2330,NA,1,0,Bladder Urothelial Carcinoma
TCGA-DK-AA6S,TCGA_BLCA,Stage III,NA,T3b,N0,Transitional cell carcinoma,2000,NA,NA,NA,NA,NA,100,170,34.60207612,white,male,60,5050,NA,1,0,Bladder Urothelial Carcinoma
TCGA-DK-AA75,TCGA_BLCA,Stage III,NA,T3,N0,Transitional cell carcinoma,2013,No,1.643835616,NA,NA,NA,85,177,27.13141179,white,male,82,NA,340,0,1,Bladder Urothelial Carcinoma
TCGA-E7-A5KF,TCGA_BLCA,Stage II,NA,T2a,N0,Transitional cell carcinoma,2012,No,1.369863014,NA,NA,NA,57,160,22.265625,asian,male,67,20,NA,1,0,Bladder Urothelial Carcinoma
TCGA-XF-AAMT,TCGA_BLCA,Stage IV,NA,T3b,N2,Transitional cell carcinoma,2006,No,0.547945205,NA,NA,NA,60,160,23.4375,white,female,75,NA,90,0,1,Bladder Urothelial Carcinoma
TCGA-FD-A3B5,TCGA_BLCA,Stage IV,NA,T2b,N1,Transitional cell carcinoma,2011,No,1.369863014,NA,NA,NA,72.57,177.8,22.95586224,black or african american,male,86,NA,272,0,1,Bladder Urothelial Carcinoma
TCGA-CU-A3QU,TCGA_BLCA,Stage IV,NA,T2b,N1,Transitional cell carcinoma,2011,No,0.821917808,NA,NA,NA,87,173,29.06879615,white,male,58,158,NA,1,0,Bladder Urothelial Carcinoma
TCGA-G2-A2EO,TCGA_BLCA,Stage III,NA,T3a,N0,Transitional cell carcinoma,2009,No,NA,NA,NA,NA,89.2,182,26.92911484,white,male,69,1072,1804,1,1,Bladder Urothelial Carcinoma
TCGA-E7-A97P,TCGA_BLCA,Stage II,NA,T2,NX,Transitional cell carcinoma,2013,No,NA,NA,NA,NA,45,160,17.578125,asian,male,73,13,437,1,1,Bladder Urothelial Carcinoma
TCGA-CF-A47S,TCGA_BLCA,Stage II,NA,T2,N0,Papillary transitional cell carcinoma,2011,No,NA,NA,NA,NA,63,172,21.29529475,asian,male,41,333,NA,1,0,Bladder Urothelial Carcinoma
TCGA-5N-A9KI,TCGA_BLCA,Stage III,NA,T4,NX,Transitional cell carcinoma,2011,No,3.287671233,NA,NA,NA,61,165,22.40587695,white,female,76,NA,76,0,1,Bladder Urothelial Carcinoma
TCGA-DK-A3IU,TCGA_BLCA,Stage II,NA,T2b,N0,Transitional cell carcinoma,2011,NA,3.287671233,NA,NA,NA,96.5,175.3,31.40244627,white,male,58,609,706,1,1,Bladder Urothelial Carcinoma
TCGA-DK-A2I4,TCGA_BLCA,Stage III,NA,T3b,N0,Papillary transitional cell carcinoma,2001,No,NA,NA,NA,NA,104,181,31.74506273,white,male,79,3835,NA,1,0,Bladder Urothelial Carcinoma
TCGA-BT-A3PK,TCGA_BLCA,Stage II,NA,T2b,N0,Transitional cell carcinoma,2011,NA,NA,NA,NA,NA,90,180,27.77777778,white,male,80,63,303,1,1,Bladder Urothelial Carcinoma
TCGA-FJ-A871,TCGA_BLCA,Stage III,NA,T3b,NX,Transitional cell carcinoma,2013,No,0.008219178,NA,NA,NA,78,177,24.89706023,white,male,49,NA,272,0,1,Bladder Urothelial Carcinoma
TCGA-FD-A6TF,TCGA_BLCA,Stage IV,NA,T3b,N2,Transitional cell carcinoma,2013,No,NA,NA,NA,NA,81,152,35.05886427,white,female,80,63,69,1,1,Bladder Urothelial Carcinoma
TCGA-FD-A6TG,TCGA_BLCA,Stage IV,NA,T3a,N2,Transitional cell carcinoma,2013,No,0.547945205,NA,NA,NA,76,174,25.10239133,white,male,73,81,93,1,1,Bladder Urothelial Carcinoma
TCGA-XF-A9SJ,TCGA_BLCA,Stage IV,NA,T3b,N2,Transitional cell carcinoma,2004,NA,3.01369863,NA,NA,NA,95,185,27.75748722,white,male,83,NA,98,0,1,Bladder Urothelial Carcinoma
TCGA-BL-A13I,TCGA_BLCA,Stage III,NA,T3,N0,Transitional cell carcinoma,2010,No,0.821917808,NA,NA,NA,51,157,20.69049454,white,female,57,NA,223,0,1,Bladder Urothelial Carcinoma
TCGA-K4-A54R,TCGA_BLCA,Stage II,NA,T2b,N0,Transitional cell carcinoma,2012,No,NA,NA,NA,NA,NA,NA,NA,white,male,59,842,NA,1,0,Bladder Urothelial Carcinoma
TCGA-UY-A8OD,TCGA_BLCA,Stage II,NA,T2b,N0,Transitional cell carcinoma,NA,No,NA,NA,NA,NA,NA,NA,NA,black or african american,female,68,3432,NA,1,0,Bladder Urothelial Carcinoma
TCGA-XF-A9SY,TCGA_BLCA,Stage IV,NA,T3b,N2,Transitional cell carcinoma,2006,NA,2.191780822,NA,NA,NA,64,168,22.67573696,white,female,60,640,NA,1,0,Bladder Urothelial Carcinoma
TCGA-4Z-AA7N,TCGA_BLCA,Stage III,NA,T3a,N0,Transitional cell carcinoma,2010,No,NA,NA,NA,NA,90,172,30.42184965,white,male,65,655,1367,1,1,Bladder Urothelial Carcinoma
TCGA-DK-A1A3,TCGA_BLCA,Stage IV,NA,T3,N2,Transitional cell carcinoma,2010,No,1.315068493,NA,NA,NA,76,183,22.69401893,white,male,60,77,665,1,1,Bladder Urothelial Carcinoma
TCGA-MV-A51V,TCGA_BLCA,Stage III,NA,T3a,N0,Papillary transitional cell carcinoma,2012,No,NA,NA,NA,NA,120,NA,NA,white,male,75,410,NA,1,0,Bladder Urothelial Carcinoma
TCGA-E7-A3Y1,TCGA_BLCA,Stage II,NA,NA,N0,Transitional cell carcinoma,2012,No,NA,NA,NA,NA,82,172,27.71768524,white,male,57,163,NA,1,0,Bladder Urothelial Carcinoma
TCGA-4Z-AA7Y,TCGA_BLCA,Stage II,NA,T2a,N0,Papillary transitional cell carcinoma,2010,No,NA,NA,NA,NA,78,166,28.30599506,white,male,60,1522,NA,1,0,Bladder Urothelial Carcinoma
TCGA-DK-AA6U,TCGA_BLCA,Stage II,NA,NA,N0,Transitional cell carcinoma,2013,No,0.821917808,NA,NA,NA,94,179,29.33741144,white,male,64,578,NA,1,0,Bladder Urothelial Carcinoma
TCGA-4Z-AA82,TCGA_BLCA,Stage IV,NA,T2a,N1,Transitional cell carcinoma,2010,No,NA,NA,NA,NA,61,176,19.69266529,black or african american,male,59,1538,1556,1,1,Bladder Urothelial Carcinoma
TCGA-4Z-AA87,TCGA_BLCA,Stage III,NA,T4a,N0,Transitional cell carcinoma,2010,No,NA,NA,NA,NA,52,155,21.64412071,black or african american,male,72,1454,NA,1,0,Bladder Urothelial Carcinoma
TCGA-FD-A3SP,TCGA_BLCA,Stage III,NA,T3b,N0,Transitional cell carcinoma,2012,No,0.657534247,NA,NA,NA,96,183,28.66612918,white,male,60,783,NA,1,0,Bladder Urothelial Carcinoma
TCGA-BT-A42E,TCGA_BLCA,Stage III,NA,T3a,N0,Papillary transitional cell carcinoma,2012,No,2.739726027,NA,NA,NA,83,170,28.71972318,white,male,74,1108,NA,1,0,Bladder Urothelial Carcinoma
TCGA-FD-A3SS,TCGA_BLCA,Stage IV,NA,T4,N3,Transitional cell carcinoma,2012,NA,1.643835616,NA,NA,NA,87,173,29.06879615,white,male,66,60,391,1,1,Bladder Urothelial Carcinoma
TCGA-ZF-A9R3,TCGA_BLCA,Stage II,NA,T2,NX,Transitional cell carcinoma,2012,No,1.589041096,NA,NA,NA,110,154,46.38218924,white,female,53,734,949,1,1,Bladder Urothelial Carcinoma
TCGA-XF-A9SG,TCGA_BLCA,Stage II,NA,T2a,N0,Transitional cell carcinoma,2006,No,NA,NA,NA,NA,85,163,31.99217133,NA,male,81,1479,NA,1,0,Bladder Urothelial Carcinoma
TCGA-GD-A3OP,TCGA_BLCA,Stage IV,NA,T4a,N2,Transitional cell carcinoma,2011,No,NA,NA,NA,NA,NA,NA,NA,white,female,84,64,NA,1,0,Bladder Urothelial Carcinoma
TCGA-4Z-AA7Q,TCGA_BLCA,Stage III,NA,T3a,NX,Transitional cell carcinoma,2012,No,NA,NA,NA,NA,65,164,24.1671624,white,male,79,NA,510,0,1,Bladder Urothelial Carcinoma
TCGA-GC-A3YS,TCGA_BLCA,Stage IV,NA,T3a,N1,Transitional cell carcinoma,2012,No,3.178082192,NA,NA,NA,81,185,23.66691015,white,male,61,758,NA,1,0,Bladder Urothelial Carcinoma
TCGA-DK-A1AB,TCGA_BLCA,Stage IV,NA,T4a,N2,Transitional cell carcinoma,2010,No,NA,NA,NA,NA,89,162,33.91251334,white,female,74,271,508,1,1,Bladder Urothelial Carcinoma
TCGA-5N-A9KM,TCGA_BLCA,Stage III,NA,T4a,N0,Transitional cell carcinoma,2012,No,1.643835616,NA,NA,NA,68,165,24.97704316,white,female,73,NA,530,0,1,Bladder Urothelial Carcinoma
TCGA-4Z-AA7S,TCGA_BLCA,Stage III,NA,T4a,N0,Transitional cell carcinoma,2010,No,NA,NA,NA,NA,NA,NA,NA,black or african american,male,66,NA,1064,0,1,Bladder Urothelial Carcinoma
TCGA-E7-A85H,TCGA_BLCA,Stage III,NA,T3,N0,Transitional cell carcinoma,2013,No,0.273972603,NA,NA,NA,48,168,17.00680272,asian,male,64,394,NA,1,0,Bladder Urothelial Carcinoma
TCGA-XF-A9T4,TCGA_BLCA,Stage IV,NA,T2b,N1,Transitional cell carcinoma,2008,No,NA,NA,NA,NA,80,180,24.69135802,white,male,48,NA,495,0,1,Bladder Urothelial Carcinoma
TCGA-GD-A2C5,TCGA_BLCA,Stage IV,NA,T3a,N2,Transitional cell carcinoma,2011,No,1.698630137,NA,NA,NA,54,149,24.32322868,white,female,53,812,NA,1,0,Bladder Urothelial Carcinoma
TCGA-ZF-A9RE,TCGA_BLCA,Stage II,NA,NA,NA,Transitional cell carcinoma,2010,No,NA,NA,NA,NA,62,165,22.77318641,white,female,78,NA,106,0,1,Bladder Urothelial Carcinoma
TCGA-C4-A0F6,TCGA_BLCA,Stage III,NA,T3b,N0,Transitional cell carcinoma,2008,No,1.917808219,NA,NA,NA,68,170,23.52941176,NA,female,82,700,NA,1,0,Bladder Urothelial Carcinoma
TCGA-UY-A78N,TCGA_BLCA,Stage IV,NA,T2,N1,Transitional cell carcinoma,NA,NA,1.369863014,NA,NA,NA,75,173,25.05930703,white,male,80,NA,2641,0,1,Bladder Urothelial Carcinoma
TCGA-FD-A62N,TCGA_BLCA,Stage III,NA,T3b,N0,Transitional cell carcinoma,2012,No,0.547945205,NA,NA,NA,84,182,25.35925613,asian,male,69,82,NA,1,0,Bladder Urothelial Carcinoma
TCGA-XF-A9SZ,TCGA_BLCA,Stage IV,NA,T3b,N2,Transitional cell carcinoma,2007,No,1.643835616,NA,NA,NA,77,170,26.64359862,white,male,79,NA,859,0,1,Bladder Urothelial Carcinoma
TCGA-GD-A76B,TCGA_BLCA,Stage II,NA,T2b,N0,Transitional cell carcinoma,2013,No,NA,NA,NA,NA,71,165,26.07897153,white,female,86,224,NA,1,0,Bladder Urothelial Carcinoma
TCGA-K4-A83P,TCGA_BLCA,Stage IV,NA,T4a,N1,Transitional cell carcinoma,2013,No,7.671232877,NA,NA,NA,100,173,33.41240937,white,male,77,495,NA,1,0,Bladder Urothelial Carcinoma
TCGA-E7-A6MD,TCGA_BLCA,Stage IV,NA,T4a,N1,Transitional cell carcinoma,2012,No,NA,NA,NA,NA,NA,NA,NA,white,male,66,129,NA,1,0,Bladder Urothelial Carcinoma
TCGA-FD-A5BX,TCGA_BLCA,Stage IV,NA,T3b,N1,Transitional cell carcinoma,2012,NA,6.082191781,NA,NA,NA,104,175,33.95918367,white,male,82,NA,173,0,1,Bladder Urothelial Carcinoma
TCGA-FD-A3B3,TCGA_BLCA,Stage III,NA,T3,N0,Papillary transitional cell carcinoma,2011,No,1.753424658,NA,NA,NA,104.33,170.18,36.02401948,white,female,74,392,974,1,1,Bladder Urothelial Carcinoma
TCGA-BT-A20X,TCGA_BLCA,Stage IV,NA,T4a,N2,Transitional cell carcinoma,2009,No,NA,NA,NA,NA,NA,NA,NA,white,male,56,NA,251,0,1,Bladder Urothelial Carcinoma
TCGA-DK-A2HX,TCGA_BLCA,Stage IV,NA,T3,N2,Transitional cell carcinoma,2010,NA,1.095890411,NA,NA,NA,52.5,147,24.29543246,white,female,80,55,1420,1,1,Bladder Urothelial Carcinoma
TCGA-XF-A8HB,TCGA_BLCA,Stage II,NA,T2b,N0,Papillary transitional cell carcinoma,2006,No,1.095890411,NA,NA,NA,73,175,23.83673469,NA,female,50,1370,NA,1,0,Bladder Urothelial Carcinoma
TCGA-BT-A20T,TCGA_BLCA,Stage IV,NA,T3b,N1,Transitional cell carcinoma,2007,No,NA,NA,NA,NA,NA,NA,NA,white,male,63,NA,453,0,1,Bladder Urothelial Carcinoma
TCGA-ZF-AA54,TCGA_BLCA,Stage III,NA,T3,NX,Transitional cell carcinoma,2009,No,NA,NA,NA,NA,81,169,28.36035153,white,male,71,NA,590,0,1,Bladder Urothelial Carcinoma
TCGA-FD-A43N,TCGA_BLCA,Stage III,NA,T3a,N0,Transitional cell carcinoma,2011,No,6.136986301,NA,NA,NA,107,173,35.75127802,white,male,76,699,NA,1,0,Bladder Urothelial Carcinoma
TCGA-ZF-A9R1,TCGA_BLCA,Stage IV,NA,T3b,N1,Transitional cell carcinoma,2013,No,NA,NA,NA,NA,83,165,30.48668503,white,male,81,773,NA,1,0,Bladder Urothelial Carcinoma
TCGA-ZF-A9R2,TCGA_BLCA,Stage II,NA,T2b,N0,Papillary transitional cell carcinoma,2013,NA,3.178082192,NA,NA,NA,63,177,20.10916403,white,male,75,642,NA,1,0,Bladder Urothelial Carcinoma
TCGA-GC-A3I6,TCGA_BLCA,Stage III,NA,T3a,N0,Transitional cell carcinoma,2011,No,NA,NA,NA,NA,81,172,27.37966468,white,male,45,68,630,1,1,Bladder Urothelial Carcinoma
TCGA-FD-A3SJ,TCGA_BLCA,Stage IV,NA,T2b,N2,Transitional cell carcinoma,2010,NA,2.191780822,NA,NA,NA,79,178,24.93372049,white,male,59,NA,739,0,1,Bladder Urothelial Carcinoma
TCGA-G2-A3IB,TCGA_BLCA,Stage II,NA,NA,NX,Transitional cell carcinoma,2008,No,NA,NA,NA,NA,83.6,165,30.70707071,black or african american,male,66,214,220,1,1,Bladder Urothelial Carcinoma
TCGA-K4-A4AC,TCGA_BLCA,Stage II,NA,T2b,N0,Transitional cell carcinoma,2012,No,NA,NA,NA,NA,NA,NA,NA,white,male,83,197,278,1,1,Bladder Urothelial Carcinoma
TCGA-DK-A1AG,TCGA_BLCA,Stage III,NA,T3,N0,Transitional cell carcinoma,2010,No,NA,NA,NA,NA,94,190,26.03878116,white,male,65,475,NA,1,0,Bladder Urothelial Carcinoma
TCGA-KQ-A41Q,TCGA_BLCA,Stage III,NA,T3b,N0,Transitional cell carcinoma,2009,NA,NA,NA,NA,NA,68,168,24.09297052,white,male,89,361,NA,1,0,Bladder Urothelial Carcinoma
TCGA-KQ-A41R,TCGA_BLCA,Stage II,NA,T2,N0,Transitional cell carcinoma,2011,No,1.095890411,NA,NA,NA,NA,NA,NA,white,female,80,1350,NA,1,0,Bladder Urothelial Carcinoma
TCGA-K4-A5RJ,TCGA_BLCA,Stage II,NA,T2b,N0,Papillary transitional cell carcinoma,2012,No,NA,NA,NA,NA,NA,NA,NA,white,male,75,539,NA,1,0,Bladder Urothelial Carcinoma
TCGA-FD-A43P,TCGA_BLCA,Stage II,NA,T2a,N0,Transitional cell carcinoma,2012,NA,2.410958904,NA,NA,NA,150,178,47.34250726,black or african american,male,74,832,NA,1,0,Bladder Urothelial Carcinoma
TCGA-ZF-AA4X,TCGA_BLCA,Stage II,NA,T2,NX,Transitional cell carcinoma,2009,No,NA,NA,NA,NA,73,175,23.83673469,white,male,56,2044,NA,1,0,Bladder Urothelial Carcinoma
TCGA-CF-A1HS,TCGA_BLCA,Stage III,NA,T3,N0,Squamous cell carcinoma_ NOS,2010,No,NA,NA,NA,NA,52,154,21.92612582,asian,female,75,382,NA,1,0,Bladder Urothelial Carcinoma
TCGA-S5-A6DX,TCGA_BLCA,Stage IV,NA,T4a,N2,Transitional cell carcinoma,2013,No,3.835616438,NA,NA,NA,92,175,30.04081633,white,male,83,NA,56,0,1,Bladder Urothelial Carcinoma
TCGA-BT-A42C,TCGA_BLCA,Stage II,NA,NA,N0,Papillary transitional cell carcinoma,2011,NA,7.232876712,NA,NA,NA,59,152,25.5367036,white,male,64,873,NA,1,0,Bladder Urothelial Carcinoma
TCGA-YF-AA3L,TCGA_BLCA,Stage II,NA,T2b,N0,Transitional cell carcinoma,2013,No,3.287671233,NA,NA,NA,112,183,33.44381737,NA,female,47,364,NA,1,0,Bladder Urothelial Carcinoma
TCGA-XF-A8HD,TCGA_BLCA,Stage III,NA,T3a,N0,Transitional cell carcinoma,2006,No,0.657534247,NA,NA,NA,77,180,23.7654321,white,male,77,2964,NA,1,0,Bladder Urothelial Carcinoma
TCGA-CF-A47Y,TCGA_BLCA,Stage II,NA,T2,N0,Papillary transitional cell carcinoma,2012,No,NA,NA,NA,NA,68,170,23.52941176,asian,male,55,373,NA,1,0,Bladder Urothelial Carcinoma
TCGA-4Z-AA80,TCGA_BLCA,Stage II,NA,T2a,N0,Papillary transitional cell carcinoma,2012,No,NA,NA,NA,NA,92,178,29.03673779,white,male,73,NA,19,0,1,Bladder Urothelial Carcinoma
TCGA-DK-AA74,TCGA_BLCA,Stage III,NA,T3,N0,Transitional cell carcinoma,2010,NA,1.863013699,NA,NA,NA,95,174,31.37798917,white,male,75,1708,NA,1,0,Bladder Urothelial Carcinoma
TCGA-4Z-AA7W,TCGA_BLCA,Stage II,NA,T2a,N0,Transitional cell carcinoma,2012,No,NA,NA,NA,NA,67,166,24.31412397,white,male,55,840,NA,1,0,Bladder Urothelial Carcinoma
TCGA-UY-A78L,TCGA_BLCA,Stage IV,NA,NA,N1,Papillary transitional cell carcinoma,NA,No,NA,NA,NA,NA,92,170,31.83391003,white,male,62,1127,NA,1,0,Bladder Urothelial Carcinoma
TCGA-E7-A677,TCGA_BLCA,Stage II,NA,T2b,N0,Transitional cell carcinoma,2012,No,NA,NA,NA,NA,41,155,17.06555671,asian,male,81,820,NA,1,0,Bladder Urothelial Carcinoma
TCGA-DK-A1A7,TCGA_BLCA,Stage IV,NA,T3,N2,Transitional cell carcinoma,2010,No,NA,NA,NA,NA,48,148,21.9138057,white,female,67,560,NA,1,0,Bladder Urothelial Carcinoma
TCGA-G2-A2EL,TCGA_BLCA,Stage II,NA,NA,N0,Transitional cell carcinoma,2009,No,2.191780822,NA,NA,NA,89,179,27.77691083,white,male,77,NA,819,0,1,Bladder Urothelial Carcinoma
TCGA-G2-A2EF,TCGA_BLCA,Stage II,NA,NA,N0,Transitional cell carcinoma,2007,No,1.917808219,NA,NA,NA,73,172.7,24.47587266,white,male,50,1884,NA,1,0,Bladder Urothelial Carcinoma
TCGA-CU-A0YO,TCGA_BLCA,Stage IV,NA,T3a,N2,Papillary transitional cell carcinoma,2009,NA,NA,NA,NA,NA,NA,NA,NA,white,male,84,NA,149,0,1,Bladder Urothelial Carcinoma
TCGA-E7-A541,TCGA_BLCA,Stage II,NA,T2b,N0,Papillary transitional cell carcinoma,2012,No,NA,NA,NA,NA,NA,NA,NA,white,male,66,529,778,1,1,Bladder Urothelial Carcinoma
TCGA-XF-A9SM,TCGA_BLCA,Stage III,NA,T3b,N0,Transitional cell carcinoma,2004,NA,0.657534247,NA,NA,NA,110,169,38.51405763,white,male,76,1048,NA,1,0,Bladder Urothelial Carcinoma
TCGA-CU-A3KJ,TCGA_BLCA,Stage III,NA,T3b,N0,Transitional cell carcinoma,2011,NA,3.287671233,NA,NA,NA,75,177,23.93948099,white,male,75,562,NA,1,0,Bladder Urothelial Carcinoma
TCGA-UY-A9PD,TCGA_BLCA,Stage III,NA,T3a,N0,Transitional cell carcinoma,NA,No,NA,NA,NA,NA,68,173,22.72043837,white,male,80,542,NA,1,0,Bladder Urothelial Carcinoma
TCGA-GU-AATP,TCGA_BLCA,Stage IV,NA,T2,N2,Transitional cell carcinoma,2012,NA,0.767123288,NA,NA,NA,118,185,34.47772096,white,male,74,1003,NA,1,0,Bladder Urothelial Carcinoma